{
  "Araw": -0.0027364495074390888,
  "Nminus": 49469.0,
  "Nplus": 49199.0,
  "best_cuts": {
    "W2H": 1.4000000000000001,
    "W2L": -1.94,
    "dyH": 0.6,
    "dyL": -0.55,
    "eL": 0.11,
    "tH": 122.45,
    "tL": 113.67
  },
  "best_score": -0.005882866976344098,
  "best_sigma_phys": 0.005882866976344098,
  "coeff_pdf_fit": {
    "cB": 34066.10915563578,
    "cN": 9518.457698500633,
    "cP": 56581.09489710842
  },
  "coin_time_cut_applied_to": "data_only",
  "counts_after_cuts": {
    "nB": 80575,
    "nData": 98668,
    "nN": 110514,
    "nP": 262815
  },
  "cut_step": 0.01,
  "dx_window": [
    -0.4,
    0.4
  ],
  "fn": 0.5411543865843111,
  "local_refine": false,
  "params": {
    "N": 56581.09489710842,
    "Nbg": 0.6020758208653316,
    "R": 0.16822682056276494
  },
  "sigma_Araw": 0.0031835392699405916,
  "yields_in_dx_window": {
    "Nn_window": 7808.538580696044,
    "Ntot_window": 14429.410117106172
  }
}