{
  "Araw": 0.001037209905354596,
  "Nminus": 7705.0,
  "Nplus": 7721.0,
  "best_cuts": {
    "W2H": 1.3800000000000001,
    "W2L": -1.82,
    "dyH": 0.3,
    "dyL": -0.3,
    "eL": 0.34,
    "tH": 189.72,
    "tL": 180.22
  },
  "best_score": -0.012492298871607915,
  "best_sigma_phys": 0.012492298871607915,
  "coeff_pdf_fit": {
    "cB": 3664.345414007036,
    "cN": 1579.4580912549222,
    "cP": 8778.491163195187
  },
  "coin_time_cut_applied_to": "data_only",
  "counts_after_cuts": {
    "nB": 41270,
    "nData": 15426,
    "nN": 99951,
    "nP": 267221
  },
  "cut_step": 0.01,
  "dx_window": [
    -0.4,
    0.4
  ],
  "fn": 0.644511598049608,
  "local_refine": false,
  "params": {
    "N": 8778.491163195187,
    "Nbg": 0.4174231477694273,
    "R": 0.17992364085037507
  },
  "sigma_Araw": 0.008051431509053332,
  "yields_in_dx_window": {
    "Nn_window": 1445.7939082100672,
    "Ntot_window": 2243.2395516004112
  }
}