cut_value,A,Aerr,Nplus,Nminus
-2,0.00626485,0.0103928,4658,4600
-1.8,0.00533711,0.0104364,4615,4566
-1.6,0.00681169,0.0104815,4582,4520
-1.4,0.00664305,0.010522,4546,4486
-1.2,0.00816829,0.0105777,4505,4432
-1,0.00893766,0.0106361,4459,4380
-0.8,0.00766327,0.0106944,4405,4338
-0.6,0.00904662,0.0107691,4350,4272
-0.4,0.00885165,0.0108634,4274,4199
-0.2,0.00831626,0.010978,4183,4114
0,0.00963439,0.0111133,4087,4009
