cut_value,A,Aerr,Nplus,Nminus
-2,-0.00224611,0.00895644,6219,6247
-1.8,-0.000817261,0.00904024,6113,6123
-1.6,-0.00150301,0.00913784,5979,5997
-1.4,-0.00102599,0.00924658,5842,5854
-1.2,8.75733e-05,0.00935806,5710,5709
-1,0.00206742,0.00948089,5574,5551
-0.8,0.00360877,0.00961932,5423,5384
-0.6,0.00573066,0.00977281,5265,5205
-0.4,0.00425195,0.00994388,5078,5035
-0.2,0.00443528,0.010156,4869,4826
0,0.00140132,0.0103824,4645,4632
