cut_value,A,Aerr,Nplus,Nminus
1,0.00147991,0.00616005,13196,13157
1.1,0.00277261,0.00592419,14286,14207
1.2,-0.000356391,0.00569203,15427,15438
1.3,-0.00269155,0.00546863,16674,16764
1.4,-0.0037713,0.00524665,18095,18232
1.5,-0.00459263,0.00503717,19615,19796
1.6,-0.00296155,0.00482898,21378,21505
1.7,-0.000920042,0.00462561,23347,23390
1.8,0.000176509,0.00442855,25499,25490
1.9,0.000717978,0.00423668,27876,27836
2,0.0032745,0.00404627,30639,30439
