cut_value,A,Aerr,Nplus,Nminus
1,0.0550692,0.00262676,76224,68267
1.1,0.0556677,0.00231961,97796,87482
1.2,0.0530599,0.00209545,119576,107526
1.3,0.051646,0.00192959,140848,127014
1.4,0.051646,0.00192959,140848,127014
1.5,0.051646,0.00192959,140848,127014
1.6,0.051646,0.00192959,140848,127014
1.7,0.051646,0.00192959,140848,127014
1.8,0.051646,0.00192959,140848,127014
1.9,0.051646,0.00192959,140848,127014
2,0.051646,0.00192959,140848,127014
