cut_value,A,Aerr,Nplus,Nminus
1,0.00624794,0.0128224,3060,3022
1.1,0.00661844,0.0124061,3270,3227
1.2,0.000143988,0.0119995,3473,3472
1.3,0.00417508,0.0116051,3728,3697
1.4,0.00201056,0.0112098,3987,3971
1.5,0.00376648,0.010849,4264,4232
1.6,-0.00219202,0.010469,4552,4572
1.7,-0.00101502,0.0100748,4921,4931
1.8,-0.00403642,0.00968859,5305,5348
1.9,-0.00216506,0.00930603,5761,5786
2,-0.00224611,0.00895644,6219,6247
