cut_value,A,Aerr,Nplus,Nminus
0.025,0.0032745,0.00404627,30639,30439
0.075,0.00402052,0.0044503,25347,25144
0.125,0.00718204,0.00550476,16618,16381
0.175,0.0102928,0.00756148,8834,8654
0.225,0.00545718,0.0105531,4514,4465
0.275,0.0151261,0.0144926,2416,2344
0.325,0.0177694,0.019441,1346,1299
0.375,-0.00254777,0.0252376,783,787
0.425,-0.033033,0.0316213,483,516
0.475,-0.0469208,0.0382498,325,357
0.525,-0.0464646,0.0448981,236,259
