cut_value,A,Aerr,Nplus,Nminus
0.025,0.00626485,0.0103928,4658,4600
0.075,0.0018543,0.0115087,3782,3768
0.125,-0.000167029,0.012924,2993,2994
0.175,-0.00257551,0.0153015,2130,2141
0.225,0.00468131,0.0189761,1395,1382
0.275,-0.00808314,0.0240277,859,873
0.325,-0.00366972,0.0302889,543,547
0.375,-0.0183876,0.0376025,347,360
0.425,0.00414938,0.0455484,242,240
0.475,-0.0147493,0.0543066,167,172
0.525,-0.0241935,0.0634815,121,127
