cut_value,A,Aerr,Nplus,Nminus
1,-0.0079139,0.0177915,1567,1592
1.1,-0.00199147,0.0168669,1754,1761
1.2,-0.00179166,0.0159984,1950,1957
1.3,0.00484876,0.015195,2176,2155
1.4,0.00994613,0.0143941,2437,2389
1.5,0.00928678,0.0136279,2717,2667
1.6,0.0152915,0.0129615,3021,2930
1.7,0.0138138,0.0122524,3376,3284
1.8,0.00579593,0.0116097,3731,3688
1.9,0.00505659,0.0109723,4174,4132
2,0.00626485,0.0103928,4658,4600
