cut_value,A,Aerr,Nplus,Nminus
-2,0.0273613,0.00353655,41040,38854
-1.8,0.0271793,0.00354512,40835,38674
-1.6,0.0274051,0.00355486,40620,38453
-1.4,0.027122,0.00356707,40332,38202
-1.2,0.0273503,0.00358119,40023,37892
-1,0.0278444,0.00359817,39664,37515
-0.8,0.0280996,0.00361881,39222,37078
-0.6,0.0290392,0.00364405,38714,36529
-0.4,0.028852,0.00367631,38031,35898
-0.2,0.028872,0.00371878,37168,35082
0,0.0287494,0.00377851,35998,33986
