cut_value,A,Aerr,Nplus,Nminus
0.025,0.0425465,0.00137953,273412,251096
0.075,0.043388,0.00144348,249905,229121
0.125,0.0451228,0.0017031,179793,164268
0.175,0.0473499,0.0022724,101185,92036
0.225,0.0470127,0.00315787,52381,47677
0.275,0.0478253,0.00445239,26368,23961
0.325,0.0441217,0.00625088,13335,12208
0.375,0.0387337,0.00871685,6825,6316
0.425,0.0522409,0.0119309,3686,3320
0.475,0.0502028,0.0159032,2071,1873
0.525,0.0606193,0.0208448,1216,1077
