cut_value,A,Aerr,Nplus,Nminus
-2,0.0425465,0.00137953,273412,251096
-1.8,0.0425385,0.00137968,273351,251044
-1.6,0.0425476,0.00137988,273271,250966
-1.4,0.0425679,0.00138018,273158,250852
-1.2,0.0426299,0.00138063,272997,250673
-1,0.0426662,0.00138127,272750,250428
-0.8,0.0427967,0.00138202,272488,250122
-0.6,0.0428678,0.00138294,272140,249767
-0.4,0.0428686,0.00138407,271697,249360
-0.2,0.0428392,0.00138555,271109,248835
0,0.0428874,0.00138776,270258,248030
