cut_value,A,Aerr,Nplus,Nminus
0.025,0.0209183,0.00931451,5881,5640
0.075,0.0209183,0.00931451,5881,5640
0.125,0.0209183,0.00931451,5881,5640
0.175,0.0209183,0.00931451,5881,5640
0.225,0.0209183,0.00931451,5881,5640
0.275,0.0209183,0.00931451,5881,5640
0.325,0.0209183,0.00931451,5881,5640
0.375,0.0195666,0.0102546,4846,4660
0.425,0.0240372,0.0113648,3962,3776
0.475,0.0221012,0.0126521,3191,3053
0.525,0.0217347,0.0142489,2515,2408
