width,A,Aerr,Nplus,Nminus
1,0.02142,0.00693633,10610,10165
2,0.0171877,0.00476428,22400,21643
3,0.0202734,0.00375531,36159,34722
4,0.0203083,0.00314068,51698,49640
5,0.0208069,0.00272491,68710,65909
6,0.0211532,0.00235636,91914,88106
7,0.0256063,0.00192718,137982,131092
