width,A,Aerr,Nplus,Nminus
1,0.0262123,0.018095,1566,1486
2,0.0364156,0.0137987,2718,2527
3,0.038232,0.0126918,3218,2981
4,0.0343569,0.0123224,3402,3176
5,0.035614,0.0121486,3504,3263
6,0.0349022,0.0120269,3573,3332
7,0.0352605,0.0119406,3626,3379
