width,A,Aerr,Nplus,Nminus
1,-0.00961342,0.00213188,108945,111060
2,-0.00934121,0.00160653,191902,195521
3,-0.0083093,0.0014302,242394,246456
4,-0.00824068,0.00135035,271929,276448
5,-0.00755295,0.00130276,292362,296812
6,-0.00721825,0.00126959,307947,312425
7,-0.00733393,0.00124398,320718,325457
