width,A,Aerr,Nplus,Nminus
1,-0.00817566,0.00623932,12738,12948
2,-0.0110296,0.0045025,24389,24933
3,-0.00604545,0.00383518,33787,34198
4,-0.00712274,0.00353799,39658,40227
5,-0.00749611,0.00339325,43097,43748
6,-0.00728009,0.00330861,45340,46005
7,-0.00597521,0.00325484,46913,47477
