{
  "best_cuts": {
    "W2H": 1.1,
    "W2L": -1.7000000000000002,
    "dyH": 0.35000000000000003,
    "dyL": -0.25,
    "eL": 0.15000000000000002,
    "tH": 122.25,
    "tL": 114.5
  },
  "best_fom": 58.08556426377402,
  "coeff_pdf_fit": {
    "cB": 15044.238711798223,
    "cN": 6407.451359229144,
    "cP": 32377.129245560416
  },
  "coin_time_cut_applied_to": "data_only",
  "counts_after_cuts": {
    "nB": 28906,
    "nData": 55644,
    "nN": 69318,
    "nP": 164761
  },
  "cut_step": 0.05,
  "dx_window": [
    -0.4,
    0.4
  ],
  "local_refine": true,
  "params": {
    "N": 32377.129245560416,
    "Nbg": 0.464656350403923,
    "R": 0.19790053993461265
  },
  "yields_in_dx_window": {
    "Nbkg": 3285.423424065207,
    "Nn": 5419.345437125322
  }
}