dataset,panel,paper,Q2,value,stat_err,sys_err,total_err
previous_measurement,ratio,Warren et el.,0.5,0.15407139257255467,0.008721022221088,0.008721022221088,0.012333387902819782
previous_measurement,GEn,Warren et el.,0.5,0.053,0.003,0.003,0.004242640687119285
previous_measurement,ratio,Warren et el.,1.0,0.25270937319517656,0.028078819243908506,0.022463055395126805,0.03595843361183329
previous_measurement,GEn,Warren et el.,1.0,0.045,0.005,0.004,0.006403124237432849
previous_measurement,ratio,Passchier et el.,0.21,0.11428142713434633,0.025973051621442346,0.006926147099051293,0.02688067938441671
previous_measurement,GEn,Passchier et el.,0.21,0.066,0.015,0.004,0.015524174696260024
previous_measurement,ratio,Geis et el.,0.142,0.051,0.007,0.003,0.007615773105863909
previous_measurement,GEn,Geis et el.,0.142,0.03507,0.005,0.00215,0.005442655601817921
previous_measurement,ratio,Geis et el.,0.203,0.07,0.008,0.004,0.008944271909999158
previous_measurement,GEn,Geis et el.,0.203,0.04203,0.00508,0.00236,0.005601428389259297
previous_measurement,ratio,Geis et el.,0.291,0.102,0.013,0.005,0.01392838827718412
previous_measurement,GEn,Geis et el.,0.291,0.05142,0.00639,0.00231,0.006794718537216976
previous_measurement,ratio,Geis et el.,0.415,0.117,0.018,0.005,0.018681541692269404
previous_measurement,GEn,Geis et el.,0.415,0.04664,0.00725,0.00207,0.007539721480267027
previous_measurement,ratio,Zhu et el.,0.495,0.13361014727780873,0.017768534266651592,0.009836152897610702,0.020309375022642802
previous_measurement,GEn,Zhu et el.,0.495,0.04632,0.00616,0.00341,0.007040859322554314
previous_measurement,ratio,Meyerhoff et el.,0.31,0.07380267087109664,0.025303772870090273,0.010543238695870948,0.02741242060926446
previous_measurement,GEn,Meyerhoff et el.,0.31,0.035,0.012,0.005,0.013000000000000001
previous_measurement,ratio,Rohe et el.,0.67,0.19367627289654368,0.04096998080503809,0.018622718547744586,0.04500383287314203
previous_measurement,GEn,Rohe et el.,0.67,0.052,0.011,0.005,0.012083045973594572
previous_measurement,ratio,Bermuth et el.,0.67,0.15643083580105452,0.03724543709548917,0.007449087419097835,0.03798304210843837
previous_measurement,GEn,Bermuth et el.,0.67,0.042,0.01,0.002,0.01019803902718557
previous_measurement,ratio,Riordan et el.,1.72,0.273,0.02,0.03,0.03605551275463989
previous_measurement,GEn,Riordan et el.,1.72,0.0236,0.0017,0.0026,0.0031064449134018133
previous_measurement,ratio,Riordan et el.,2.48,0.412,0.048,0.036,0.06
previous_measurement,GEn,Riordan et el.,2.48,0.0208,0.0024,0.0019,0.0030610455730027933
previous_measurement,ratio,Riordan et el.,3.41,0.496,0.067,0.046,0.08127115109311545
previous_measurement,GEn,Riordan et el.,3.41,0.0147,0.002,0.0014,0.0024413111231467405
previous_measurement,ratio,Schlimme et el.,1.58,0.25,0.058,0.017,0.060440052945046306
previous_measurement,GEn,Schlimme et el.,1.58,0.024,0.006,0.002,0.006324555320336759
previous_measurement,ratio,Sulkosky et el.,0.98,0.22505300104363712,0.04391278069144138,0.010978195172860345,0.04526425827634913
previous_measurement,GEn,Sulkosky et el.,0.98,0.041,0.008,0.002,0.00824621125123532
previous_measurement,ratio,Eden et el.,0.255,0.1252684452678463,0.0683282428733707,0.017082060718342677,0.07043114064494115
previous_measurement,GEn,Eden et el.,0.255,0.066,0.036,0.009,0.03710795063055894
previous_measurement,ratio,Herberg et el.,0.15,0.07279044049486125,0.010615272572167267,0.0075823375515480474,0.01304514678058558
previous_measurement,GEn,Herberg et el.,0.15,0.048,0.007,0.005,0.008602325267042627
previous_measurement,ratio,Ostrick et el.,0.34,0.13585762404829788,0.015590219153083363,0.013363044988357168,0.020533531225827302
previous_measurement,GEn,Ostrick et el.,0.34,0.061,0.007,0.006,0.009219544457292887
previous_measurement,ratio,Madey et el.,0.45,0.147707206611207,0.016113513448495313,0.005371171149498437,0.016985134534999825
previous_measurement,GEn,Madey et el.,0.45,0.055,0.006,0.002,0.006324555320336759
previous_measurement,ratio,Madey et el.,1.13,0.2526014049972401,0.019430877307480006,0.006476959102493336,0.02048194307563891
previous_measurement,GEn,Madey et el.,1.13,0.039,0.003,0.001,0.0031622776601683794
previous_measurement,ratio,Madey et el.,1.45,0.3646342442675718,0.035574072611470414,0.008893518152867604,0.0366689147276212
previous_measurement,GEn,Madey et el.,1.45,0.041,0.004,0.001,0.00412310562561766
previous_measurement,ratio,Glazier et el.,0.3,0.113834579934037,0.012418317810985856,0.004139439270328619,0.013090056330183888
previous_measurement,GEn,Glazier et el.,0.3,0.055,0.006,0.002,0.006324555320336759
previous_measurement,ratio,Glazier et el.,0.59,0.15970152512497743,0.023289805747392544,0.0066542302135407265,0.02422176359157353
previous_measurement,GEn,Glazier et el.,0.59,0.048,0.007,0.002,0.007280109889280519
previous_measurement,ratio,Glazier et el.,0.79,0.2051288801780318,0.03927999833196353,0.013093332777321177,0.04140475373887316
previous_measurement,GEn,Glazier et el.,0.79,0.047,0.009,0.003,0.009486832980505138
previous_measurement,ratio,Plaster et el.,0.45,0.147707206611207,0.016113513448495313,0.005371171149498437,0.016985134534999825
previous_measurement,GEn,Plaster et el.,0.45,0.055,0.006,0.002,0.006324555320336759
previous_measurement,ratio,Plaster et el.,1.13,0.25907836409973345,0.019430877307480006,0.006476959102493336,0.02048194307563891
previous_measurement,GEn,Plaster et el.,1.13,0.04,0.003,0.001,0.0031622776601683794
previous_measurement,ratio,Plaster et el.,1.45,0.3735277624204394,0.035574072611470414,0.008893518152867604,0.0366689147276212
previous_measurement,GEn,Plaster et el.,1.45,0.042,0.004,0.001,0.00412310562561766
this_work,ratio,This Work,2.99,0.4865,0.0404,0.0361,0.05417905499360431
this_work,ratio,This Work,6.81,0.7587,0.1247,0.0321,0.12876529035419446
this_work,ratio,This Work,9.81,0.6112,0.259,0.067,0.2675256997000475
this_work,GEn,This Work,2.99,0.0179,0.0015,0.0013,0.0019849433241279205
this_work,GEn,This Work,6.81,0.0057,0.0009,0.0003,0.0009486832980505138
this_work,GEn,This Work,9.81,0.002,0.0009,0.0003,0.0009486832980505138
global_fit_ye,ratio,Ye,1e-06,4.968463987385596e-07,,9.395176763455226e-09,9.395176763455226e-09
global_fit_ye,ratio,Ye,1.0116e-06,5.025996010398404e-07,,9.504040807189725e-09,9.504040807189725e-09
global_fit_ye,ratio,Ye,1.0233e-06,5.084194033677613e-07,,9.61416585143525e-09,9.61416585143525e-09
global_fit_ye,ratio,Ye,1.0351e-06,5.143066057226423e-07,,9.725566896198035e-09,9.725566896198035e-09
global_fit_ye,ratio,Ye,1.0471e-06,5.202619081047634e-07,,9.838257941483915e-09,9.838257941483915e-09
global_fit_ye,ratio,Ye,1.0593e-06,5.262863105145243e-07,,9.95225598729995e-09,9.95225598729995e-09
global_fit_ye,ratio,Ye,1.0715e-06,5.323803129521252e-07,,1.0067574033651581e-08,1.0067574033651581e-08
global_fit_ye,ratio,Ye,1.0839e-06,5.38545015418006e-07,,1.0184234080547887e-08,1.0184234080547887e-08
global_fit_ye,ratio,Ye,1.0965e-06,5.447810179124072e-07,,1.0302234127988351e-08,1.0302234127988351e-08
global_fit_ye,ratio,Ye,1.1092e-06,5.510893204357281e-07,,1.0421614175989238e-08,1.0421614175989238e-08
global_fit_ye,ratio,Ye,1.122e-06,5.574705229882093e-07,,1.0542364224546864e-08,1.0542364224546864e-08
global_fit_ye,ratio,Ye,1.135e-06,5.639257255702902e-07,,1.0664524273677519e-08,1.0664524273677519e-08
global_fit_ye,ratio,Ye,1.1482e-06,5.704556281822513e-07,,1.0788094323381531e-08,1.0788094323381531e-08
global_fit_ye,ratio,Ye,1.1614e-06,5.770612308244924e-07,,1.091309437366723e-08,1.091309437366723e-08
global_fit_ye,ratio,Ye,1.1749e-06,5.837432334972935e-07,,1.1039554424546939e-08,1.1039554424546939e-08
global_fit_ye,ratio,Ye,1.1885e-06,5.905026362010545e-07,,1.1167464476017032e-08,1.1167464476017032e-08
global_fit_ye,ratio,Ye,1.2023e-06,5.973403986701992e-07,,1.1296865657780877e-08,1.1296865657780877e-08
global_fit_ye,ratio,Ye,1.2162e-06,6.04257202128601e-07,,1.1427765723558821e-08,1.1427765723558821e-08
global_fit_ye,ratio,Ye,1.2303e-06,6.112542056271029e-07,,1.1560185790108277e-08,1.1560185790108277e-08
global_fit_ye,ratio,Ye,1.2445e-06,6.183321091660546e-07,,1.1694135857434633e-08,1.1694135857434633e-08
global_fit_ye,ratio,Ye,1.2589e-06,6.254920127460063e-07,,1.1829635925548317e-08,1.1829635925548317e-08
global_fit_ye,ratio,Ye,1.2735e-06,6.327349163674583e-07,,1.196670599445976e-08,1.196670599445976e-08
global_fit_ye,ratio,Ye,1.2882e-06,6.400615200307599e-07,,1.2105366064179406e-08,1.2105366064179406e-08
global_fit_ye,ratio,Ye,1.3032e-06,6.474731237365618e-07,,1.2245636134717719e-08,1.2245636134717719e-08
global_fit_ye,ratio,Ye,1.3183e-06,6.549704274852138e-07,,1.2387526206080182e-08,1.2387526206080182e-08
global_fit_ye,ratio,Ye,1.3335e-06,6.625546312773157e-07,,1.2531066278282278e-08,1.2531066278282278e-08
global_fit_ye,ratio,Ye,1.349e-06,6.702266351133176e-07,,1.267625635132455e-08,1.267625635132455e-08
global_fit_ye,ratio,Ye,1.3646e-06,6.779874389937194e-07,,1.2823146425232485e-08,1.2823146425232485e-08
global_fit_ye,ratio,Ye,1.3804e-06,6.858381429190713e-07,,1.2971726500001678e-08,1.2971726500001678e-08
global_fit_ye,ratio,Ye,1.3964e-06,6.937797468898733e-07,,1.3122036575652665e-08,1.3122036575652665e-08
global_fit_ye,ratio,Ye,1.4125e-06,7.018132509066254e-07,,1.3274076652186065e-08,1.3274076652186065e-08
global_fit_ye,ratio,Ye,1.4289e-06,7.099398549699274e-07,,1.3427886729622466e-08,1.3427886729622466e-08
global_fit_ye,ratio,Ye,1.4454e-06,7.181605590802794e-07,,1.3583476807967511e-08,1.3583476807967511e-08
global_fit_ye,ratio,Ye,1.4622e-06,7.264764358858616e-07,,1.3740878261325355e-08,1.3740878261325355e-08
global_fit_ye,ratio,Ye,1.4791e-06,7.348886409331846e-07,,1.3900098357446675e-08,1.3900098357446675e-08
global_fit_ye,ratio,Ye,1.4962e-06,7.433982460389477e-07,,1.4061158454692676e-08,1.4061158454692676e-08
global_fit_ye,ratio,Ye,1.5136e-06,7.520063512038108e-07,,1.422408855308206e-08,1.422408855308206e-08
global_fit_ye,ratio,Ye,1.5311e-06,7.60714056428434e-07,,1.4388898652621607e-08,1.4388898652621607e-08
global_fit_ye,ratio,Ye,1.5488e-06,7.695226617135971e-07,,1.4555628753336064e-08,1.4555628753336064e-08
global_fit_ye,ratio,Ye,1.5668e-06,7.784332670599603e-07,,1.4724288855232255e-08,1.4724288855232255e-08
global_fit_ye,ratio,Ye,1.5849e-06,7.874470724682436e-07,,1.4894898958322996e-08,1.4894898958322996e-08
global_fit_ye,ratio,Ye,1.6032e-06,7.965652779391669e-07,,1.5067489062627167e-08,1.5067489062627167e-08
global_fit_ye,ratio,Ye,1.6218e-06,8.057889834733901e-07,,1.5242079168157676e-08,1.5242079168157676e-08
global_fit_ye,ratio,Ye,1.6406e-06,8.151195890717534e-07,,1.5418689274927397e-08,1.5418689274927397e-08
global_fit_ye,ratio,Ye,1.6596e-06,8.245581947349168e-07,,1.559734938295528e-08,1.559734938295528e-08
global_fit_ye,ratio,Ye,1.6788e-06,8.341060004636003e-07,,1.5778079492254388e-08,1.5778079492254388e-08
global_fit_ye,ratio,Ye,1.6982e-06,8.437645062587038e-07,,1.596089960283769e-08,1.596089960283769e-08
global_fit_ye,ratio,Ye,1.7179e-06,8.535348121208872e-07,,1.614584971473026e-08,1.614584971473026e-08
global_fit_ye,ratio,Ye,1.7378e-06,8.634183043928131e-07,,1.6332931461227303e-08,1.6332931461227303e-08
global_fit_ye,ratio,Ye,1.7579e-06,8.734161113912779e-07,,1.6522181594690747e-08,1.6522181594690747e-08
global_fit_ye,ratio,Ye,1.7783e-06,8.835297184708029e-07,,1.6713631729728838e-08,1.6713631729728838e-08
global_fit_ye,ratio,Ye,1.7989e-06,8.93760525632368e-07,,1.6907291866349895e-08,1.6907291866349895e-08
global_fit_ye,ratio,Ye,1.8197e-06,9.041097328768131e-07,,1.7103202004583036e-08,1.7103202004583036e-08
global_fit_ye,ratio,Ye,1.8408e-06,9.145787402051181e-07,,1.73013821444436e-08,1.73013821444436e-08
global_fit_ye,ratio,Ye,1.8621e-06,9.251690476183333e-07,,1.7501852285947013e-08,1.7501852285947013e-08
global_fit_ye,ratio,Ye,1.8836e-06,9.358818551172985e-07,,1.770465242912261e-08,1.770465242912261e-08
global_fit_ye,ratio,Ye,1.9055e-06,9.467188627032039e-07,,1.7909802573985795e-08,1.7909802573985795e-08
global_fit_ye,ratio,Ye,1.9275e-06,9.576812703768892e-07,,1.8117322720552197e-08,1.8117322720552197e-08
global_fit_ye,ratio,Ye,1.9498e-06,9.687706781394747e-07,,1.8327252868851252e-08,1.8327252868851252e-08
global_fit_ye,ratio,Ye,1.9724e-06,9.799883859918701e-07,,1.853961301889855e-08,1.853961301889855e-08
global_fit_ye,ratio,Ye,1.9953e-06,9.913361930689545e-07,,1.8754435046161678e-08,1.8754435046161678e-08
global_fit_ye,ratio,Ye,2.0184e-06,1.0028148022518416e-06,,1.8971745221504616e-08,1.8971745221504616e-08
global_fit_ye,ratio,Ye,2.0417e-06,1.0144268115414494e-06,,1.9191575398916004e-08,1.9191575398916004e-08
global_fit_ye,ratio,Ye,2.0654e-06,1.0261738209390566e-06,,1.9413955578421707e-08,1.9413955578421707e-08
global_fit_ye,ratio,Ye,2.0893e-06,1.0380558304446645e-06,,1.9638905760039574e-08,1.9638905760039574e-08
global_fit_ye,ratio,Ye,2.1135e-06,1.0500758400606723e-06,,1.986646594380354e-08,1.986646594380354e-08
global_fit_ye,ratio,Ye,2.138e-06,1.0622358497886799e-06,,2.0096656129731848e-08,2.0096656129731848e-08
global_fit_ye,ratio,Ye,2.1627e-06,1.0745358596286878e-06,,2.032952631786634e-08,2.032952631786634e-08
global_fit_ye,ratio,Ye,2.1878e-06,1.0869778695822958e-06,,2.0565086508217347e-08,2.0565086508217347e-08
global_fit_ye,ratio,Ye,2.2131e-06,1.0995648796519039e-06,,2.0803376700819075e-08,2.0803376700819075e-08
global_fit_ye,ratio,Ye,2.2387e-06,1.1122968898375118e-06,,2.104442689569794e-08,2.104442689569794e-08
global_fit_ye,ratio,Ye,2.2646e-06,1.1251770126593115e-06,,2.128827922171794e-08,2.128827922171794e-08
global_fit_ye,ratio,Ye,2.2909e-06,1.138205024384522e-06,,2.1534949445905263e-08,2.1534949445905263e-08
global_fit_ye,ratio,Ye,2.3174e-06,1.1513850362465326e-06,,2.1784479672743407e-08,2.1784479672743407e-08
global_fit_ye,ratio,Ye,2.3442e-06,1.1647170482453434e-06,,2.2036899902261677e-08,2.2036899902261677e-08
global_fit_ye,ratio,Ye,2.3714e-06,1.1782040603836544e-06,,2.2292240134490163e-08,2.2292240134490163e-08
global_fit_ye,ratio,Ye,2.3988e-06,1.1918470726623652e-06,,2.2550550369476562e-08,2.2550550369476562e-08
global_fit_ye,ratio,Ye,2.4266e-06,1.2056480850832765e-06,,2.2811840607233054e-08,2.2811840607233054e-08
global_fit_ye,ratio,Ye,2.4547e-06,1.2196080976472877e-06,,2.3076170847816382e-08,2.3076170847816382e-08
global_fit_ye,ratio,Ye,2.4831e-06,1.2337311103579992e-06,,2.3343551091239063e-08,2.3343551091239063e-08
global_fit_ye,ratio,Ye,2.5119e-06,1.248016248016248e-06,,2.3614043698964623e-08,2.3614043698964623e-08
global_fit_ye,ratio,Ye,2.541e-06,1.2624682624682623e-06,,2.388766397556394e-08,2.388766397556394e-08
global_fit_ye,ratio,Ye,2.5704e-06,1.277086277086277e-06,,2.4164454255437565e-08,2.4164454255437565e-08
global_fit_ye,ratio,Ye,2.6002e-06,1.2918742918742918e-06,,2.4444454538629478e-08,2.4444454538629478e-08
global_fit_ye,ratio,Ye,2.6303e-06,1.3068333068333068e-06,,2.4727694825173207e-08,2.4727694825173207e-08
global_fit_ye,ratio,Ye,2.6607e-06,1.321966321966322e-06,,2.5014215115112982e-08,2.5014215115112982e-08
global_fit_ye,ratio,Ye,2.6915e-06,1.3372733372733374e-06,,2.5304065408502587e-08,2.5304065408502587e-08
global_fit_ye,ratio,Ye,2.7227e-06,1.352758352758353e-06,,2.5597265705366398e-08,2.5597265705366398e-08
global_fit_ye,ratio,Ye,2.7542e-06,1.3684223684223687e-06,,2.589386600575873e-08,2.589386600575873e-08
global_fit_ye,ratio,Ye,2.7861e-06,1.384267522694275e-06,,2.619389892910658e-08,2.619389892910658e-08
global_fit_ye,ratio,Ye,2.8184e-06,1.4002965403261944e-06,,2.64974192670417e-08,2.64974192670417e-08
global_fit_ye,ratio,Ye,2.851e-06,1.416511558162714e-06,,2.6804449608980376e-08,2.6804449608980376e-08
global_fit_ye,ratio,Ye,2.884e-06,1.4329135762049339e-06,,2.7115029954971445e-08,2.7115029954971445e-08
global_fit_ye,ratio,Ye,2.9174e-06,1.4495055944561537e-06,,2.7429220305086174e-08,2.7429220305086174e-08
global_fit_ye,ratio,Ye,2.9512e-06,1.4662906129196744e-06,,2.774705065936328e-08,2.774705065936328e-08
global_fit_ye,ratio,Ye,2.9854e-06,1.4832686315954947e-06,,2.8068561017851498e-08,2.8068561017851498e-08
global_fit_ye,ratio,Ye,3.02e-06,1.5004446504891156e-06,,2.8393791380601565e-08,2.8393791380601565e-08
global_fit_ye,ratio,Ye,3.0549e-06,1.5178188213825856e-06,,2.872280461996812e-08,2.872280461996812e-08
global_fit_ye,ratio,Ye,3.0903e-06,1.5353938424726112e-06,,2.905561502469363e-08,2.905561502469363e-08
global_fit_ye,ratio,Ye,3.1261e-06,1.5531728638074364e-06,,2.9392285434239114e-08,2.9392285434239114e-08
global_fit_ye,ratio,Ye,3.1623e-06,1.5711578853894623e-06,,2.9732865848670903e-08,2.9732865848670903e-08
global_fit_ye,ratio,Ye,3.1989e-06,1.5893509072210886e-06,,3.00773862680318e-08,3.00773862680318e-08
global_fit_ye,ratio,Ye,3.2359e-06,1.6077539293047156e-06,,3.042589669238872e-08,3.042589669238872e-08
global_fit_ye,ratio,Ye,3.2734e-06,1.626370951645142e-06,,3.077844712180945e-08,3.077844712180945e-08
global_fit_ye,ratio,Ye,3.3113e-06,1.6452031387640804e-06,,3.113508066986109e-08,3.113508066986109e-08
global_fit_ye,ratio,Ye,3.3497e-06,1.6642541635304128e-06,,3.149585114567712e-08,3.149585114567712e-08
global_fit_ye,ratio,Ye,3.3884e-06,1.683525188582745e-06,,3.186080162716602e-08,3.186080162716602e-08
global_fit_ye,ratio,Ye,3.4277e-06,1.703019213924978e-06,,3.2229972114388295e-08,3.2229972114388295e-08
global_fit_ye,ratio,Ye,3.4674e-06,1.7227382395597113e-06,,3.260343260744346e-08,3.260343260744346e-08
global_fit_ye,ratio,Ye,3.5075e-06,1.7426872654934453e-06,,3.2981213106380186e-08,3.2981213106380186e-08
global_fit_ye,ratio,Ye,3.5481e-06,1.762866291726179e-06,,3.336337361128516e-08,3.336337361128516e-08
global_fit_ye,ratio,Ye,3.5892e-06,1.783279496591295e-06,,3.3749957497220315e-08,3.3749957497220315e-08
global_fit_ye,ratio,Ye,3.6308e-06,1.8039285254999358e-06,,3.414102805339313e-08,3.414102805339313e-08
global_fit_ye,ratio,Ye,3.6728e-06,1.8248165547431768e-06,,3.4536628616212255e-08,3.4536628616212255e-08
global_fit_ye,ratio,Ye,3.7154e-06,1.845946584325218e-06,,3.493680918575857e-08,3.493680918575857e-08
global_fit_ye,ratio,Ye,3.7584e-06,1.8673216142502603e-06,,3.534162976212677e-08,3.534162976212677e-08
global_fit_ye,ratio,Ye,3.8019e-06,1.8889436445211022e-06,,3.5751130345384476e-08,3.5751130345384476e-08
global_fit_ye,ratio,Ye,3.8459e-06,1.9108168662252993e-06,,3.616539455220009e-08,3.616539455220009e-08
global_fit_ye,ratio,Ye,3.8905e-06,1.9329428994143486e-06,,3.658444519144382e-08,3.658444519144382e-08
global_fit_ye,ratio,Ye,3.9355e-06,1.9553249329873994e-06,,3.700835583835152e-08,3.700835583835152e-08
global_fit_ye,ratio,Ye,3.9811e-06,1.9779659669489504e-06,,3.743717649301169e-08,3.743717649301169e-08
global_fit_ye,ratio,Ye,4.0272e-06,2.0008700013050014e-06,,3.7870967155528036e-08,3.7870967155528036e-08
global_fit_ye,ratio,Ye,4.0738e-06,2.0240390360585543e-06,,3.830978782600425e-08,3.830978782600425e-08
global_fit_ye,ratio,Ye,4.121e-06,2.047476275962042e-06,,3.875369237990483e-08,3.875369237990483e-08
global_fit_ye,ratio,Ye,4.1687e-06,2.071184313894902e-06,,3.920274311150514e-08,3.920274311150514e-08
global_fit_ye,ratio,Ye,4.217e-06,2.095167352267764e-06,,3.965699385188589e-08,3.965699385188589e-08
global_fit_ye,ratio,Ye,4.2658e-06,2.1194273910838257e-06,,4.011650460115877e-08,4.011650460115877e-08
global_fit_ye,ratio,Ye,4.3152e-06,2.143969430351089e-06,,4.058133535943686e-08,4.058133535943686e-08
global_fit_ye,ratio,Ye,4.3652e-06,2.168795686952668e-06,,4.1051570232029004e-08,4.1051570232029004e-08
global_fit_ye,ratio,Ye,4.4157e-06,2.19390872964484e-06,,4.152724105625699e-08,4.152724105625699e-08
global_fit_ye,ratio,Ye,4.4668e-06,2.2193127728317138e-06,,4.2008421890398685e-08,4.2008421890398685e-08
global_fit_ye,ratio,Ye,4.5186e-06,2.2450108165183884e-06,,4.249518273459222e-08,4.249518273459222e-08
global_fit_ye,ratio,Ye,4.5709e-06,2.271005860709963e-06,,4.298758358895959e-08,4.298758358895959e-08
global_fit_ye,ratio,Ye,4.6238e-06,2.2973029054149393e-06,,4.34856844536236e-08,4.34856844536236e-08
global_fit_ye,ratio,Ye,4.6774e-06,2.3239041830275293e-06,,4.398956972770545e-08,4.398956972770545e-08
global_fit_ye,ratio,Ye,4.7315e-06,2.350813231463817e-06,,4.4499280664354804e-08,4.4499280664354804e-08
global_fit_ye,ratio,Ye,4.7863e-06,2.3780342804617047e-06,,4.5014901612314706e-08,4.5014901612314706e-08
global_fit_ye,ratio,Ye,4.8417e-06,2.4055703300265935e-06,,4.5536492571716696e-08,4.5536492571716696e-08
global_fit_ye,ratio,Ye,4.8978e-06,2.4334256235086845e-06,,4.60641381491512e-08,4.60641381491512e-08
global_fit_ye,ratio,Ye,4.9545e-06,2.461602677045086e-06,,4.659788918528253e-08,4.659788918528253e-08
global_fit_ye,ratio,Ye,5.0119e-06,2.49010673120279e-06,,4.713783023394671e-08,4.713783023394671e-08
global_fit_ye,ratio,Ye,5.0699e-06,2.5189397859855935e-06,,4.7684021295284906e-08,4.7684021295284906e-08
global_fit_ye,ratio,Ye,5.1286e-06,2.548107841404899e-06,,4.8236552369495875e-08,4.8236552369495875e-08
global_fit_ye,ratio,Ye,5.188e-06,2.5776131552263103e-06,,4.8795478336261513e-08,4.8795478336261513e-08
global_fit_ye,ratio,Ye,5.2481e-06,2.607460214920429e-06,,4.9360879493208094e-08,4.9360879493208094e-08
global_fit_ye,ratio,Ye,5.3088e-06,2.6376522753045506e-06,,4.9932830664171206e-08,4.9932830664171206e-08
global_fit_ye,ratio,Ye,5.3703e-06,2.6681943363886724e-06,,5.051141184934393e-08,5.051141184934393e-08
global_fit_ye,ratio,Ye,5.4325e-06,2.699090668090403e-06,,5.109670815860067e-08,5.109670815860067e-08
global_fit_ye,ratio,Ye,5.4954e-06,2.730344733723941e-06,,5.168876943193985e-08,5.168876943193985e-08
global_fit_ye,ratio,Ye,5.559e-06,2.7619598001155805e-06,,5.228770072075786e-08,5.228770072075786e-08
global_fit_ye,ratio,Ye,5.6234e-06,2.793940867275821e-06,,5.289356202521881e-08,5.289356202521881e-08
global_fit_ye,ratio,Ye,5.6885e-06,2.8262932178450786e-06,,5.3506458696228204e-08,5.3506458696228204e-08
global_fit_ye,ratio,Ye,5.7544e-06,2.8590202898446374e-06,,5.412644009463578e-08,5.412644009463578e-08
global_fit_ye,ratio,Ye,5.821e-06,2.892125362675798e-06,,5.47536215100902e-08,5.47536215100902e-08
global_fit_ye,ratio,Ye,5.8884e-06,2.92561343634956e-06,,5.5388052942746244e-08,5.5388052942746244e-08
global_fit_ye,ratio,Ye,5.9566e-06,2.9594908068288557e-06,,5.6029849995886515e-08,5.6029849995886515e-08
global_fit_ye,ratio,Ye,6.0256e-06,2.9937598856477368e-06,,5.667908152866093e-08,5.667908152866093e-08
global_fit_ye,ratio,Ye,6.0954e-06,3.028424965377421e-06,,5.7335833080117354e-08,5.7335833080117354e-08
global_fit_ye,ratio,Ye,6.166e-06,3.0634920460317063e-06,,5.80001946505132e-08,5.80001946505132e-08
global_fit_ye,ratio,Ye,6.2373e-06,3.09896543751705e-06,,5.86722521073215e-08,5.86722521073215e-08
global_fit_ye,ratio,Ye,6.3096e-06,3.134848523636457e-06,,5.935210378435312e-08,5.935210378435312e-08
global_fit_ye,ratio,Ye,6.3826e-06,3.171148610756666e-06,,6.003982548186664e-08,6.003982548186664e-08
global_fit_ye,ratio,Ye,6.4565e-06,3.2078676988824768e-06,,6.073551720015519e-08,6.073551720015519e-08
global_fit_ye,ratio,Ye,6.5313e-06,3.245013112532782e-06,,6.143927508343692e-08,6.143927508343692e-08
global_fit_ye,ratio,Ye,6.6069e-06,3.2825872064680163e-06,,6.215118691531584e-08,6.215118691531584e-08
global_fit_ye,ratio,Ye,6.6834e-06,3.320597301493254e-06,,6.287133876962302e-08,6.287133876962302e-08
global_fit_ye,ratio,Ye,6.7608e-06,3.3590477335241065e-06,,6.359984700669838e-08,6.359984700669838e-08
global_fit_ye,ratio,Ye,6.8391e-06,3.3979428346513703e-06,,6.433678898052472e-08,6.433678898052472e-08
global_fit_ye,ratio,Ye,6.9183e-06,3.4372889369512364e-06,,6.50822709785824e-08,6.50822709785824e-08
global_fit_ye,ratio,Ye,6.9984e-06,3.477090040434105e-06,,6.583639300120155e-08,6.583639300120155e-08
global_fit_ye,ratio,Ye,7.0795e-06,3.517352496851742e-06,,6.659925170863308e-08,6.659925170863308e-08
global_fit_ye,ratio,Ye,7.1614e-06,3.558080606817639e-06,,6.737095385854906e-08,6.737095385854906e-08
global_fit_ye,ratio,Ye,7.2444e-06,3.5992807180579385e-06,,6.815159603493077e-08,6.815159603493077e-08
global_fit_ye,ratio,Ye,7.3282e-06,3.6409571946801445e-06,,6.894128513227503e-08,6.894128513227503e-08
global_fit_ye,ratio,Ye,7.4131e-06,3.683117312728475e-06,,6.974011744255435e-08,6.974011744255435e-08
global_fit_ye,ratio,Ye,7.4989e-06,3.72576443214041e-06,,7.054820978133998e-08,7.054820978133998e-08
global_fit_ye,ratio,Ye,7.5858e-06,3.7689069298300966e-06,,7.136566928559264e-08,7.136566928559264e-08
global_fit_ye,ratio,Ye,7.6736e-06,3.812548056389364e-06,,7.219259176523029e-08,7.219259176523029e-08
global_fit_ye,ratio,Ye,7.7625e-06,3.856694184413134e-06,,7.302910427553929e-08,7.302910427553929e-08
global_fit_ye,ratio,Ye,7.8524e-06,3.901351704055112e-06,,7.387531420446453e-08,7.387531420446453e-08
global_fit_ye,ratio,Ye,7.9433e-06,3.946526839580519e-06,,7.473131686292365e-08,7.473131686292365e-08
global_fit_ye,ratio,Ye,8.0353e-06,3.99222397667193e-06,,7.559723955431449e-08,7.559723955431449e-08
global_fit_ye,ratio,Ye,8.1283e-06,4.0384515191997096e-06,,7.647320992645355e-08,7.647320992645355e-08
global_fit_ye,ratio,Ye,8.2224e-06,4.085213664162359e-06,,7.735932277371069e-08,7.735932277371069e-08
global_fit_ye,ratio,Ye,8.3176e-06,4.1325168108021135e-06,,7.825569565629087e-08,7.825569565629087e-08
global_fit_ye,ratio,Ye,8.414e-06,4.180368377178807e-06,,7.916246649099415e-08,7.916246649099415e-08
global_fit_ye,ratio,Ye,8.5114e-06,4.228773532075303e-06,,8.007972953747319e-08,8.007972953747319e-08
global_fit_ye,ratio,Ye,8.6099e-06,4.277740116542384e-06,,8.100764072269175e-08,8.100764072269175e-08
global_fit_ye,ratio,Ye,8.7096e-06,4.327273280001824e-06,,8.194629393942614e-08,8.194629393942614e-08
global_fit_ye,ratio,Ye,8.8105e-06,4.37737944535217e-06,,8.289581719621037e-08,8.289581719621037e-08
global_fit_ye,ratio,Ye,8.9125e-06,4.428066055424588e-06,,8.385634887928576e-08,8.385634887928576e-08
global_fit_ye,ratio,Ye,9.0157e-06,4.479339229753381e-06,,8.482801231510405e-08,8.482801231510405e-08
global_fit_ye,ratio,Ye,9.1201e-06,4.5312068592240075e-06,,8.581093437493477e-08,8.581093437493477e-08
global_fit_ye,ratio,Ye,9.2257e-06,4.58367504286265e-06,,8.680523799659652e-08,8.680523799659652e-08
global_fit_ye,ratio,Ye,9.3325e-06,4.6367502286257995e-06,,8.78110716635802e-08,8.78110716635802e-08
global_fit_ye,ratio,Ye,9.4406e-06,4.690439885583588e-06,,8.882856425936758e-08,8.882856425936758e-08
global_fit_ye,ratio,Ye,9.5499e-06,4.744751081103892e-06,,8.985782812174583e-08,8.985782812174583e-08
global_fit_ye,ratio,Ye,9.6605e-06,4.799691758859507e-06,,9.08990411225548e-08,9.08990411225548e-08
global_fit_ye,ratio,Ye,9.7724e-06,4.855267964491469e-06,,9.195230518786936e-08,9.195230518786936e-08
global_fit_ye,ratio,Ye,9.8855e-06,4.911488172506239e-06,,9.301776930422832e-08,9.301776930422832e-08
global_fit_ye,ratio,Ye,1e-05,4.9683598797675435e-06,,9.409559288198515e-08,9.409559288198515e-08
global_fit_ye,ratio,Ye,1.0116e-05,5.025889098378573e-06,,9.518589721171231e-08,9.518589721171231e-08
global_fit_ye,ratio,Ye,1.0233e-05,5.084084827930829e-06,,9.628884122489853e-08,9.628884122489853e-08
global_fit_ye,ratio,Ye,1.0351e-05,5.142954057520824e-06,,9.740455577607584e-08,9.740455577607584e-08
global_fit_ye,ratio,Ye,1.0471e-05,5.2025058100232395e-06,,9.853321023805246e-08,9.853321023805246e-08
global_fit_ye,ratio,Ye,1.0593e-05,5.262746050984203e-06,,9.967493501911062e-08,9.967493501911062e-08
global_fit_ye,ratio,Ye,1.0715e-05,5.3236848271077905e-06,,1.0082991994371324e-07,1.0082991994371324e-07
global_fit_ye,ratio,Ye,1.0839e-05,5.385329079849226e-06,,1.0199822496321554e-07,1.0199822496321554e-07
global_fit_ye,ratio,Ye,1.0965e-05,5.447686335513976e-06,,1.0318013004651977e-07,1.0318013004651977e-07
global_fit_ye,ratio,Ye,1.1092e-05,5.510766145217809e-06,,1.0437564563152826e-07,1.0437564563152826e-07
global_fit_ye,ratio,Ye,1.122e-05,5.574575413216735e-06,,1.0558505096548105e-07,1.0558505096548105e-07
global_fit_ye,ratio,Ye,1.135e-05,5.639125248238568e-06,,1.0680856704847892e-07,1.0680856704847892e-07
global_fit_ye,ratio,Ye,1.1482e-05,5.704420529008274e-06,,1.0804617264279472e-07,1.0804617264279472e-07
global_fit_ye,ratio,Ye,1.1614e-05,5.770473390082917e-06,,1.0929808923802623e-07,1.0929808923802623e-07
global_fit_ye,ratio,Ye,1.1749e-05,5.837290684079009e-06,,1.105645951027246e-07,1.105645951027246e-07
global_fit_ye,ratio,Ye,1.1885e-05,5.904881571967075e-06,,1.1184571222653549e-07,1.1184571222653549e-07
global_fit_ye,ratio,Ye,1.2023e-05,5.973254879646957e-06,,1.1314171837148699e-07,1.1314171837148699e-07
global_fit_ye,ratio,Ye,1.2162e-05,6.042419795131057e-06,,1.1445263603978871e-07,1.1445263603978871e-07
global_fit_ye,ratio,Ye,1.2303e-05,6.112386728217623e-06,,1.1577885405354134e-07,1.1577885405354134e-07
global_fit_ye,ratio,Ye,1.2445e-05,6.183162060861685e-06,,1.1712046070611114e-07,1.1712046070611114e-07
global_fit_ye,ratio,Ye,1.2589e-05,6.25475802283851e-06,,1.1847757929152273e-07,1.1847757929152273e-07
global_fit_ye,ratio,Ye,1.2735e-05,6.327182370475378e-06,,1.1985038625279492e-07,1.1985038625279492e-07
global_fit_ye,ratio,Ye,1.2882e-05,6.400446362187175e-06,,1.2123910542740174e-07,1.2123910542740174e-07
global_fit_ye,ratio,Ye,1.3032e-05,6.4745567253279545e-06,,1.2264391270929443e-07,1.2264391270929443e-07
global_fit_ye,ratio,Ye,1.3183e-05,6.549526747633739e-06,,1.2406503249159752e-07,1.2406503249159752e-07
global_fit_ye,ratio,Ye,1.3335e-05,6.625364126820634e-06,,1.2550254010591327e-07,1.2550254010591327e-07
global_fit_ye,ratio,Ye,1.349e-05,6.702080180608921e-06,,1.2695686051493837e-07,1.2695686051493837e-07
global_fit_ye,ratio,Ye,1.3646e-05,6.779685254363323e-06,,1.2842788131718497e-07,1.2842788131718497e-07
global_fit_ye,ratio,Ye,1.3804e-05,6.858186662570647e-06,,1.2991598952862283e-07,1.2991598952862283e-07
global_fit_ye,ratio,Ye,1.3964e-05,6.937598769273477e-06,,1.3142141098883357e-07,1.3142141098883357e-07
global_fit_ye,ratio,Ye,1.4125e-05,7.0179291950247345e-06,,1.3294421956678008e-07,1.3294421956678008e-07
global_fit_ye,ratio,Ye,1.4289e-05,7.099191335633213e-06,,1.344846417043421e-07,1.344846417043421e-07
global_fit_ye,ratio,Ye,1.4454e-05,7.181393497664237e-06,,1.360429642668404e-07,1.360429642668404e-07
global_fit_ye,ratio,Ye,1.4622e-05,7.264546955008252e-06,,1.3761927349886455e-07,1.3761927349886455e-07
global_fit_ye,ratio,Ye,1.4791e-05,7.348664152519254e-06,,1.392139967732773e-07,1.392139967732773e-07
global_fit_ye,ratio,Ye,1.4962e-05,7.433755372405622e-06,,1.4082702049138802e-07,1.4082702049138802e-07
global_fit_ye,ratio,Ye,1.5136e-05,7.519829863030219e-06,,1.4245883041628727e-07,1.4245883041628727e-07
global_fit_ye,ratio,Ye,1.5311e-05,7.606903120038096e-06,,1.441095548818428e-07,1.441095548818428e-07
global_fit_ye,ratio,Ye,1.5488e-05,7.694984400407963e-06,,1.4577937981287634e-07,1.4577937981287634e-07
global_fit_ye,ratio,Ye,1.5668e-05,7.784083926095163e-06,,1.4746859047075498e-07,1.4746859047075498e-07
global_fit_ye,ratio,Ye,1.5849e-05,7.87421624529747e-06,,1.4917731618576152e-07,1.4917731618576152e-07
global_fit_ye,ratio,Ye,1.6032e-05,7.965392588894791e-06,,1.509059423890404e-07,1.509059423890404e-07
global_fit_ye,ratio,Ye,1.6218e-05,8.057624151507326e-06,,1.526544538218703e-07,1.526544538218703e-07
global_fit_ye,ratio,Ye,1.6406e-05,8.15092353572592e-06,,1.5442328084784402e-07,1.5442328084784402e-07
global_fit_ye,ratio,Ye,1.6596e-05,8.245303945414855e-06,,1.5621270838521436e-07,1.5621270838521436e-07
global_fit_ye,ratio,Ye,1.6788e-05,8.340776380968837e-06,,1.5802273644113927e-07,1.5802273644113927e-07
global_fit_ye,ratio,Ye,1.6982e-05,8.437353999065591e-06,,1.5985374903992745e-07,1.5985374903992745e-07
global_fit_ye,ratio,Ye,1.7179e-05,8.535050477828106e-06,,1.617060779765928e-07,1.617060779765928e-07
global_fit_ye,ratio,Ye,1.7378e-05,8.633877983594692e-06,,1.6357980745693047e-07,1.6357980745693047e-07
global_fit_ye,ratio,Ye,1.7579e-05,8.733849516791764e-06,,1.6547523749055135e-07,1.6547523749055135e-07
global_fit_ye,ratio,Ye,1.7783e-05,8.834978194353901e-06,,1.6739265134769294e-07,1.6739265134769294e-07
global_fit_ye,ratio,Ye,1.7989e-05,8.93727877349566e-06,,1.6933228232236138e-07,1.6933228232236138e-07
global_fit_ye,ratio,Ye,1.8197e-05,9.040763381267331e-06,,1.7129431387622315e-07,1.7129431387622315e-07
global_fit_ye,ratio,Ye,1.8408e-05,9.145446018122126e-06,,1.7327914602001976e-07,1.7327914602001976e-07
global_fit_ye,ratio,Ye,1.8621e-05,9.251340759385317e-06,,1.7528696123460485e-07,1.7528696123460485e-07
global_fit_ye,ratio,Ye,1.8836e-05,9.358461445076261e-06,,1.773180943849488e-07,1.773180943849488e-07
global_fit_ye,ratio,Ye,1.9055e-05,9.46682316112676e-06,,1.7937272815278957e-07,1.7937272815278957e-07
global_fit_ye,ratio,Ye,1.9275e-05,9.57643890800403e-06,,1.8145116254889745e-07,1.8145116254889745e-07
global_fit_ye,ratio,Ye,1.9498e-05,9.687324686202677e-06,,1.8355369758417852e-07,1.8355369758417852e-07
global_fit_ye,ratio,Ye,1.9724e-05,9.799493496201222e-06,,1.8568063326962263e-07,1.8568063326962263e-07
global_fit_ye,ratio,Ye,1.9953e-05,9.912961338506173e-06,,1.878320696150686e-07,1.878320696150686e-07
global_fit_ye,ratio,Ye,2.0184e-05,1.0027746210871202e-05,,1.900085876330741e-07,1.900085876330741e-07
global_fit_ye,ratio,Ye,2.0417e-05,1.0143848107630429e-05,,1.9221022511470194e-07,1.9221022511470194e-07
global_fit_ye,ratio,Ye,2.0654e-05,1.0261310038218296e-05,,1.944374632901201e-07,1.944374632901201e-07
global_fit_ye,ratio,Ye,2.0893e-05,1.0380122002963822e-05,,1.9669040216943012e-07,1.9669040216943012e-07
global_fit_ye,ratio,Ye,2.1135e-05,1.050031400251202e-05,,1.989695417663682e-07,1.989695417663682e-07
global_fit_ye,ratio,Ye,2.138e-05,1.0621896037357902e-05,,2.0127508209247227e-07,2.0127508209247227e-07
global_fit_ye,ratio,Ye,2.1627e-05,1.0744888108082486e-05,,2.0360732316009167e-07,2.0360732316009167e-07
global_fit_ye,ratio,Ye,2.1878e-05,1.0869300215191786e-05,,2.0596656498197214e-07,2.0596656498197214e-07
global_fit_ye,ratio,Ye,2.2131e-05,1.0995152359279819e-05,,2.083531075710019e-07,2.083531075710019e-07
global_fit_ye,ratio,Ye,2.2387e-05,1.1122464540948598e-05,,2.1076735094100558e-07,2.1076735094100558e-07
global_fit_ye,ratio,Ye,2.2646e-05,1.1251246760722142e-05,,2.1320959510526889e-07,2.1320959510526889e-07
global_fit_ye,ratio,Ye,2.2909e-05,1.1381529019302467e-05,,2.1568014007732745e-07,2.1568014007732745e-07
global_fit_ye,ratio,Ye,2.3174e-05,1.151331131713959e-05,,2.1817928587085004e-07,2.1817928587085004e-07
global_fit_ye,ratio,Ye,2.3442e-05,1.164662365495053e-05,,2.2070733249978584e-07,2.2070733249978584e-07
global_fit_ye,ratio,Ye,2.3714e-05,1.17814760332843e-05,,2.232647799799824e-07,2.232647799799824e-07
global_fit_ye,ratio,Ye,2.3988e-05,1.1917898452875922e-05,,2.258518283250896e-07,2.258518283250896e-07
global_fit_ye,ratio,Ye,2.4266e-05,1.2055890914196409e-05,,2.2846877754936113e-07,2.2846877754936113e-07
global_fit_ye,ratio,Ye,2.4547e-05,1.2195483417995788e-05,,2.3111612766971727e-07,2.3111612766971727e-07
global_fit_ye,ratio,Ye,2.4831e-05,1.233668596484807e-05,,2.3379417870112638e-07,2.3379417870112638e-07
global_fit_ye,ratio,Ye,2.5119e-05,1.2479538555616278e-05,,2.365032306591747e-07,2.365032306591747e-07
global_fit_ye,ratio,Ye,2.541e-05,1.2624031190699432e-05,,2.3924358355912263e-07,2.3924358355912263e-07
global_fit_ye,ratio,Ye,2.5704e-05,1.2770203870977549e-05,,2.420158374197185e-07,2.420158374197185e-07
global_fit_ye,ratio,Ye,2.6002e-05,1.291806659705265e-05,,2.448200922552685e-07,2.448200922552685e-07
global_fit_ye,ratio,Ye,2.6303e-05,1.3067640676406764e-05,,2.476569728508876e-07,2.476569728508876e-07
global_fit_ye,ratio,Ye,2.6607e-05,1.3218953511430465e-05,,2.505266299775592e-07,2.505266299775592e-07
global_fit_ye,ratio,Ye,2.6915e-05,1.3372006394465222e-05,,2.5342948813499943e-07,2.5342948813499943e-07
global_fit_ye,ratio,Ye,2.7227e-05,1.3526839326445062e-05,,2.563660473430174e-07,2.563660473430174e-07
global_fit_ye,ratio,Ye,2.7542e-05,1.3683462308008003e-05,,2.5933670761969974e-07,2.5933670761969974e-07
global_fit_ye,ratio,Ye,2.7861e-05,1.3841905340006071e-05,,2.623416689822272e-07,2.623416689822272e-07
global_fit_ye,ratio,Ye,2.8184e-05,1.400216982321711e-05,,2.653815579899311e-07,2.653815579899311e-07
global_fit_ye,ratio,Ye,2.851e-05,1.4164302974472127e-05,,2.6845662189228905e-07,2.6845662189228905e-07
global_fit_ye,ratio,Ye,2.884e-05,1.4328306178537345e-05,,2.7156728694316493e-07,2.7156728694316493e-07
global_fit_ye,ratio,Ye,2.9174e-05,1.4494209436303799e-05,,2.7471405316425847e-07,2.7471405316425847e-07
global_fit_ye,ratio,Ye,2.9512e-05,1.4662034214783208e-05,,2.7789724836485356e-07,2.7789724836485356e-07
global_fit_ye,ratio,Ye,2.9854e-05,1.4831797599312874e-05,,2.811173173087798e-07,2.811173173087798e-07
global_fit_ye,ratio,Ye,3.02e-05,1.500353104025386e-05,,2.843746874893969e-07,2.843746874893969e-07
global_fit_ye,ratio,Ye,3.0549e-05,1.5177256056170252e-05,,2.8766988769649226e-07,2.8766988769649226e-07
global_fit_ye,ratio,Ye,3.0903e-05,1.535298962997867e-05,,2.91003160749925e-07,2.91003160749925e-07
global_fit_ye,ratio,Ye,3.1261e-05,1.5530753262888505e-05,,2.9437513511185446e-07,2.9437513511185446e-07
global_fit_ye,ratio,Ye,3.1623e-05,1.5710578526942325e-05,,2.977861405835024e-07,2.977861405835024e-07
global_fit_ye,ratio,Ye,3.1989e-05,1.5892482299035815e-05,,3.0123671797706946e-07,3.0123671797706946e-07
global_fit_ye,ratio,Ye,3.2359e-05,1.6076496133252828e-05,,3.047271967535068e-07,3.047271967535068e-07
global_fit_ye,ratio,Ye,3.2734e-05,1.6262641656756548e-05,,3.082582077650809e-07,3.082582077650809e-07
global_fit_ye,ratio,Ye,3.3113e-05,1.6450935636695457e-05,,3.1183008974134993e-07,3.1183008974134993e-07
global_fit_ye,ratio,Ye,3.3497e-05,1.6641421346051093e-05,,3.1544330472544057e-07,3.1544330472544057e-07
global_fit_ye,ratio,Ye,3.3884e-05,1.6834105476550103e-05,,3.190984900222785e-07,3.190984900222785e-07
global_fit_ye,ratio,Ye,3.4277e-05,1.7029021377277904e-05,,3.227960091200959e-07,3.227960091200959e-07
global_fit_ye,ratio,Ye,3.4674e-05,1.7226185663032187e-05,,3.265362978607517e-07,3.265362978607517e-07
global_fit_ye,ratio,Ye,3.5075e-05,1.7425641761035424e-05,,3.303200212168918e-07,3.303200212168918e-07
global_fit_ye,ratio,Ye,3.5481e-05,1.7627406207243175e-05,,3.3414751353346536e-07,3.3414751353346536e-07
global_fit_ye,ratio,Ye,3.5892e-05,1.7831502508434118e-05,,3.380194412976428e-07,3.380194412976428e-07
global_fit_ye,ratio,Ye,3.6308e-05,1.8037967120149545e-05,,3.419361373253591e-07,3.419361373253591e-07
global_fit_ye,ratio,Ye,3.6728e-05,1.824682363084847e-05,,3.4589836965508327e-07,3.4589836965508327e-07
global_fit_ye,ratio,Ye,3.7154e-05,1.845809025907265e-05,,3.4990640452626175e-07,3.4990640452626175e-07
global_fit_ye,ratio,Ye,3.7584e-05,1.867180513963298e-05,,3.539609065911907e-07,3.539609065911907e-07
global_fit_ye,ratio,Ye,3.8019e-05,1.888800198722861e-05,,3.580623462780507e-07,3.580623462780507e-07
global_fit_ye,ratio,Ye,3.8459e-05,1.9106688957658786e-05,,3.6221138864485674e-07,3.6221138864485674e-07
global_fit_ye,ratio,Ye,3.8905e-05,1.932791412033757e-05,,3.664083970975914e-07,3.664083970975914e-07
global_fit_ye,ratio,Ye,3.9355e-05,1.9551701320349677e-05,,3.706541445460397e-07,3.706541445460397e-07
global_fit_ye,ratio,Ye,3.9811e-05,1.9778088649138604e-05,,3.7494899481699124e-07,3.7494899481699124e-07
global_fit_ye,ratio,Ye,4.0272e-05,2.000708410767844e-05,,3.792937100349851e-07,3.792937100349851e-07
global_fit_ye,ratio,Ye,4.0738e-05,2.0238731676467818e-05,,3.8368866566937027e-07,3.8368866566937027e-07
global_fit_ye,ratio,Ye,4.121e-05,2.0473069379882328e-05,,3.8813462428203827e-07,3.8813462428203827e-07
global_fit_ye,ratio,Ye,4.1687e-05,2.071010721969407e-05,,3.92632185926635e-07,3.92632185926635e-07
global_fit_ye,ratio,Ye,4.217e-05,2.0949905198483175e-05,,3.9718175065744035e-07,3.9718175065744035e-07
global_fit_ye,ratio,Ye,4.2658e-05,2.11924611986253e-05,,4.017839783528208e-07,4.017839783528208e-07
global_fit_ye,ratio,Ye,4.3152e-05,2.1437839436782815e-05,,4.064396489653974e-07,4.064396489653974e-07
global_fit_ye,ratio,Ye,4.3652e-05,2.1686047819789024e-05,,4.111492228334661e-07,4.111492228334661e-07
global_fit_ye,ratio,Ye,4.4157e-05,2.193713635017705e-05,,4.1591330001773573e-07,4.1591330001773573e-07
global_fit_ye,ratio,Ye,4.4668e-05,2.2191135030182014e-05,,4.207326805820312e-07,4.207326805820312e-07
global_fit_ye,ratio,Ye,4.5186e-05,2.2448073862063044e-05,,4.256078645872597e-07,4.256078645872597e-07
global_fit_ye,ratio,Ye,4.5709e-05,2.2707982848103276e-05,,4.305395520982685e-07,4.305395520982685e-07
global_fit_ye,ratio,Ye,4.6238e-05,2.2970901990784837e-05,,4.355284431819024e-07,4.355284431819024e-07
global_fit_ye,ratio,Ye,4.6774e-05,2.323686129244488e-05,,4.405750379021656e-07,4.405750379021656e-07
global_fit_ye,ratio,Ye,4.7315e-05,2.3505900755623525e-05,,4.4568023633166037e-07,4.4568023633166037e-07
global_fit_ye,ratio,Ye,4.7863e-05,2.3778060382892932e-05,,4.508444385352834e-07,4.508444385352834e-07
global_fit_ye,ratio,Ye,4.8417e-05,2.405337017667423e-05,,4.560685445885647e-07,4.560685445885647e-07
global_fit_ye,ratio,Ye,4.8978e-05,2.433186013941258e-05,,4.6135325456314793e-07,4.6135325456314793e-07
global_fit_ye,ratio,Ye,4.9545e-05,2.4613582735355423e-05,,4.666992152041939e-07,4.666992152041939e-07
global_fit_ye,ratio,Ye,5.0119e-05,2.4898563072698383e-05,,4.721070337853982e-07,4.721070337853982e-07
global_fit_ye,ratio,Ye,5.0699e-05,2.5186843587396876e-05,,4.775774565210305e-07,4.775774565210305e-07
global_fit_ye,ratio,Ye,5.1286e-05,2.547845428201307e-05,,4.83111383492729e-07,4.83111383492729e-07
global_fit_ye,ratio,Ye,5.188e-05,2.577344515952513e-05,,4.887094147798461e-07,4.887094147798461e-07
global_fit_ye,ratio,Ye,5.2481e-05,2.607185882999072e-05,,4.943722999028645e-07,4.943722999028645e-07
global_fit_ye,ratio,Ye,5.3088e-05,2.6373720111774247e-05,,5.001008406451913e-07,5.001008406451913e-07
global_fit_ye,ratio,Ye,5.3703e-05,2.6679081585356187e-05,,5.058956859626001e-07,5.058956859626001e-07
global_fit_ye,ratio,Ye,5.4325e-05,2.6987965952098613e-05,,5.117577871216609e-07,5.117577871216609e-07
global_fit_ye,ratio,Ye,5.4954e-05,2.730043784910726e-05,,5.176877424525647e-07,5.176877424525647e-07
global_fit_ye,ratio,Ye,5.559e-05,2.7616519946918885e-05,,5.236864026373681e-07,5.236864026373681e-07
global_fit_ye,ratio,Ye,5.6234e-05,2.79362650424454e-05,,5.297546207478358e-07,5.297546207478358e-07
global_fit_ye,ratio,Ye,5.6885e-05,2.825970758371305e-05,,5.358930915405088e-07,5.358930915405088e-07
global_fit_ye,ratio,Ye,5.7544e-05,2.8586903194489638e-05,,5.42102721696934e-07,5.42102721696934e-07
global_fit_ye,ratio,Ye,5.821e-05,2.891787619327625e-05,,5.483843035229326e-07,5.483843035229326e-07
global_fit_ye,ratio,Ye,5.8884e-05,2.9252692335039068e-05,,5.547387461887444e-07,5.547387461887444e-07
global_fit_ye,ratio,Ye,5.9566e-05,2.959137876516009e-05,,5.611667956083235e-07,5.611667956083235e-07
global_fit_ye,ratio,Ye,6.0256e-05,2.9933982494800882e-05,,5.676692951459421e-07,5.676692951459421e-07
global_fit_ye,ratio,Ye,6.0954e-05,3.0280559480924007e-05,,5.742471578127697e-07,5.742471578127697e-07
global_fit_ye,ratio,Ye,6.166e-05,3.063113370541533e-05,,5.809011695345897e-07,5.809011695345897e-07
global_fit_ye,ratio,Ye,6.2373e-05,3.0985781264437844e-05,,5.876324459653889e-07,5.876324459653889e-07
global_fit_ye,ratio,Ye,6.3096e-05,3.134452913424631e-05,,5.944416298156604e-07,5.944416298156604e-07
global_fit_ye,ratio,Ye,6.3826e-05,3.170742731974114e-05,,6.013297212322878e-07,6.013297212322878e-07
global_fit_ye,ratio,Ye,6.4565e-05,3.20745326185959e-05,,6.082975595336069e-07,6.082975595336069e-07
global_fit_ye,ratio,Ye,6.5313e-05,3.244588141327091e-05,,6.153462658302518e-07,6.153462658302518e-07
global_fit_ye,ratio,Ye,6.6069e-05,3.2821530538263464e-05,,6.224765801397398e-07,6.224765801397398e-07
global_fit_ye,ratio,Ye,6.6834e-05,3.3201529998708965e-05,,6.296896026239111e-07,6.296896026239111e-07
global_fit_ye,ratio,Ye,6.7608e-05,3.358592979980288e-05,,6.36986133441778e-07,6.36986133441778e-07
global_fit_ye,ratio,Ye,6.8391e-05,3.397477994680062e-05,,6.443672727625085e-07,6.443672727625085e-07
global_fit_ye,ratio,Ye,6.9183e-05,3.436813044501766e-05,,6.51833820750947e-07,6.51833820750947e-07
global_fit_ye,ratio,Ye,6.9984e-05,3.476603129982945e-05,,6.593869775846819e-07,6.593869775846819e-07
global_fit_ye,ratio,Ye,7.0795e-05,3.516854251693945e-05,,6.670276434405151e-07,6.670276434405151e-07
global_fit_ye,ratio,Ye,7.1614e-05,3.557570410158115e-05,,6.747569184999462e-07,6.747569184999462e-07
global_fit_ye,ratio,Ye,7.2444e-05,3.598758605985804e-05,,6.825757029465578e-07,6.825757029465578e-07
global_fit_ye,ratio,Ye,7.3282e-05,3.640424203792865e-05,,6.904851660239475e-07,6.904851660239475e-07
global_fit_ye,ratio,Ye,7.4131e-05,3.682570480230494e-05,,6.984861706201783e-07,6.984861706201783e-07
global_fit_ye,ratio,Ye,7.4989e-05,3.725205795844603e-05,,7.065798851985769e-07,7.065798851985769e-07
global_fit_ye,ratio,Ye,7.5858e-05,3.768334151190139e-05,,7.147674099623068e-07,7.147674099623068e-07
global_fit_ye,ratio,Ye,7.6736e-05,3.811962928121208e-05,,7.230499174271216e-07,7.230499174271216e-07
global_fit_ye,ratio,Ye,7.7625e-05,3.856095369203854e-05,,7.314282640259394e-07,7.314282640259394e-07
global_fit_ye,ratio,Ye,7.8524e-05,3.900738851943903e-05,,7.399037214597904e-07,7.399037214597904e-07
global_fit_ye,ratio,Ye,7.9433e-05,3.945899771583126e-05,,7.484774648028801e-07,7.484774648028801e-07
global_fit_ye,ratio,Ye,8.0353e-05,3.9915823441032605e-05,,7.571505454503075e-07,7.571505454503075e-07
global_fit_ye,ratio,Ye,8.1283e-05,4.037794364066413e-05,,7.659241142226785e-07,7.659241142226785e-07
global_fit_ye,ratio,Ye,8.2224e-05,4.084541029226008e-05,,7.747993190598438e-07,7.747993190598438e-07
global_fit_ye,ratio,Ye,8.3176e-05,4.131829152618307e-05,,7.837774143044596e-07,7.837774143044596e-07
global_fit_ye,ratio,Ye,8.414e-05,4.1796653313240696e-05,,7.928596236497741e-07,7.928596236497741e-07
global_fit_ye,ratio,Ye,8.5114e-05,4.228054143343416e-05,,8.020468671700555e-07,8.020468671700555e-07
global_fit_ye,ratio,Ye,8.6099e-05,4.277003430311829e-05,,8.113408046545708e-07,8.113408046545708e-07
global_fit_ye,ratio,Ye,8.7096e-05,4.326518775119579e-05,,8.207423571137947e-07,8.207423571137947e-07
global_fit_ye,ratio,Ye,8.8105e-05,4.376608178713169e-05,,8.302528248593709e-07,8.302528248593709e-07
global_fit_ye,ratio,Ye,8.9125e-05,4.427276641950498e-05,,8.398735082098928e-07,8.398735082098928e-07
global_fit_ye,ratio,Ye,9.0157e-05,4.4785317179315824e-05,,8.496056225290629e-07,8.496056225290629e-07
global_fit_ye,ratio,Ye,9.1201e-05,4.5303802981202855e-05,,8.594506370938251e-07,8.594506370938251e-07
global_fit_ye,ratio,Ye,9.2257e-05,4.582828940730031e-05,,8.69409668249378e-07,8.69409668249378e-07
global_fit_ye,ratio,Ye,9.3325e-05,4.635884646728029e-05,,8.794841163508919e-07,8.794841163508919e-07
global_fit_ye,ratio,Ye,9.4406e-05,4.6895548860649215e-05,,8.896753707257308e-07,8.896753707257308e-07
global_fit_ye,ratio,Ye,9.5499e-05,4.743845727215326e-05,,8.999846548298827e-07,8.999846548298827e-07
global_fit_ye,ratio,Ye,9.6605e-05,4.798764634785633e-05,,9.104133569890768e-07,9.104133569890768e-07
global_fit_ye,ratio,Ye,9.7724e-05,4.8543196098255634e-05,,9.209629775932897e-07,9.209629775932897e-07
global_fit_ye,ratio,Ye,9.8855e-05,4.910517653360236e-05,,9.316348170345364e-07,9.316348170345364e-07
global_fit_ye,ratio,Ye,0.0001,4.967366263181375e-05,,9.424304699660973e-07,9.424304699660973e-07
global_fit_ye,ratio,Ye,0.00010116,5.024872452614936e-05,,9.533510493952036e-07,9.533510493952036e-07
global_fit_ye,ratio,Ye,0.00010233,5.08304522215462e-05,,9.643983453676647e-07,9.643983453676647e-07
global_fit_ye,ratio,Ye,0.00010351,5.141889562070833e-05,,9.755734665369851e-07,9.755734665369851e-07
global_fit_ye,ratio,Ye,0.00010471,5.2014164962349004e-05,,9.868783073951684e-07,9.868783073951684e-07
global_fit_ye,ratio,Ye,0.00010593,5.261631991442857e-05,,9.983139721495993e-07,9.983139721495993e-07
global_fit_ye,ratio,Ye,0.00010715,5.3225440952902684e-05,,1.0098824598313042e-06,1.0098824598313042e-06
global_fit_ye,ratio,Ye,0.00010839,5.384161289028979e-05,,1.0215846722565127e-06,1.0215846722565127e-06
global_fit_ye,ratio,Ye,0.00010965,5.446492029419221e-05,,1.0334228066394377e-06,1.0334228066394377e-06
global_fit_ye,ratio,Ye,0.00011092,5.509543400822834e-05,,1.0453970689630518e-06,1.0453970689630518e-06
global_fit_ye,ratio,Ye,0.0001122,5.5733258663493195e-05,,1.0575113577211694e-06,1.0575113577211694e-06
global_fit_ye,ratio,Ye,0.0001135,5.6378454273533756e-05,,1.069765673421283e-06,1.069765673421283e-06
global_fit_ye,ratio,Ye,0.00011482,5.703112085375715e-05,,1.082162016675247e-06,1.082162016675247e-06
global_fit_ye,ratio,Ye,0.00011614,5.769133841889044e-05,,1.0947023880974768e-06,1.0947023880974768e-06
global_fit_ye,ratio,Ye,0.00011749,5.83591969842658e-05,,1.1073867882481338e-06,1.1073867882481338e-06
global_fit_ye,ratio,Ye,0.00011885,5.903478656539545e-05,,1.1202192178483203e-06,1.1202192178483203e-06
global_fit_ye,ratio,Ye,0.00012023,5.9718203150063645e-05,,1.1332007908565099e-06,1.1332007908565099e-06
global_fit_ye,ratio,Ye,0.00012162,6.0409514878635906e-05,,1.1463322825652394e-06,1.1463322825652394e-06
global_fit_ye,ratio,Ye,0.00012303,6.11088276713695e-05,,1.1596158057053387e-06,1.1596158057053387e-06
global_fit_ye,ratio,Ye,0.00012445,6.18162477268927e-05,,1.1730534783064085e-06,1.1730534783064085e-06
global_fit_ye,ratio,Ye,0.00012589,6.253184276890008e-05,,1.1866460677880756e-06,1.1866460677880756e-06
global_fit_ye,ratio,Ye,0.00012735,6.325572525152965e-05,,1.2003968109593049e-06,1.2003968109593049e-06
global_fit_ye,ratio,Ye,0.00012882,6.398798261355153e-05,,1.214307469883138e-06,1.214307469883138e-06
global_fit_ye,ratio,Ye,0.00013032,6.472871759864936e-05,,1.2283782867861116e-06,1.2283782867861116e-06
global_fit_ye,ratio,Ye,0.00013183,6.547801390069503e-05,,1.2426131425546852e-06,1.2426131425546852e-06
global_fit_ye,ratio,Ye,0.00013335,6.623598491723832e-05,,1.257011912278792e-06,1.257011912278792e-06
global_fit_ye,ratio,Ye,0.0001349,6.700273383969919e-05,,1.2715788469016902e-06,1.2715788469016902e-06
global_fit_ye,ratio,Ye,0.00013646,6.777835414090908e-05,,1.286313822990085e-06,1.286313822990085e-06
global_fit_ye,ratio,Ye,0.00013804,6.856295584259057e-05,,1.3012198415350413e-06,1.3012198415350413e-06
global_fit_ye,ratio,Ye,0.00013964,6.935662896567229e-05,,1.3162979034536453e-06,1.3162979034536453e-06
global_fit_ye,ratio,Ye,0.00014125,7.0159483532369e-05,,1.3315510097840532e-06,1.3315510097840532e-06
global_fit_ye,ratio,Ye,0.00014289,7.097164666324915e-05,,1.3469812962604066e-06,1.3469812962604066e-06
global_fit_ye,ratio,Ye,0.00014454,7.179319426704583e-05,,1.3625904960580407e-06,1.3625904960580407e-06
global_fit_ye,ratio,Ye,0.00014622,7.262424338308344e-05,,1.378379743377483e-06,1.378379743377483e-06
global_fit_ye,ratio,Ye,0.00014791,7.346492138208953e-05,,1.394353178848049e-06,1.394353178848049e-06
global_fit_ye,ratio,Ye,0.00014962,7.431532367885258e-05,,1.4105105262347833e-06,1.4105105262347833e-06
global_fit_ye,ratio,Ye,0.00015136,7.517556507743544e-05,,1.4268560673213773e-06,1.4268560673213773e-06
global_fit_ye,ratio,Ye,0.00015311,7.604576065411793e-05,,1.4433905195188359e-06,1.4433905195188359e-06
global_fit_ye,ratio,Ye,0.00015488,7.692602555770023e-05,,1.4601171711668423e-06,1.4601171711668423e-06
global_fit_ye,ratio,Ye,0.00015668,7.781648229904857e-05,,1.477036880838049e-06,1.477036880838049e-06
global_fit_ye,ratio,Ye,0.00015849,7.871724090617845e-05,,1.4941536499410349e-06,1.4941536499410349e-06
global_fit_ye,ratio,Ye,0.00016032,7.962841140741358e-05,,1.5114674798301807e-06,1.5114674798301807e-06
global_fit_ye,ratio,Ye,0.00016218,8.055013383323073e-05,,1.5289833719789476e-06,1.5289833719789476e-06
global_fit_ye,ratio,Ye,0.00016406,8.148252821325486e-05,,1.5467013277612567e-06,1.5467013277612567e-06
global_fit_ye,ratio,Ye,0.00016596,8.242569457618883e-05,,1.564624348717381e-06,1.564624348717381e-06
global_fit_ye,ratio,Ye,0.00016788,8.337978295419588e-05,,1.582756436504702e-06,1.582756436504702e-06
global_fit_ye,ratio,Ye,0.00016982,8.434492181296476e-05,,1.6010977526911883e-06,1.6010977526911883e-06
global_fit_ye,ratio,Ye,0.00017179,8.532121441105817e-05,,1.6196519806025473e-06,1.6196519806025473e-06
global_fit_ye,ratio,Ye,0.00017378,8.630880775043075e-05,,1.638420443962668e-06,1.638420443962668e-06
global_fit_ye,ratio,Ye,0.00017579,8.730783343248994e-05,,1.6574069845301708e-06,1.6574069845301708e-06
global_fit_ye,ratio,Ye,0.00017783,8.83184026603393e-05,,1.6766134363946149e-06,1.6766134363946149e-06
global_fit_ye,ratio,Ye,0.00017989,8.93406730339009e-05,,1.6960431350041683e-06,1.6960431350041683e-06
global_fit_ye,ratio,Ye,0.00018197,9.03747758595343e-05,,1.7156979163715283e-06,1.7156979163715283e-06
global_fit_ye,ratio,Ye,0.00018408,9.142084117471399e-05,,1.735579782519408e-06,1.735579782519408e-06
global_fit_ye,ratio,Ye,0.00018621,9.247900901803669e-05,,1.7556927355793826e-06,1.7556927355793826e-06
global_fit_ye,ratio,Ye,0.00018836,9.354940942783317e-05,,1.7760377775178352e-06,1.7760377775178352e-06
global_fit_ye,ratio,Ye,0.00019055,9.463221190892102e-05,,1.7966200903218146e-06,1.7966200903218146e-06
global_fit_ye,ratio,Ye,0.00019275,9.572752768227358e-05,,1.8174393187903091e-06,1.8174393187903091e-06
global_fit_ye,ratio,Ye,0.00019498,9.683551614464309e-05,,1.8385016430149518e-06,1.8385016430149518e-06
global_fit_ye,ratio,Ye,0.00019724,9.795633713401762e-05,,1.8598072512129334e-06,1.8598072512129334e-06
global_fit_ye,ratio,Ye,0.00019953,9.909012112216895e-05,,1.8813589641187783e-06,1.8813589641187783e-06
global_fit_ye,ratio,Ye,0.00020184,0.00010023697815252649,,1.9031617842443325e-06,1.9031617842443325e-06
global_fit_ye,ratio,Ye,0.00020417,0.00010139714813926598,,1.9252165217921015e-06,1.9252165217921015e-06
global_fit_ye,ratio,Ye,0.00020654,0.00010257073128825988,,1.9475265622717896e-06,1.9475265622717896e-06
global_fit_ye,ratio,Ye,0.00020893,0.0001037579280036907,,1.970096915242694e-06,1.970096915242694e-06
global_fit_ye,ratio,Ye,0.00021135,0.0001049588176971793,,1.992927191559177e-06,1.992927191559177e-06
global_fit_ye,ratio,Ye,0.0002138,0.00010617361067982611,,2.0160225890802893e-06,2.0160225890802893e-06
global_fit_ye,ratio,Ye,0.00021627,0.00010740240699737378,,2.0393851107824445e-06,2.0393851107824445e-06
global_fit_ye,ratio,Ye,0.00021878,0.00010864551757795897,,2.0630199662648145e-06,2.0630199662648145e-06
global_fit_ye,ratio,Ye,0.00022131,0.00010990293184627509,,2.0869279569657968e-06,2.0869279569657968e-06
global_fit_ye,ratio,Ye,0.00022387,0.00011117493875230009,,2.11111287520893e-06,2.11111287520893e-06
global_fit_ye,ratio,Ye,0.00022646,0.00011246166045663324,,2.1355781442846122e-06,2.1355781442846122e-06
global_fit_ye,ratio,Ye,0.00022909,0.00011376318602086522,,2.160326558932081e-06,2.160326558932081e-06
global_fit_ye,ratio,Ye,0.00023174,0.0001150799155245746,,2.185362123007245e-06,2.185362123007245e-06
global_fit_ye,ratio,Ye,0.00023442,0.00011641174900448648,,2.2106878401150087e-06,2.2106878401150087e-06
global_fit_ye,ratio,Ye,0.00023714,0.0001177589983098479,,2.236307937958314e-06,2.236307937958314e-06
global_fit_ye,ratio,Ye,0.00023988,0.00011912184008744796,,2.262223975620657e-06,2.262223975620657e-06
global_fit_ye,ratio,Ye,0.00024266,0.00012050049809587463,,2.2884414074731072e-06,2.2884414074731072e-06
global_fit_ye,ratio,Ye,0.00024547,0.00012189506061964975,,2.314962013856989e-06,2.314962013856989e-06
global_fit_ye,ratio,Ye,0.00024831,0.0001233058154078114,,2.341790565196315e-06,2.341790565196315e-06
global_fit_ye,ratio,Ye,0.00025119,0.00012473278703460438,,2.368929531613085e-06,2.368929531613085e-06
global_fit_ye,ratio,Ye,0.0002541,0.0001261763634014319,,2.3963836864968703e-06,2.3963836864968703e-06
global_fit_ye,ratio,Ye,0.00025704,0.0001276365573279952,,2.42415527684942e-06,2.42415527684942e-06
global_fit_ye,ratio,Ye,0.00026002,0.00012911364351661509,,2.4522498257839834e-06,2.4522498257839834e-06
global_fit_ye,ratio,Ye,0.00026303,0.00013060783466189928,,2.4806685780053663e-06,2.4806685780053663e-06
global_fit_ye,ratio,Ye,0.00026607,0.00013211934405374943,,2.5094177898626617e-06,2.5094177898626617e-06
global_fit_ye,ratio,Ye,0.00026915,0.0001336482588520547,,2.5385002214743742e-06,2.5385002214743742e-06
global_fit_ye,ratio,Ye,0.00027227,0.00013519497916084525,,2.5679198787758148e-06,2.5679198787758148e-06
global_fit_ye,ratio,Ye,0.00027542,0.00013675950504422765,,2.597680767493537e-06,2.597680767493537e-06
global_fit_ye,ratio,Ye,0.00027861,0.00013834213659805205,,2.627785893544355e-06,2.627785893544355e-06
global_fit_ye,ratio,Ye,0.00028184,0.0001399429738982071,,2.6582402630604073e-06,2.6582402630604073e-06
global_fit_ye,ratio,Ye,0.0002851,0.0001415624170535252,,2.6890478829176436e-06,2.6890478829176436e-06
global_fit_ye,ratio,Ye,0.0002884,0.00014320058046356077,,2.7202130313548032e-06,2.7202130313548032e-06
global_fit_ye,ratio,Ye,0.00029174,0.00014485775023872645,,2.7517384494860913e-06,2.7517384494860913e-06
global_fit_ye,ratio,Ye,0.00029512,0.00014653402646436664,,2.783630144334183e-06,2.783630144334183e-06
global_fit_ye,ratio,Ye,0.00029854,0.00014822970924902889,,2.8158911234330144e-06,2.8158911234330144e-06
global_fit_ye,ratio,Ye,0.000302,0.0001499449986913499,,2.84852639403393e-06,2.84852639403393e-06
global_fit_ye,ratio,Ye,0.00030549,0.00015168009489100736,,2.88153996396761e-06,2.88153996396761e-06
global_fit_ye,ratio,Ye,0.00030903,0.00015343521329404074,,2.914937132758133e-06,2.914937132758133e-06
global_fit_ye,ratio,Ye,0.00031261,0.000155210723512881,,2.9487203289741864e-06,2.9487203289741864e-06
global_fit_ye,ratio,Ye,0.00031623,0.00015700665649944558,,2.9828951473657926e-06,2.9828951473657926e-06
global_fit_ye,ratio,Ye,0.00031989,0.0001588234970548922,,3.0174663056141044e-06,3.0174663056141044e-06
global_fit_ye,ratio,Ye,0.00032359,0.00016066124526704334,,3.0524388124899903e-06,3.0524388124899903e-06
global_fit_ye,ratio,Ye,0.00032734,0.00016252030127344828,,3.0878166776467094e-06,3.0878166776467094e-06
global_fit_ye,ratio,Ye,0.00033113,0.00016440078161832755,,3.123604222599443e-06,3.123604222599443e-06
global_fit_ye,ratio,Ye,0.00033497,0.0001663030703808595,,3.1598071526657255e-06,3.1598071526657255e-06
global_fit_ye,ratio,Ye,0.00033884,0.00016822725084718402,,3.1964301582984177e-06,3.1964301582984177e-06
global_fit_ye,ratio,Ye,0.00034277,0.0001701737566231123,,3.2334768857203807e-06,3.2334768857203807e-06
global_fit_ye,ratio,Ye,0.00034674,0.00017214277120296742,,3.270954030397015e-06,3.270954030397015e-06
global_fit_ye,ratio,Ye,0.00035075,0.00017413461214379875,,3.308864934162031e-06,3.308864934162031e-06
global_fit_ye,ratio,Ye,0.00035481,0.0001761493449316968,,3.3472159504071636e-06,3.3472159504071636e-06
global_fit_ye,ratio,Ye,0.00035892,0.0001781875047756514,,3.386011757708865e-06,3.386011757708865e-06
global_fit_ye,ratio,Ye,0.00036308,0.0001802491743860653,,3.4252570370818123e-06,3.4252570370818123e-06
global_fit_ye,ratio,Ye,0.00036728,0.00018233465391768693,,3.4649578016790667e-06,3.4649578016790667e-06
global_fit_ye,ratio,Ye,0.00037154,0.000184444243527186,,3.5051180646848384e-06,3.5051180646848384e-06
global_fit_ye,ratio,Ye,0.00037584,0.00018657826203364463,,3.5457451945386384e-06,3.5457451945386384e-06
global_fit_ye,ratio,Ye,0.00038019,0.00018873687247807308,,3.5868424998817763e-06,3.5868424998817763e-06
global_fit_ye,ratio,Ye,0.00038459,0.00019092051257893903,,3.6284167093189344e-06,3.6284167093189344e-06
global_fit_ye,ratio,Ye,0.00038905,0.00019312936383291093,,3.670472482863985e-06,3.670472482863985e-06
global_fit_ye,ratio,Ye,0.00039355,0.00019536372641347147,,3.7130168363186703e-06,3.7130168363186703e-06
global_fit_ye,ratio,Ye,0.00039811,0.0001976240202766699,,3.7560541620759033e-06,3.7560541620759033e-06
global_fit_ye,ratio,Ye,0.00040272,0.0001999103062678896,,3.7995907283345194e-06,3.7995907283345194e-06
global_fit_ye,ratio,Ye,0.00040738,0.00020222312436196367,,3.843632309566927e-06,3.843632309566927e-06
global_fit_ye,ratio,Ye,0.0004121,0.00020456255495236104,,3.88818454635695e-06,3.88818454635695e-06
global_fit_ye,ratio,Ye,0.00041687,0.00020692909826207454,,3.933252458222718e-06,3.933252458222718e-06
global_fit_ye,ratio,Ye,0.0004217,0.00020932307542129757,,3.978844461924614e-06,3.978844461924614e-06
global_fit_ye,ratio,Ye,0.00042658,0.000211744644981416,,4.024964785014518e-06,4.024964785014518e-06
global_fit_ye,ratio,Ye,0.00043152,0.00021419414925989358,,4.071619248180092e-06,4.071619248180092e-06
global_fit_ye,ratio,Ye,0.00043652,0.0002166720675632155,,4.118815475348781e-06,4.118815475348781e-06
global_fit_ye,ratio,Ye,0.00044157,0.0002191785219916946,,4.166559903590968e-06,4.166559903590968e-06
global_fit_ye,ratio,Ye,0.00044668,0.00022171396920336764,,4.214856727151384e-06,4.214856727151384e-06
global_fit_ye,ratio,Ye,0.00045186,0.0002242787535177297,,4.263714807380243e-06,4.263714807380243e-06
global_fit_ye,ratio,Ye,0.00045709,0.00022687315324134867,,4.313138750880494e-06,4.313138750880494e-06
global_fit_ye,ratio,Ye,0.00046238,0.0002294975686223207,,4.363136582725636e-06,4.363136582725636e-06
global_fit_ye,ratio,Ye,0.00046774,0.0002321523231135142,,4.4137137693200294e-06,4.4137137693200294e-06
global_fit_ye,ratio,Ye,0.00047315,0.0002348376707807405,,4.464878458468863e-06,4.464878458468863e-06
global_fit_ye,ratio,Ye,0.00047863,0.00023755405859406995,,4.5166355656298616e-06,4.5166355656298616e-06
global_fit_ye,ratio,Ye,0.00048417,0.00024030188763789168,,4.568994134753029e-06,4.568994134753029e-06
global_fit_ye,ratio,Ye,0.00048978,0.00024308151039353736,,4.621959285641812e-06,4.621959285641812e-06
global_fit_ye,ratio,Ye,0.00049545,0.00024589317545289035,,4.675539966564028e-06,4.675539966564028e-06
global_fit_ye,ratio,Ye,0.00050119,0.000248737359088114,,4.729740752271438e-06,4.729740752271438e-06
global_fit_ye,ratio,Ye,0.00050699,0.00025161436157178336,,4.784571673986947e-06,4.784571673986947e-06
global_fit_ye,ratio,Ye,0.00051286,0.00025452460865607054,,4.840038249208494e-06,4.840038249208494e-06
global_fit_ye,ratio,Ye,0.0005188,0.0002574684500188787,,4.896147548201024e-06,4.896147548201024e-06
global_fit_ye,ratio,Ye,0.00052481,0.0002604463371781682,,4.952908580617989e-06,4.952908580617989e-06
global_fit_ye,ratio,Ye,0.00053088,0.00026345867134334566,,5.010328399719457e-06,5.010328399719457e-06
global_fit_ye,ratio,Ye,0.00053703,0.0002665058004361892,,5.0684140460897905e-06,5.0684140460897905e-06
global_fit_ye,ratio,Ye,0.00054325,0.0002695880777732913,,5.1271735660644506e-06,5.1271735660644506e-06
global_fit_ye,ratio,Ye,0.00054954,0.00027270597736106164,,5.1866154988147505e-06,5.1866154988147505e-06
global_fit_ye,ratio,Ye,0.0005559,0.00027585989954073274,,5.246745885269976e-06,5.246745885269976e-06
global_fit_ye,ratio,Ye,0.00056234,0.0002790502725683842,,5.307575299331956e-06,5.307575299331956e-06
global_fit_ye,ratio,Ye,0.00056885,0.0002822774695276466,,5.3691102657626e-06,5.3691102657626e-06
global_fit_ye,ratio,Ye,0.00057544,0.0002855419908043844,,5.431358830847996e-06,5.431358830847996e-06
global_fit_ye,ratio,Ye,0.0005821,0.00028884416563593803,,5.494330589587953e-06,5.494330589587953e-06
global_fit_ye,ratio,Ye,0.00058884,0.00029218446619421395,,5.558033054608638e-06,5.558033054608638e-06
global_fit_ye,ratio,Ye,0.00059566,0.00029556339289018614,,5.622474276178519e-06,5.622474276178519e-06
global_fit_ye,ratio,Ye,0.00060256,0.00029898124609410324,,5.687663305207795e-06,5.687663305207795e-06
global_fit_ye,ratio,Ye,0.00060954,0.00030243865649990493,,5.753609771543151e-06,5.753609771543151e-06
global_fit_ye,ratio,Ye,0.0006166,0.0003059359949588154,,5.82032116763238e-06,5.82032116763238e-06
global_fit_ye,ratio,Ye,0.00062373,0.00030947379286794404,,5.88780714018894e-06,5.88780714018894e-06
global_fit_ye,ratio,Ye,0.00063096,0.00031305228907552266,,5.95607557535788e-06,5.95607557535788e-06
global_fit_ye,ratio,Ye,0.00063826,0.0003166721780081272,,6.025137323965874e-06,6.025137323965874e-06
global_fit_ye,ratio,Ye,0.00064565,0.0003203338661978579,,6.095000659881722e-06,6.095000659881722e-06
global_fit_ye,ratio,Ye,0.00065313,0.0003240379178453352,,6.165674861913614e-06,6.165674861913614e-06
global_fit_ye,ratio,Ye,0.00066069,0.0003277846017196333,,6.23717039344699e-06,6.23717039344699e-06
global_fit_ye,ratio,Ye,0.00066834,0.00033157461837022255,,6.309494325700431e-06,6.309494325700431e-06
global_fit_ye,ratio,Ye,0.00067608,0.00033540830180103445,,6.38265936641749e-06,6.38265936641749e-06
global_fit_ye,ratio,Ye,0.00068391,0.000339286319800836,,6.4566729687844835e-06,6.4566729687844835e-06
global_fit_ye,ratio,Ye,0.00069183,0.0003432090728743315,,6.531546208171963e-06,6.531546208171963e-06
global_fit_ye,ratio,Ye,0.00069984,0.0003471771963114152,,6.607288826277021e-06,6.607288826277021e-06
global_fit_ye,ratio,Ye,0.00070795,0.0003511910567044159,,6.683911256438317e-06,6.683911256438317e-06
global_fit_ye,ratio,Ye,0.00071614,0.0003552512901776056,,6.7614242626650745e-06,6.7614242626650745e-06
global_fit_ye,ratio,Ye,0.00072444,0.0003593583625872554,,6.839836269587066e-06,6.839836269587066e-06
global_fit_ye,ratio,Ye,0.00073282,0.00036351287455101193,,6.919158369378457e-06,6.919158369378457e-06
global_fit_ye,ratio,Ye,0.00074131,0.00036771526341954774,,6.999403353588027e-06,6.999403353588027e-06
global_fit_ye,ratio,Ye,0.00074989,0.00037196619392131964,,7.0805796369893115e-06,7.0805796369893115e-06
global_fit_ye,ratio,Ye,0.00075858,0.0003762661666818711,,7.162698317825245e-06,7.162698317825245e-06
global_fit_ye,ratio,Ye,0.00076736,0.0003806158204353875,,7.245771226655219e-06,7.245771226655219e-06
global_fit_ye,ratio,Ye,0.00077625,0.0003850156186293617,,7.329808759535658e-06,7.329808759535658e-06
global_fit_ye,ratio,Ye,0.00078524,0.00038946630094365296,,7.414823770087857e-06,7.414823770087857e-06
global_fit_ye,ratio,Ye,0.00079433,0.0003939682299609701,,7.500825645447523e-06,7.500825645447523e-06
global_fit_ye,ratio,Ye,0.00080353,0.00039852214629891374,,7.587827264901869e-06,7.587827264901869e-06
global_fit_ye,ratio,Ye,0.00081283,0.00040312857142142634,,7.675838239316577e-06,7.675838239316577e-06
global_fit_ye,ratio,Ye,0.00082224,0.0004077882270609425,,7.764874000014772e-06,7.764874000014772e-06
global_fit_ye,ratio,Ye,0.00083176,0.00041250149297446725,,7.854942369565127e-06,7.854942369565127e-06
global_fit_ye,ratio,Ye,0.0008414,0.00041726929380488765,,7.946058846580605e-06,7.946058846580605e-06
global_fit_ye,ratio,Ye,0.00085114,0.0004220920065297242,,8.038233207049476e-06,8.038233207049476e-06
global_fit_ye,ratio,Ye,0.00086099,0.00042697041596389374,,8.131479195873809e-06,8.131479195873809e-06
global_fit_ye,ratio,Ye,0.00087096,0.0004319051244064274,,8.225809991320307e-06,8.225809991320307e-06
global_fit_ye,ratio,Ye,0.00088105,0.00043689669049502784,,8.321235939055879e-06,8.321235939055879e-06
global_fit_ye,ratio,Ye,0.00089125,0.0004419458151337976,,8.417772200467544e-06,8.417772200467544e-06
global_fit_ye,ratio,Ye,0.00090157,0.0004470532439585169,,8.515429792538557e-06,8.515429792538557e-06
global_fit_ye,ratio,Ye,0.00091201,0.0004522195341735198,,8.614223051189087e-06,8.614223051189087e-06
global_fit_ye,ratio,Ye,0.00092257,0.0004574454324931268,,8.714165023912156e-06,8.714165023912156e-06
global_fit_ye,ratio,Ye,0.00093325,0.00046273164146916866,,8.81526992133617e-06,8.81526992133617e-06
global_fit_ye,ratio,Ye,0.00094406,0.0004680786700156096,,8.917549177144455e-06,8.917549177144455e-06
global_fit_ye,ratio,Ye,0.00095499,0.0004734874596665081,,9.02101866315798e-06,9.02101866315798e-06
global_fit_ye,ratio,Ye,0.00096605,0.00047895867102067634,,9.125690903827874e-06,9.125690903827874e-06
global_fit_ye,ratio,Ye,0.00097724,0.0004844928487747267,,9.23158184164379e-06,9.23158184164379e-06
global_fit_ye,ratio,Ye,0.00098855,0.0004900909504156372,,9.338702957707403e-06,9.338702957707403e-06
global_fit_ye,ratio,Ye,0.001,0.0004957535240243489,,9.447586213673203e-06,9.447586213673203e-06
global_fit_ye,ratio,Ye,0.0010116,0.0005014813738842428,,9.555990381266823e-06,9.555990381266823e-06
global_fit_ye,ratio,Ye,0.0010233,0.0005072753011905366,,9.668174821003165e-06,9.668174821003165e-06
global_fit_ye,ratio,Ye,0.0010351,0.0005131360584471743,,9.784014572108373e-06,9.784014572108373e-06
global_fit_ye,ratio,Ye,0.0010471,0.0005190642966894021,,9.90339373169755e-06,9.90339373169755e-06
global_fit_ye,ratio,Ye,0.0010593,0.0005250608697009246,,1.0026206369279933e-05,1.0026206369279933e-05
global_fit_ye,ratio,Ye,0.0010715,0.0005311265805739836,,1.0152351585862063e-05,1.0152351585862063e-05
global_fit_ye,ratio,Ye,0.0010839,0.0005372621787090357,,1.0281746455293717e-05,1.0281746455293717e-05
global_fit_ye,ratio,Ye,0.0010965,0.0005434685198188799,,1.0414292098205106e-05,1.0414292098205106e-05
global_fit_ye,ratio,Ye,0.0011092,0.0005497463521489336,,1.054991756818425e-05,1.054991756818425e-05
global_fit_ye,ratio,Ye,0.001122,0.0005560966327714183,,1.0688554016063316e-05,1.0688554016063316e-05
global_fit_ye,ratio,Ye,0.001135,0.0005625199086642508,,1.0830130477885225e-05,1.0830130477885225e-05
global_fit_ye,ratio,Ye,0.0011482,0.0005690173383340686,,1.0974598141039813e-05,1.0974598141039813e-05
global_fit_ye,ratio,Ye,0.0011614,0.0005755896251780167,,1.1121897145996053e-05,1.1121897145996053e-05
global_fit_ye,ratio,Ye,0.0011749,0.0005822375144477616,,1.1271986498390808e-05,1.1271986498390808e-05
global_fit_ye,ratio,Ye,0.0011885,0.0005889620667024163,,1.1424817455821047e-05,1.1424817455821047e-05
global_fit_ye,ratio,Ye,0.0012023,0.0005957641855952336,,1.1580360175617502e-05,1.1580360175617502e-05
global_fit_ye,ratio,Ye,0.0012162,0.0006026445144593496,,1.1738573651343128e-05,1.1738573651343128e-05
global_fit_ye,ratio,Ye,0.0012303,0.000609604116023998,,1.1899459192878534e-05,1.1899459192878534e-05
global_fit_ye,ratio,Ye,0.0012445,0.0006166439324709346,,1.2062975793997093e-05,1.2062975793997093e-05
global_fit_ye,ratio,Ye,0.0012589,0.0006237647278694521,,1.222911481781219e-05,1.222911481781219e-05
global_fit_ye,ratio,Ye,0.0012735,0.0006309676062562199,,1.2397876477442531e-05,1.2397876477442531e-05
global_fit_ye,ratio,Ye,0.0012882,0.0006382534077861725,,1.2569249734105014e-05,1.2569249734105014e-05
global_fit_ye,ratio,Ye,0.0013032,0.0006456231635179735,,1.2743237321304228e-05,1.2743237321304228e-05
global_fit_ye,ratio,Ye,0.0013183,0.0006530776838468684,,1.2919845658667708e-05,1.2919845658667708e-05
global_fit_ye,ratio,Ye,0.0013335,0.0006606180667592141,,1.3099078840585185e-05,1.3099078840585185e-05
global_fit_ye,ratio,Ye,0.001349,0.000668245285180366,,1.3280974530480161e-05,1.3280974530480161e-05
global_fit_ye,ratio,Ye,0.0013646,0.0006759603087779849,,1.3465534321754443e-05,1.3465534321754443e-05
global_fit_ye,ratio,Ye,0.0013804,0.0006837641420065772,,1.3652798511532531e-05,1.3652798511532531e-05
global_fit_ye,ratio,Ye,0.0013964,0.0006916577201957452,,1.3842786050420408e-05,1.3842786050420408e-05
global_fit_ye,ratio,Ye,0.0014125,0.000699642215615744,,1.4035538625787522e-05,1.4035538625787522e-05
global_fit_ye,ratio,Ye,0.0014289,0.000707718632932523,,1.423108660225339e-05,1.423108660225339e-05
global_fit_ye,ratio,Ye,0.0014454,0.0007158879768927478,,1.4429490349520638e-05,1.4429490349520638e-05
global_fit_ye,ratio,Ye,0.0014622,0.000724151279925214,,1.4630798804799058e-05,1.4630798804799058e-05
global_fit_ye,ratio,Ye,0.0014791,0.0007325097910750379,,1.4835045313174192e-05,1.4835045313174192e-05
global_fit_ye,ratio,Ye,0.0014962,0.0007409643695733112,,1.5042307342218032e-05,1.5042307342218032e-05
global_fit_ye,ratio,Ye,0.0015136,0.0007495162180518806,,1.5252635303825737e-05,1.5252635303825737e-05
global_fit_ye,ratio,Ye,0.0015311,0.000758166390720608,,1.546609270978052e-05,1.546609270978052e-05
global_fit_ye,ratio,Ye,0.0015488,0.0007669161421704189,,1.5682766989395146e-05,1.5682766989395146e-05
global_fit_ye,ratio,Ye,0.0015668,0.000775766630314721,,1.590272179725386e-05,1.590272179725386e-05
global_fit_ye,ratio,Ye,0.0015849,0.0007847188062468555,,1.612602451667976e-05,1.612602451667976e-05
global_fit_ye,ratio,Ye,0.0016032,0.0007937739523025229,,1.635277728865698e-05,1.635277728865698e-05
global_fit_ye,ratio,Ye,0.0016218,0.0008029331741137735,,1.658305073524755e-05,1.658305073524755e-05
global_fit_ye,ratio,Ye,0.0016406,0.0008121976962626557,,1.6816943754493645e-05,1.6816943754493645e-05
global_fit_ye,ratio,Ye,0.0016596,0.0008215688862440849,,1.7054550368575976e-05,1.7054550368575976e-05
global_fit_ye,ratio,Ye,0.0016788,0.0008310476864817655,,1.729595791161696e-05,1.729595791161696e-05
global_fit_ye,ratio,Ye,0.0016982,0.0008406355684880301,,1.7541280418632386e-05,1.7541280418632386e-05
global_fit_ye,ratio,Ye,0.0017179,0.0008503335711576775,,1.779060522061486e-05,1.779060522061486e-05
global_fit_ye,ratio,Ye,0.0017378,0.0008601430839807342,,1.8044064803410385e-05,1.8044064803410385e-05
global_fit_ye,ratio,Ye,0.0017579,0.0008700653133281559,,1.8301749918644276e-05,1.8301749918644276e-05
global_fit_ye,ratio,Ye,0.0017783,0.0008801016658139145,,1.8563791373338288e-05,1.8563791373338288e-05
global_fit_ye,ratio,Ye,0.0017989,0.0008902532479566801,,1.8830300090368154e-05,1.8830300090368154e-05
global_fit_ye,ratio,Ye,0.0018197,0.0009005214665910135,,1.910139685040643e-05,1.910139685040643e-05
global_fit_ye,ratio,Ye,0.0018408,0.0009109077286674011,,1.9377212594135365e-05,1.9377212594135365e-05
global_fit_ye,ratio,Ye,0.0018621,0.0009214133411816485,,1.9657878290197133e-05,1.9657878290197133e-05
global_fit_ye,ratio,Ye,0.0018836,0.0009320396112449085,,1.9943524892264766e-05,1.9943524892264766e-05
global_fit_ye,ratio,Ye,0.0019055,0.0009427878460849955,,2.0234283386175718e-05,2.0234283386175718e-05
global_fit_ye,ratio,Ye,0.0019275,0.0009536596532715139,,2.053029480263956e-05,2.053029480263956e-05
global_fit_ye,ratio,Ye,0.0019498,0.0009646562402019843,,2.0831700234333056e-05,2.0831700234333056e-05
global_fit_ye,ratio,Ye,0.0019724,0.0009757792122727278,,2.113865289277836e-05,2.113865289277836e-05
global_fit_ye,ratio,Ye,0.0019953,0.0009870297831014892,,2.1451299739837824e-05,2.1451299739837824e-05
global_fit_ye,ratio,Ye,0.0020184,0.000998409557228018,,2.176979392233649e-05,2.176979392233649e-05
global_fit_ye,ratio,Ye,0.0020417,0.001009919543382953,,2.2094278993465414e-05,2.2094278993465414e-05
global_fit_ye,ratio,Ye,0.0020654,0.0010215622497998398,,2.2424931685001966e-05,2.2424931685001966e-05
global_fit_ye,ratio,Ye,0.0020893,0.001033338487505636,,2.2761907861464795e-05,2.2761907861464795e-05
global_fit_ye,ratio,Ye,0.0021135,0.0010452500597989754,,2.3105354234592824e-05,2.3105354234592824e-05
global_fit_ye,ratio,Ye,0.002138,0.0010572981830042558,,2.3455476765006392e-05,2.3455476765006392e-05
global_fit_ye,ratio,Ye,0.0021627,0.0010694848700119925,,2.3812416959185615e-05,2.3812416959185615e-05
global_fit_ye,ratio,Ye,0.0021878,0.0010818109165627034,,2.4176361526314402e-05,2.4176361526314402e-05
global_fit_ye,ratio,Ye,0.0022131,0.0010942774371798187,,2.4547474158355934e-05,2.4547474158355934e-05
global_fit_ye,ratio,Ye,0.0022387,0.0011068885540869353,,2.4925969117119585e-05,2.4925969117119585e-05
global_fit_ye,ratio,Ye,0.0022646,0.0011196431663432155,,2.5311995327130576e-05,2.5311995327130576e-05
global_fit_ye,ratio,Ye,0.0022909,0.0011325452857771704,,2.57057645229525e-05,2.57057645229525e-05
global_fit_ye,ratio,Ye,0.0023174,0.0011455939199685797,,2.610745818702796e-05,2.610745818702796e-05
global_fit_ye,ratio,Ye,0.0023442,0.0011587931970852656,,2.651727084061583e-05,2.651727084061583e-05
global_fit_ye,ratio,Ye,0.0023714,0.0011721440134940333,,2.6935401493345432e-05,2.6935401493345432e-05
global_fit_ye,ratio,Ye,0.0023988,0.0011856473790514894,,2.7362051996611474e-05,2.7362051996611474e-05
global_fit_ye,ratio,Ye,0.0024266,0.0011993054247376978,,2.779742684742212e-05,2.779742684742212e-05
global_fit_ye,ratio,Ye,0.0024547,0.0012131200443943788,,2.8241735233412204e-05,2.8241735233412204e-05
global_fit_ye,ratio,Ye,0.0024831,0.0012270932493695659,,2.8695189182075003e-05,2.8695189182075003e-05
global_fit_ye,ratio,Ye,0.0025119,0.0012412261744629205,,2.9158003314766353e-05,2.9158003314766353e-05
global_fit_ye,ratio,Ye,0.002541,0.0012555217109721515,,2.9630387106655154e-05,2.9630387106655154e-05
global_fit_ye,ratio,Ye,0.0025704,0.0012699798688547632,,3.0112582316654805e-05,3.0112582316654805e-05
global_fit_ye,ratio,Ye,0.0026002,0.0012846047908111754,,3.060479424312152e-05,3.060479424312152e-05
global_fit_ye,ratio,Ye,0.0026303,0.0012993963615120054,,3.110725202985932e-05,3.110725202985932e-05
global_fit_ye,ratio,Ye,0.0026607,0.0013143577260904104,,3.162020098585522e-05,3.162020098585522e-05
global_fit_ye,ratio,Ye,0.0026915,0.0013294907687655118,,3.214387039339719e-05,3.214387039339719e-05
global_fit_ye,ratio,Ye,0.0027227,0.0013447966361088933,,3.2678505677851136e-05,3.2678505677851136e-05
global_fit_ye,ratio,Ye,0.0027542,0.0013602772097787445,,3.322433597203722e-05,3.322433597203722e-05
global_fit_ye,ratio,Ye,0.0027861,0.0013759356420429006,,3.3781627118800954e-05,3.3781627118800954e-05
global_fit_ye,ratio,Ye,0.0028184,0.0013917738120158363,,3.4350608368239684e-05,3.4350608368239684e-05
global_fit_ye,ratio,Ye,0.002851,0.00140779187235393,,3.4931555387616717e-05,3.4931555387616717e-05
global_fit_ye,ratio,Ye,0.002884,0.0014239948453943678,,3.5524711241864e-05,3.5524711241864e-05
global_fit_ye,ratio,Ye,0.0029174,0.0014403816029128396,,3.613034484058775e-05,3.613034484058775e-05
global_fit_ye,ratio,Ye,0.0029512,0.0014569561618458407,,3.674871879314768e-05,3.674871879314768e-05
global_fit_ye,ratio,Ye,0.0029854,0.0014737208322111906,,3.7380103459420804e-05,3.7380103459420804e-05
global_fit_ye,ratio,Ye,0.00302,0.0014906773408718355,,3.8024774168876514e-05,3.8024774168876514e-05
global_fit_ye,ratio,Ye,0.0030549,0.0015078278542858716,,3.868301767502388e-05,3.868301767502388e-05
global_fit_ye,ratio,Ye,0.0030903,0.0015251732394811807,,3.93551028346592e-05,3.93551028346592e-05
global_fit_ye,ratio,Ye,0.0031261,0.0015427176693402047,,4.004131681851368e-05,4.004131681851368e-05
global_fit_ye,ratio,Ye,0.0031623,0.0015604631654915113,,4.07419626776906e-05,4.07419626776906e-05
global_fit_ye,ratio,Ye,0.0031989,0.0015784107486680808,,4.145732354026823e-05,4.145732354026823e-05
global_fit_ye,ratio,Ye,0.0032359,0.0015965632825859907,,4.218769848864031e-05,4.218769848864031e-05
global_fit_ye,ratio,Ye,0.0032734,0.0016149239474245458,,4.293338504104144e-05,4.293338504104144e-05
global_fit_ye,ratio,Ye,0.0033113,0.0016334937649550411,,4.369471626097384e-05,4.369471626097384e-05
global_fit_ye,ratio,Ye,0.0033497,0.001652275759893348,,4.447197585136405e-05,4.447197585136405e-05
global_fit_ye,ratio,Ye,0.0033884,0.0016712719560655893,,4.526549716501492e-05,4.526549716501492e-05
global_fit_ye,ratio,Ye,0.0034277,0.0016904853790289456,,4.607560378342933e-05,4.607560378342933e-05
global_fit_ye,ratio,Ye,0.0034674,0.0017099180534297447,,4.6902609363119465e-05,4.6902609363119465e-05
global_fit_ye,ratio,Ye,0.0035075,0.001729573005687236,,4.774684738583553e-05,4.774684738583553e-05
global_fit_ye,ratio,Ye,0.0035481,0.0017494520860984384,,4.860865699000289e-05,4.860865699000289e-05
global_fit_ye,ratio,Ye,0.0035892,0.0017695576689150724,,4.948838123590049e-05,4.948838123590049e-05
global_fit_ye,ratio,Ye,0.0036308,0.0017898926086666544,,5.038635940800608e-05,5.038635940800608e-05
global_fit_ye,ratio,Ye,0.0036728,0.001810459752250051,,5.130294038140193e-05,5.130294038140193e-05
global_fit_ye,ratio,Ye,0.0037154,0.0018312614874207579,,5.2238498077135854e-05,5.2238498077135854e-05
global_fit_ye,ratio,Ye,0.0037584,0.001852300664062547,,5.319337150107982e-05,5.319337150107982e-05
global_fit_ye,ratio,Ye,0.0038019,0.0018735793103013144,,5.4167934895870665e-05,5.4167934895870665e-05
global_fit_ye,ratio,Ye,0.0038459,0.0018951004562112513,,5.516256218939268e-05,5.516256218939268e-05
global_fit_ye,ratio,Ye,0.0038905,0.0019168673243551663,,5.617762334743994e-05,5.617762334743994e-05
global_fit_ye,ratio,Ye,0.0039355,0.0019388827582642746,,5.721350742392315e-05,5.721350742392315e-05
global_fit_ye,ratio,Ye,0.0039811,0.001961147786483894,,5.8270608370005905e-05,5.8270608370005905e-05
global_fit_ye,ratio,Ye,0.0040272,0.001983667444302485,,5.934930079511513e-05,5.934930079511513e-05
global_fit_ye,ratio,Ye,0.0040738,0.0020064427612486403,,6.0449999084675224e-05,6.0449999084675224e-05
global_fit_ye,ratio,Ye,0.004121,0.0020294779754049712,,6.157311416702604e-05,6.157311416702604e-05
global_fit_ye,ratio,Ye,0.0041687,0.00205277592194344,,6.271905468652258e-05,6.271905468652258e-05
global_fit_ye,ratio,Ye,0.004217,0.0020763388415811473,,6.388823145338106e-05,6.388823145338106e-05
global_fit_ye,ratio,Ye,0.0042658,0.0021001695660239693,,6.50810733602941e-05,6.50810733602941e-05
global_fit_ye,ratio,Ye,0.0043152,0.0021242711308203104,,6.629800495305375e-05,6.629800495305375e-05
global_fit_ye,ratio,Ye,0.0043652,0.002148647789055594,,6.753947817412084e-05,6.753947817412084e-05
global_fit_ye,ratio,Ye,0.0044157,0.0021733013654470744,,6.880593165029457e-05,6.880593165029457e-05
global_fit_ye,ratio,Ye,0.0044668,0.0021982351175700047,,7.009781706032114e-05,7.009781706032114e-05
global_fit_ye,ratio,Ye,0.0045186,0.0022234530927625917,,7.141559021581198e-05,7.141559021581198e-05
global_fit_ye,ratio,Ye,0.0045709,0.002248957110283835,,7.275972942699546e-05,7.275972942699546e-05
global_fit_ye,ratio,Ye,0.0046238,0.002274751439189185,,7.413069762223706e-05,7.413069762223706e-05
global_fit_ye,ratio,Ye,0.0046774,0.002300838896824727,,7.552897289740367e-05,7.552897289740367e-05
global_fit_ye,ratio,Ye,0.0047315,0.0023272227570600343,,7.69550485936648e-05,7.69550485936648e-05
global_fit_ye,ratio,Ye,0.0047863,0.0023539060692658533,,7.840943061043852e-05,7.840943061043852e-05
global_fit_ye,ratio,Ye,0.0048417,0.002380892885554653,,7.989262538505479e-05,7.989262538505479e-05
global_fit_ye,ratio,Ye,0.0048978,0.002408186015716796,,8.140512086054534e-05,8.140512086054534e-05
global_fit_ye,ratio,Ye,0.0049545,0.0024357899934450856,,8.294747973700131e-05,8.294747973700131e-05
global_fit_ye,ratio,Ye,0.0050119,0.002463706384159375,,8.45201919797062e-05,8.45201919797062e-05
global_fit_ye,ratio,Ye,0.0050699,0.0024919394846861483,,8.612383245099086e-05,8.612383245099086e-05
global_fit_ye,ratio,Ye,0.0051286,0.0025204923494760996,,8.775892774697418e-05,8.775892774697418e-05
global_fit_ye,ratio,Ye,0.005188,0.0025493700379945273,,8.942604502538114e-05,8.942604502538114e-05
global_fit_ye,ratio,Ye,0.0052481,0.0025785756065963175,,9.112575152456852e-05,9.112575152456852e-05
global_fit_ye,ratio,Ye,0.0053088,0.0026081111104096265,,9.285862391776257e-05,9.285862391776257e-05
global_fit_ye,ratio,Ye,0.0053703,0.002637982613952131,,9.462525001934843e-05,9.462525001934843e-05
global_fit_ye,ratio,Ye,0.0054325,0.002668192174272257,,9.64262371856042e-05,9.64262371856042e-05
global_fit_ye,ratio,Ye,0.0054954,0.002698744124105938,,9.826219315536513e-05,9.826219315536513e-05
global_fit_ye,ratio,Ye,0.005559,0.0027296422625007885,,0.00010013373608872982,0.00010013373608872982
global_fit_ye,ratio,Ye,0.0056234,0.0027608903772118215,,0.00010204148378386623,0.00010204148378386623
global_fit_ye,ratio,Ye,0.0056885,0.002792492361624223,,0.00010398609513935934,0.00010398609513935934
global_fit_ye,ratio,Ye,0.0057544,0.0028244524544406135,,0.0001059681981557412,0.0001059681981557412
global_fit_ye,ratio,Ye,0.005821,0.002856774284081911,,0.00010798852226030184,0.00010798852226030184
global_fit_ye,ratio,Ye,0.0058884,0.0028894616394920863,,0.00011004776563516837,0.00011004776563516837
global_fit_ye,ratio,Ye,0.0059566,0.0029225188835675223,,0.00011214644900916234,0.00011214644900916234
global_fit_ye,ratio,Ye,0.0060256,0.002955949801149697,,0.00011428547025524896,0.00011428547025524896
global_fit_ye,ratio,Ye,0.0060954,0.0029897587642751474,,0.00011646545105566334,0.00011646545105566334
global_fit_ye,ratio,Ye,0.006166,0.003023950859215872,,0.00011868710158180556,0.00011868710158180556
global_fit_ye,ratio,Ye,0.0062373,0.0030585288621236433,,0.00012095122033036753,0.00012095122033036753
global_fit_ye,ratio,Ye,0.0063096,0.0030934968490645845,,0.00012325851719667877,0.00012325851719667877
global_fit_ye,ratio,Ye,0.0063826,0.0031288615298239986,,0.00012560982842622272,0.00012560982842622272
global_fit_ye,ratio,Ye,0.0064565,0.0031646243648511536,,0.00012800594001109969,0.00012800594001109969
global_fit_ye,ratio,Ye,0.0065313,0.0032007917602709353,,0.00013044767622023327,0.00013044767622023327
global_fit_ye,ratio,Ye,0.0066069,0.00323736680581001,,0.00013293574887119532,0.00013293574887119532
global_fit_ye,ratio,Ye,0.0066834,0.003274354269645898,,0.00013547105703703847,0.00013547105703703847
global_fit_ye,ratio,Ye,0.0067608,0.003311759902799235,,0.00013805444045291378,0.00013805444045291378
global_fit_ye,ratio,Ye,0.0068391,0.0033495874777173186,,0.00014068679842222983,0.00014068679842222983
global_fit_ye,ratio,Ye,0.0069183,0.00338784175606778,,0.00014336893025170165,0.00014336893025170165
global_fit_ye,ratio,Ye,0.0069984,0.0034265265108666875,,0.00014610187784381868,0.00014610187784381868
global_fit_ye,ratio,Ye,0.0070795,0.0034656485165901175,,0.00014888644180026094,0.00014888644180026094
global_fit_ye,ratio,Ye,0.0071614,0.003505210874016355,,0.0001517236356557965,0.0001517236356557965
global_fit_ye,ratio,Ye,0.0072444,0.0035452190468472644,,0.0001546143906685652,0.0001546143906685652
global_fit_ye,ratio,Ye,0.0073282,0.003585676434979775,,0.00015755969044169328,0.00015755969044169328
global_fit_ye,ratio,Ye,0.0074131,0.003626590871341327,,0.00016056048297576056,0.00016056048297576056
global_fit_ye,ratio,Ye,0.0074989,0.003667965475998942,,0.00016361778511654238,0.00016361778511654238
global_fit_ye,ratio,Ye,0.0075858,0.0037098056358550366,,0.00016673268039725444,0.00016673268039725444
global_fit_ye,ratio,Ye,0.0076736,0.003752116581722524,,0.00016990623649904284,0.00016990623649904284
global_fit_ye,ratio,Ye,0.0077625,0.0037949023165707112,,0.00017313952027693102,0.00017313952027693102
global_fit_ye,ratio,Ye,0.0078524,0.003838170107059026,,0.0001764335023682364,0.0001764335023682364
global_fit_ye,ratio,Ye,0.0079433,0.0038819243240206425,,0.00017978946688986146,0.00017978946688986146
global_fit_ye,ratio,Ye,0.0080353,0.003926169483642072,,0.00018320845085850098,0.00018320845085850098
global_fit_ye,ratio,Ye,0.0081283,0.003970912335077828,,0.00018669165707781697,0.00018669165707781697
global_fit_ye,ratio,Ye,0.0082224,0.004016157810713873,,0.0001902403433002543,0.0001902403433002543
global_fit_ye,ratio,Ye,0.0083176,0.004061910254773952,,0.00019385549277376954,0.00019385549277376954
global_fit_ye,ratio,Ye,0.008414,0.00410817621700226,,0.00019753854710447886,0.00019753854710447886
global_fit_ye,ratio,Ye,0.0085114,0.004154962268229229,,0.00020129074975066446,0.00020129074975066446
global_fit_ye,ratio,Ye,0.0086099,0.004202272732290327,,0.0002051131836844538,0.0002051131836844538
global_fit_ye,ratio,Ye,0.0087096,0.004250113176811635,,0.0002090073925014162,0.0002090073925014162
global_fit_ye,ratio,Ye,0.0088105,0.004298490194665511,,0.00021297452343537742,0.00021297452343537742
global_fit_ye,ratio,Ye,0.0089125,0.004347408524804715,,0.0002170160801997945,0.0002170160801997945
global_fit_ye,ratio,Ye,0.0090157,0.004396875337805997,,0.0002211332901097228,0.0002211332901097228
global_fit_ye,ratio,Ye,0.0091201,0.004446896803420503,,0.00022532757980091794,0.00022532757980091794
global_fit_ye,ratio,Ye,0.0092257,0.004497477538048226,,0.00022960049972512057,0.00022960049972512057
global_fit_ye,ratio,Ye,0.0093325,0.004548624279424852,,0.00023395335598161727,0.00023395335598161727
global_fit_ye,ratio,Ye,0.0094406,0.0046003426636755124,,0.00023838770132986078,0.00023838770132986078
global_fit_ye,ratio,Ye,0.0095499,0.004652640895372728,,0.00024290506824376895,0.00024290506824376895
global_fit_ye,ratio,Ye,0.0096605,0.0047055226944063035,,0.0002475069623126863,0.0002475069623126863
global_fit_ye,ratio,Ye,0.0097724,0.004758995251883318,,0.00025219491618330817,0.00025219491618330817
global_fit_ye,ratio,Ye,0.0098855,0.004813065724527517,,0.00025697051356767014,0.00025697051356767014
global_fit_ye,ratio,Ye,0.01,0.004867739849829867,,0.0002618354646546179,0.0002618354646546179
global_fit_ye,ratio,Ye,0.010116,0.004923024350919628,,0.00026679127725278134,0.00026679127725278134
global_fit_ye,ratio,Ye,0.010233,0.004978925927781874,,0.0002718397148328281,0.0002718397148328281
global_fit_ye,ratio,Ye,0.010351,0.005035451306311921,,0.00027698254199568455,0.00027698254199568455
global_fit_ye,ratio,Ye,0.010471,0.0050926067089246034,,0.00028222134155160686,0.00028222134155160686
global_fit_ye,ratio,Ye,0.010593,0.005150399380339768,,0.00028755791043499267,0.00028755791043499267
global_fit_ye,ratio,Ye,0.010715,0.005208836050517201,,0.00029299415999600004,0.00029299415999600004
global_fit_ye,ratio,Ye,0.010839,0.0052679229544842264,,0.0002985317315371832,0.0002985317315371832
global_fit_ye,ratio,Ye,0.010965,0.005327668875211317,,0.0003041725992041827,0.0003041725992041827
global_fit_ye,ratio,Ye,0.011092,0.005388079532470174,,0.0003099184767144782,0.0003099184767144782
global_fit_ye,ratio,Ye,0.01122,0.005449162725091725,,0.0003157714405813987,0.0003157714405813987
global_fit_ye,ratio,Ye,0.01135,0.005510924168806691,,0.0003217334045823398,0.0003217334045823398
global_fit_ye,ratio,Ye,0.011482,0.0055733736926648165,,0.0003278062506189556,0.0003278062506189556
global_fit_ye,ratio,Ye,0.011614,0.005636516003786166,,0.0003339919935843766,0.0003339919935843766
global_fit_ye,ratio,Ye,0.011749,0.005700361525604488,,0.0003402926524681662,0.0003402926524681662
global_fit_ye,ratio,Ye,0.011885,0.005764914401299507,,0.0003467102095353731,0.0003467102095353731
global_fit_ye,ratio,Ye,0.012023,0.005830184503758598,,0.00035324685421296283,0.00035324685421296283
global_fit_ye,ratio,Ye,0.012162,0.00589617972721871,,0.0003599047766888076,0.0003599047766888076
global_fit_ye,ratio,Ye,0.012303,0.005962905194547258,,0.0003666857599989253,0.0003666857599989253
global_fit_ye,ratio,Ye,0.012445,0.006030372424518759,,0.00037359233760121343,0.00037359233760121343
global_fit_ye,ratio,Ye,0.012589,0.0060985855178174895,,0.0003806263914439731,0.0003806263914439731
global_fit_ye,ratio,Ye,0.012735,0.006167556030955507,,0.00038779035880728065,0.00038779035880728065
global_fit_ye,ratio,Ye,0.012882,0.006237289301146066,,0.0003950864029415947,0.0003950864029415947
global_fit_ye,ratio,Ye,0.013032,0.006307795063632772,,0.00040251674887454176,0.00040251674887454176
global_fit_ye,ratio,Ye,0.013183,0.006379080656132654,,0.000410083660607466,0.000410083660607466
global_fit_ye,ratio,Ye,0.013335,0.006451154070280459,,0.00041778964621479175,0.00041778964621479175
global_fit_ye,ratio,Ye,0.01349,0.006524025693295711,,0.00042563677589031203,0.00042563677589031203
global_fit_ye,ratio,Ye,0.013646,0.00659770123265631,,0.00043362757579436375,0.00043362757579436375
global_fit_ye,ratio,Ye,0.013804,0.0066721914018505095,,0.0004417645075418954,0.0004417645075418954
global_fit_ye,ratio,Ye,0.013964,0.006747504266552753,,0.00045004975518765026,0.00045004975518765026
global_fit_ye,ratio,Ye,0.014125,0.006823646879320418,,0.0004584859390374547,0.0004584859390374547
global_fit_ye,ratio,Ye,0.014289,0.0069006306649158425,,0.0004670754372084563,0.0004670754372084563
global_fit_ye,ratio,Ye,0.014454,0.006978462025085952,,0.0004758206278674929,0.0004758206278674929
global_fit_ye,ratio,Ye,0.014622,0.007057152102088112,,0.0004847242416721889,0.0004847242416721889
global_fit_ye,ratio,Ye,0.014791,0.0071367096351585635,,0.0004937885138896921,0.0004937885138896921
global_fit_ye,ratio,Ye,0.014962,0.007217142052115462,,0.0005030161278042811,0.0005030161278042811
global_fit_ye,ratio,Ye,0.015136,0.007298459806283753,,0.0005124095706264747,0.0005124095706264747
global_fit_ye,ratio,Ye,0.015311,0.007380672088340984,,0.0005219713811148876,0.0005219713811148876
global_fit_ye,ratio,Ye,0.015488,0.007463788384805299,,0.0005317042529180728,0.0005317042529180728
global_fit_ye,ratio,Ye,0.015668,0.007547818436852163,,0.000541610525294765,0.000541610525294765
global_fit_ye,ratio,Ye,0.015849,0.007632771482833926,,0.0005516930456100088,0.0005516930456100088
global_fit_ye,ratio,Ye,0.016032,0.007718657032718443,,0.0005619542128014235,0.0005619542128014235
global_fit_ye,ratio,Ye,0.016218,0.007805484825510742,,0.0005723966674432411,0.0005723966674432411
global_fit_ye,ratio,Ye,0.016406,0.007893265950548366,,0.0005830230257518941,0.0005830230257518941
global_fit_ye,ratio,Ye,0.016596,0.007982008158500763,,0.0005938360346162275,0.0005938360346162275
global_fit_ye,ratio,Ye,0.016788,0.008071723200580402,,0.0006048380372079411,0.0006048380372079411
global_fit_ye,ratio,Ye,0.016982,0.008162421238257814,,0.0006160318616033535,0.0006160318616033535
global_fit_ye,ratio,Ye,0.017179,0.00825411203535539,,0.0006274199566781907,0.0006274199566781907
global_fit_ye,ratio,Ye,0.017378,0.008346805161126028,,0.0006390050328682437,0.0006390050328682437
global_fit_ye,ratio,Ye,0.017579,0.008440512051303051,,0.0006507896681432723,0.0006507896681432723
global_fit_ye,ratio,Ye,0.017783,0.008535243476910797,,0.0006627763134105042,0.0006627763134105042
global_fit_ye,ratio,Ye,0.017989,0.008631009904465841,,0.0006749677533159517,0.0006749677533159517
global_fit_ye,ratio,Ye,0.018197,0.008727821097543036,,0.0006873664392099613,0.0006873664392099613
global_fit_ye,ratio,Ye,0.018408,0.008825689576756045,,0.0006999748613470219,0.0006999748613470219
global_fit_ye,ratio,Ye,0.018621,0.00892462499763148,,0.0007127956458035651,0.0007127956458035651
global_fit_ye,ratio,Ye,0.018836,0.009024638131972539,,0.0007258312456885727,0.0007258312456885727
global_fit_ye,ratio,Ye,0.019055,0.009125741561197385,,0.000739084061344119,0.000739084061344119
global_fit_ye,ratio,Ye,0.019275,0.00922794590224606,,0.0007525566983048147,0.0007525566983048147
global_fit_ye,ratio,Ye,0.019498,0.00933126202667761,,0.00076625144050508,0.00076625144050508
global_fit_ye,ratio,Ye,0.019724,0.009435701571014811,,0.0007801706947648556,0.0007801706947648556
global_fit_ye,ratio,Ye,0.019953,0.009541277233434045,,0.0007943168781607968,0.0007943168781607968
global_fit_ye,ratio,Ye,0.020184,0.00964799783926356,,0.0008086921692268596,0.0008086921692268596
global_fit_ye,ratio,Ye,0.020417,0.009755878091353315,,0.0008232989693600412,0.0008232989693600412
global_fit_ye,ratio,Ye,0.020654,0.009864928798558516,,0.0008381393398104491,0.0008381393398104491
global_fit_ye,ratio,Ye,0.020893,0.00997516174375858,,0.0008532155214962389,0.0008532155214962389
global_fit_ye,ratio,Ye,0.021135,0.01008658973948919,,0.000868529749112147,0.000868529749112147
global_fit_ye,ratio,Ye,0.02138,0.010199221599847427,,0.0008840839688863234,0.0008840839688863234
global_fit_ye,ratio,Ye,0.021627,0.01031308327509518,,0.0008998801517015906,0.0008998801517015906
global_fit_ye,ratio,Ye,0.021878,0.010428160359791157,,0.0009159201270426201,0.0009159201270426201
global_fit_ye,ratio,Ye,0.022131,0.01054449503094004,,0.0009322059598658622,0.0009322059598658622
global_fit_ye,ratio,Ye,0.022387,0.01066207798702723,,0.0009487393898104721,0.0009487393898104721
global_fit_ye,ratio,Ye,0.022646,0.010780940315539864,,0.0009655220879456692,0.0009655220879456692
global_fit_ye,ratio,Ye,0.022909,0.010901071636179059,,0.0009825556965755542,0.0009825556965755542
global_fit_ye,ratio,Ye,0.023174,0.011022504143384742,,0.0009998416836926748,0.0009998416836926748
global_fit_ye,ratio,Ye,0.023442,0.01114524877865904,,0.0010173820122448918,0.0010173820122448918
global_fit_ye,ratio,Ye,0.023714,0.011269316497178213,,0.0010351770349774664,0.0010351770349774664
global_fit_ye,ratio,Ye,0.023988,0.011394718267922089,,0.0010532289184029945,0.0010532289184029945
global_fit_ye,ratio,Ye,0.024266,0.011521465073803904,,0.0010715378171456853,0.0010715378171456853
global_fit_ye,ratio,Ye,0.024547,0.011649578016054044,,0.0010901069132002337,0.0010901069132002337
global_fit_ye,ratio,Ye,0.024831,0.011779058003989028,,0.0011089343439792834,0.0011089343439792834
global_fit_ye,ratio,Ye,0.025119,0.011909936276468218,,0.00112802330305396,0.00112802330305396
global_fit_ye,ratio,Ye,0.02541,0.01204221377292671,,0.0011473729339586643,0.0011473729339586643
global_fit_ye,ratio,Ye,0.025704,0.012175911660831682,,0.0011669844125835687,0.0011669844125835687
global_fit_ye,ratio,Ye,0.026002,0.012311042261746126,,0.001186859025591253,0.001186859025591253
global_fit_ye,ratio,Ye,0.026303,0.012447615450768761,,0.0012069958118280089,0.0012069958118280089
global_fit_ye,ratio,Ye,0.026607,0.012585652448236378,,0.0012273959474751862,0.0012273959474751862
global_fit_ye,ratio,Ye,0.026915,0.012725164380693653,,0.0012480585899229469,0.0012480585899229469
global_fit_ye,ratio,Ye,0.027227,0.0128661623901485,,0.0012689849087442462,0.0012689849087442462
global_fit_ye,ratio,Ye,0.027542,0.013008669067040854,,0.0012901731920384628,0.0012901731920384628
global_fit_ye,ratio,Ye,0.027861,0.013152694302085651,,0.0013116244846996627,0.0013116244846996627
global_fit_ye,ratio,Ye,0.028184,0.013298259408408331,,0.0013333369425861765,0.0013333369425861765
global_fit_ye,ratio,Ye,0.02851,0.013445366839816108,,0.0013553108622198409,0.0013553108622198409
global_fit_ye,ratio,Ye,0.02884,0.013594046736254214,,0.0013775452822397363,0.0013775452822397363
global_fit_ye,ratio,Ye,0.029174,0.013744300225288018,,0.001400038341873465,0.001400038341873465
global_fit_ye,ratio,Ye,0.029512,0.013896148695325627,,0.001422790213643405,0.001422790213643405
global_fit_ye,ratio,Ye,0.029854,0.01404961497972117,,0.0014457981949795396,0.0014457981949795396
global_fit_ye,ratio,Ye,0.0302,0.014204698865439777,,0.001469062295840989,0.001469062295840989
global_fit_ye,ratio,Ye,0.030549,0.01436143192950253,,0.001492578663982138,0.001492578663982138
global_fit_ye,ratio,Ye,0.030903,0.014519825516530777,,0.0015163474630306001,0.0015163474630306001
global_fit_ye,ratio,Ye,0.031261,0.014679890988606246,,0.0015403658263348594,0.0015403658263348594
global_fit_ye,ratio,Ye,0.031623,0.014841651362740987,,0.001564631058931855,0.001564631058931855
global_fit_ye,ratio,Ye,0.031989,0.01500512670517295,,0.0015891411558565352,0.0015891411558565352
global_fit_ye,ratio,Ye,0.032359,0.015170316766592043,,0.0016138930759305816,0.0016138930759305816
global_fit_ye,ratio,Ye,0.032734,0.015337246181475523,,0.00163888428586735,0.00163888428586735
global_fit_ye,ratio,Ye,0.033113,0.01550594516878358,,0.0016641117702078272,0.0016641117702078272
global_fit_ye,ratio,Ye,0.033497,0.015676415076354068,,0.001689571636145891,0.001689571636145891
global_fit_ye,ratio,Ye,0.033884,0.015848675941875643,,0.0017152608429521013,0.0017152608429521013
global_fit_ye,ratio,Ye,0.034277,0.016022740863165602,,0.0017411756740338567,0.0017411756740338567
global_fit_ye,ratio,Ye,0.034674,0.01619864331903308,,0.001767312439927708,0.001767312439927708
global_fit_ye,ratio,Ye,0.035075,0.01637637980541022,,0.0017936666946589078,0.0017936666946589078
global_fit_ye,ratio,Ye,0.035481,0.01655598713738652,,0.001820235103313246,0.001820235103313246
global_fit_ye,ratio,Ye,0.035892,0.016737463439430035,,0.001847011384247336,0.001847011384247336
global_fit_ye,ratio,Ye,0.036308,0.016920840590079554,,0.001873991632391141,0.001873991632391141
global_fit_ye,ratio,Ye,0.036728,0.017106142082898734,,0.0019011711291416285,0.0019011711291416285
global_fit_ye,ratio,Ye,0.037154,0.017293367691997113,,0.0019285447485548795,0.0019285447485548795
global_fit_ye,ratio,Ye,0.037584,0.01748254937247618,,0.001956107612242158,0.001956107612242158
global_fit_ye,ratio,Ye,0.038019,0.01767369879544997,,0.001983851701628784,0.001983851701628784
global_fit_ye,ratio,Ye,0.038459,0.01786683781126594,,0.00201177415886013,0.00201177415886013
global_fit_ye,ratio,Ye,0.038905,0.018061978135071235,,0.002039868000001271,0.002039868000001271
global_fit_ye,ratio,Ye,0.039355,0.018259149972285286,,0.002068126077093313,0.002068126077093313
global_fit_ye,ratio,Ye,0.039811,0.0184583687786754,,0.002096542844742771,0.002096542844742771
global_fit_ye,ratio,Ye,0.040272,0.01865965087642818,,0.002125110683935492,0.002125110683935492
global_fit_ye,ratio,Ye,0.040738,0.018863011786185758,,0.0021538250709350055,0.0021538250709350055
global_fit_ye,ratio,Ye,0.04121,0.019068481738179422,,0.00218267578733387,0.00218267578733387
global_fit_ye,ratio,Ye,0.041687,0.019276062357293164,,0.0022116588496774114,0.0022116588496774114
global_fit_ye,ratio,Ye,0.04217,0.019485785800918407,,0.0022407642414115666,0.0022407642414115666
global_fit_ye,ratio,Ye,0.042658,0.019697684259966142,,0.002269985971690199,0.002269985971690199
global_fit_ye,ratio,Ye,0.043152,0.01991174722581801,,0.002299315777993672,0.002299315777993672
global_fit_ye,ratio,Ye,0.043652,0.02012801704776842,,0.0023287456504942393,0.0023287456504942393
global_fit_ye,ratio,Ye,0.044157,0.0203465055742024,,0.002358266489491491,0.002358266489491491
global_fit_ye,ratio,Ye,0.044668,0.02056723694872186,,0.0023878725801762097,0.0023878725801762097
global_fit_ye,ratio,Ye,0.045186,0.02079021889795486,,0.002417552273284473,0.002417552273284473
global_fit_ye,ratio,Ye,0.045709,0.021015495961206727,,0.0024472998583805056,0.0024472998583805056
global_fit_ye,ratio,Ye,0.046238,0.021243067733734963,,0.0024771039313875374,0.0024771039313875374
global_fit_ye,ratio,Ye,0.046774,0.021472956294360575,,0.002506957421716805,0.002506957421716805
global_fit_ye,ratio,Ye,0.047315,0.021705193938429804,,0.002536850238830607,0.002536850238830607
global_fit_ye,ratio,Ye,0.047863,0.021939790372326563,,0.002566774028832179,0.002566774028832179
global_fit_ye,ratio,Ye,0.048417,0.022176780133806827,,0.0025967189219805614,0.0025967189219805614
global_fit_ye,ratio,Ye,0.048978,0.022416175213121815,,0.002626675775757462,0.002626675775757462
global_fit_ye,ratio,Ye,0.049545,0.022657993196290298,,0.002656634967291205,0.002656634967291205
global_fit_ye,ratio,Ye,0.050119,0.022902258501280835,,0.0026865865470999855,0.0026865865470999855
global_fit_ye,ratio,Ye,0.050699,0.023148990948561602,,0.0027165211555055346,0.0027165211555055346
global_fit_ye,ratio,Ye,0.051286,0.02339821266785256,,0.002746428570174937,0.002746428570174937
global_fit_ye,ratio,Ye,0.05188,0.02364995601834299,,0.0027762996294800517,0.0027762996294800517
global_fit_ye,ratio,Ye,0.052481,0.02390423053528012,,0.00280612286658632,0.00280612286658632
global_fit_ye,ratio,Ye,0.053088,0.02416106080669252,,0.0028358903690313478,0.0028358903690313478
global_fit_ye,ratio,Ye,0.053703,0.024420466563538655,,0.002865590611037353,0.002865590611037353
global_fit_ye,ratio,Ye,0.054325,0.024682477665405902,,0.0028952141356837053,0.0028952141356837053
global_fit_ye,ratio,Ye,0.054954,0.02494710855864272,,0.002924749967109916,0.002924749967109916
global_fit_ye,ratio,Ye,0.05559,0.025214386519894244,,0.0029541892667495286,0.0029541892667495286
global_fit_ye,ratio,Ye,0.056234,0.025484326006635763,,0.00298352009201069,0.00298352009201069
global_fit_ye,ratio,Ye,0.056885,0.02575695677828181,,0.00301273390095041,0.00301273390095041
global_fit_ye,ratio,Ye,0.057544,0.026032300947196767,,0.00304182042395891,0.00304182042395891
global_fit_ye,ratio,Ye,0.05821,0.026310390870143446,,0.0030707683756012573,0.0030707683756012573
global_fit_ye,ratio,Ye,0.058884,0.026591225532380528,,0.0030995691388383383,0.0030995691388383383
global_fit_ye,ratio,Ye,0.059566,0.02687484471951217,,0.0031282111410339797,0.0031282111410339797
global_fit_ye,ratio,Ye,0.060256,0.0271612629976552,,0.003156685369471817,0.003156685369471817
global_fit_ye,ratio,Ye,0.060954,0.02745052014132381,,0.003184981196390855,0.003184981196390855
global_fit_ye,ratio,Ye,0.06166,0.027742617739449246,,0.0032130903547067393,0.0032130903547067393
global_fit_ye,ratio,Ye,0.062373,0.02803758522042154,,0.0032410021506306674,0.0032410021506306674
global_fit_ye,ratio,Ye,0.063096,0.028335451912618433,,0.0032687059238845945,0.0032687059238845945
global_fit_ye,ratio,Ye,0.063826,0.02863624266606511,,0.003296193677470702,0.003296193677470702
global_fit_ye,ratio,Ye,0.064565,0.028939976542198848,,0.0033234547214094088,0.0033234547214094088
global_fit_ye,ratio,Ye,0.065313,0.02924667248918317,,0.0033504814069037427,0.0033504814069037427
global_fit_ye,ratio,Ye,0.066069,0.02955636261254916,,0.0033772623491525786,0.0033772623491525786
global_fit_ye,ratio,Ye,0.066834,0.029869058541168746,,0.0034037901870242514,0.0034037901870242514
global_fit_ye,ratio,Ye,0.067608,0.030184799561408134,,0.0034300562689096497,0.0034300562689096497
global_fit_ye,ratio,Ye,0.068391,0.03050360434982286,,0.0034560497779097376,0.0034560497779097376
global_fit_ye,ratio,Ye,0.069183,0.030825484364641095,,0.0034817644300307988,0.0034817644300307988
global_fit_ye,ratio,Ye,0.069984,0.031150485022708774,,0.0035071922027213763,0.0035071922027213763
global_fit_ye,ratio,Ye,0.070795,0.031478608213558974,,0.0035323226253353135,0.0035323226253353135
global_fit_ye,ratio,Ye,0.071614,0.03180989924224455,,0.003557149697731285,0.003557149697731285
global_fit_ye,ratio,Ye,0.072444,0.03214435593146949,,0.0035816646319974978,0.0035816646319974978
global_fit_ye,ratio,Ye,0.073282,0.032482027264618026,,0.003605860753183529,0.003605860753183529
global_fit_ye,ratio,Ye,0.074131,0.032822938051818386,,0.0036297310747440237,0.0036297310747440237
global_fit_ye,ratio,Ye,0.074989,0.0331670824990763,,0.00365326736566874,0.00365326736566874
global_fit_ye,ratio,Ye,0.075858,0.03351452299966957,,0.0036764633805776393,0.0036764633805776393
global_fit_ye,ratio,Ye,0.076736,0.03386526035411684,,0.00369931367112118,0.00369931367112118
global_fit_ye,ratio,Ye,0.077625,0.0342193191304297,,0.0037218101013289564,0.0037218101013289564
global_fit_ye,ratio,Ye,0.078524,0.03457673425853422,,0.0037439477602512115,0.0037439477602512115
global_fit_ye,ratio,Ye,0.079433,0.03493752336336243,,0.003765721843137794,0.003765721843137794
global_fit_ye,ratio,Ye,0.080353,0.035301714188699096,,0.0037871256382209367,0.0037871256382209367
global_fit_ye,ratio,Ye,0.081283,0.03566932404458819,,0.003808154357790447,0.003808154357790447
global_fit_ye,ratio,Ye,0.082224,0.03604038406082797,,0.0038288027331209234,0.0038288027331209234
global_fit_ye,ratio,Ye,0.083176,0.03641492536085696,,0.0038490673530487047,0.0038490673530487047
global_fit_ye,ratio,Ye,0.08414,0.0367929649935226,,0.003868943531477859,0.003868943531477859
global_fit_ye,ratio,Ye,0.085114,0.03717451983411595,,0.0038884265131143504,0.0038884265131143504
global_fit_ye,ratio,Ye,0.086099,0.03755962715520102,,0.003907512593300062,0.003907512593300062
global_fit_ye,ratio,Ye,0.087096,0.037948297098403555,,0.003926199457882274,0.003926199457882274
global_fit_ye,ratio,Ye,0.088105,0.038340570649061524,,0.003944484840418458,0.003944484840418458
global_fit_ye,ratio,Ye,0.089125,0.03873646421179283,,0.003962363992369872,0.003962363992369872
global_fit_ye,ratio,Ye,0.090157,0.039136000266821,,0.0039798358607861135,0.0039798358607861135
global_fit_ye,ratio,Ye,0.091201,0.039539213150724645,,0.003996897554610164,0.003996897554610164
global_fit_ye,ratio,Ye,0.092257,0.03994611882217636,,0.004013548430224648,0.004013548430224648
global_fit_ye,ratio,Ye,0.093325,0.04035674333828979,,0.004029785797725352,0.004029785797725352
global_fit_ye,ratio,Ye,0.094406,0.04077111255773327,,0.0040456090260426215,0.0040456090260426215
global_fit_ye,ratio,Ye,0.095499,0.041189246077601466,,0.004061017895030053,0.004061017895030053
global_fit_ye,ratio,Ye,0.096605,0.04161117376111407,,0.0040760122000089,0.0040760122000089
global_fit_ye,ratio,Ye,0.097724,0.04203691677608658,,0.004090589873456847,0.004090589873456847
global_fit_ye,ratio,Ye,0.098855,0.04246650027553786,,0.004104753369631742,0.004104753369631742
global_fit_ye,ratio,Ye,0.1,0.042899958037412575,,0.004118500878504775,0.004118500878504775
global_fit_ye,ratio,Ye,0.10116,0.04333730473689099,,0.004131835889436558,0.004131835889436558
global_fit_ye,ratio,Ye,0.10233,0.04377856061658196,,0.004144757369401808,0.004144757369401808
global_fit_ye,ratio,Ye,0.10351,0.04422375462523135,,0.004157267207943769,0.004157267207943769
global_fit_ye,ratio,Ye,0.10471,0.0446729156635005,,0.004169367298114498,0.004169367298114498
global_fit_ye,ratio,Ye,0.10593,0.04512606792866964,,0.0041810601453287485,0.0041810601453287485
global_fit_ye,ratio,Ye,0.10715,0.045583220359509485,,0.004192347802191597,0.004192347802191597
global_fit_ye,ratio,Ye,0.10839,0.04604442665351605,,0.004203231621566083,0.004203231621566083
global_fit_ye,ratio,Ye,0.10965,0.046509679465002174,,0.004213717177679638,0.004213717177679638
global_fit_ye,ratio,Ye,0.11092,0.04697901792942382,,0.004223804527219208,0.004223804527219208
global_fit_ye,ratio,Ye,0.1122,0.04745246446658309,,0.004233499137671106,0.004233499137671106
global_fit_ye,ratio,Ye,0.1135,0.047930052373399985,,0.004242805615335157,0.004242805615335157
global_fit_ye,ratio,Ye,0.11482,0.0484117890428742,,0.004251725044131297,0.004251725044131297
global_fit_ye,ratio,Ye,0.11614,0.048897706857788346,,0.0042602639601213394,0.0042602639601213394
global_fit_ye,ratio,Ye,0.11749,0.04938782303374557,,0.004268426544866701,0.004268426544866701
global_fit_ye,ratio,Ye,0.11885,0.049882174928361195,,0.0042762168800267045,0.0042762168800267045
global_fit_ye,ratio,Ye,0.12023,0.05038076364215022,,0.004283640612602128,0.004283640612602128
global_fit_ye,ratio,Ye,0.12162,0.05088364161595407,,0.004290702451789551,0.004290702451789551
global_fit_ye,ratio,Ye,0.12303,0.051390804344837636,,0.004297408508681853,0.004297408508681853
global_fit_ye,ratio,Ye,0.12445,0.05190229351093768,,0.004303764521045644,0.004303764521045644
global_fit_ye,ratio,Ye,0.12589,0.05241813525517306,,0.0043097756378271046,0.0043097756378271046
global_fit_ye,ratio,Ye,0.12735,0.052938334358466635,,0.0043154491930165245,0.0043154491930165245
global_fit_ye,ratio,Ye,0.12882,0.053462926778821696,,0.004320790361750238,0.004320790361750238
global_fit_ye,ratio,Ye,0.13032,0.05399193246763337,,0.0043258059328879295,0.0043258059328879295
global_fit_ye,ratio,Ye,0.13183,0.054525366355614696,,0.0043305031459445545,0.0043305031459445545
global_fit_ye,ratio,Ye,0.13335,0.05506326857662932,,0.004334888845096185,0.004334888845096185
global_fit_ye,ratio,Ye,0.1349,0.05560565827146216,,0.004338969837592229,0.004338969837592229
global_fit_ye,ratio,Ye,0.13646,0.05615254971352596,,0.004342753407470236,0.004342753407470236
global_fit_ye,ratio,Ye,0.13804,0.0567039556760733,,0.004346248002569629,0.004346248002569629
global_fit_ye,ratio,Ye,0.13964,0.057259926780024235,,0.004349459347075416,0.004349459347075416
global_fit_ye,ratio,Ye,0.14125,0.05782046482843383,,0.004352395913580485,0.004352395913580485
global_fit_ye,ratio,Ye,0.14289,0.05838559343974734,,0.004355066048168017,0.004355066048168017
global_fit_ye,ratio,Ye,0.14454,0.05895534644270726,,0.004357478148601459,0.004357478148601459
global_fit_ye,ratio,Ye,0.14622,0.0595297348987545,,0.004359639684021184,0.004359639684021184
global_fit_ye,ratio,Ye,0.14791,0.060108781687682064,,0.004361558022295246,0.004361558022295246
global_fit_ye,ratio,Ye,0.14962,0.06069251989090532,,0.004363242608964612,0.004363242608964612
global_fit_ye,ratio,Ye,0.15136,0.06128094911426743,,0.004364701968878392,0.004364701968878392
global_fit_ye,ratio,Ye,0.15311,0.06187411213515888,,0.004365944542074659,0.004365944542074659
global_fit_ye,ratio,Ye,0.15488,0.06247202057929287,,0.004366977732770128,0.004366977732770128
global_fit_ye,ratio,Ye,0.15668,0.06307469356102181,,0.00436781216837329,0.00436781216837329
global_fit_ye,ratio,Ye,0.15849,0.0636821692927449,,0.004368455748038691,0.004368455748038691
global_fit_ye,ratio,Ye,0.16032,0.06429445212479207,,0.004368916466225106,0.004368916466225106
global_fit_ye,ratio,Ye,0.16218,0.06491156667318466,,0.004369205434699042,0.004369205434699042
global_fit_ye,ratio,Ye,0.16406,0.06553353714148882,,0.004369328629685923,0.004369328629685923
global_fit_ye,ratio,Ye,0.16596,0.0661603838174542,,0.004369297624040895,0.004369297624040895
global_fit_ye,ratio,Ye,0.16788,0.06679212682560859,,0.004369120923194675,0.004369120923194675
global_fit_ye,ratio,Ye,0.16982,0.06742877915853215,,0.004368807593139106,0.004368807593139106
global_fit_ye,ratio,Ye,0.17179,0.06807038437816797,,0.00436836571382346,0.00436836571382346
global_fit_ye,ratio,Ye,0.17378,0.06871693394346648,,0.004367805391290027,0.004367805391290027
global_fit_ye,ratio,Ye,0.17579,0.06936847137216032,,0.0043671360597375645,0.0043671360597375645
global_fit_ye,ratio,Ye,0.17783,0.07002500436987624,,0.004366365921344488,0.004366365921344488
global_fit_ye,ratio,Ye,0.17989,0.0706865615583044,,0.004365505567354019,0.004365505567354019
global_fit_ye,ratio,Ye,0.18197,0.07135315071495629,,0.0043645625008477155,0.0043645625008477155
global_fit_ye,ratio,Ye,0.18408,0.07202481042115355,,0.004363548360241298,0.004363548360241298
global_fit_ye,ratio,Ye,0.18621,0.07270154339563563,,0.004362469745355614,0.004362469745355614
global_fit_ye,ratio,Ye,0.18836,0.07338338467232042,,0.004361337718519673,0.004361337718519673
global_fit_ye,ratio,Ye,0.19055,0.07407034374796406,,0.004360161395085959,0.004360161395085959
global_fit_ye,ratio,Ye,0.19275,0.074762437363844,,0.004358949328838376,0.004358949328838376
global_fit_ye,ratio,Ye,0.19498,0.0754596974547869,,0.0043577102063835195,0.0043577102063835195
global_fit_ye,ratio,Ye,0.19724,0.07616213500936587,,0.004356454495099637,0.004356454495099637
global_fit_ye,ratio,Ye,0.19953,0.0768697709471961,,0.0043551898524276916,0.0043551898524276916
global_fit_ye,ratio,Ye,0.20184,0.07758263109073142,,0.004353926876701244,0.004353926876701244
global_fit_ye,ratio,Ye,0.20417,0.07830073073427292,,0.004352675143329013,0.004352675143329013
global_fit_ye,ratio,Ye,0.20654,0.07902408712924233,,0.0043514417263891885,0.0043514417263891885
global_fit_ye,ratio,Ye,0.20893,0.07975272524302764,,0.00435023618989613,0.00435023618989613
global_fit_ye,ratio,Ye,0.21135,0.08048665750084479,,0.004349069574929624,0.004349069574929624
global_fit_ye,ratio,Ye,0.2138,0.08122590416411922,,0.004347948036571266,0.004347948036571266
global_fit_ye,ratio,Ye,0.21627,0.08197049568287709,,0.004346882046463676,0.004346882046463676
global_fit_ye,ratio,Ye,0.21878,0.08272043909726826,,0.004345880242412152,0.004345880242412152
global_fit_ye,ratio,Ye,0.22131,0.08347574581072997,,0.004344951561923162,0.004344951561923162
global_fit_ye,ratio,Ye,0.22387,0.08423645985023584,,0.004344105581052444,0.004344105581052444
global_fit_ye,ratio,Ye,0.22646,0.08500258534203765,,0.004343349316483482,0.004343349316483482
global_fit_ye,ratio,Ye,0.22909,0.08577414501161562,,0.00434269228534466,0.00434269228534466
global_fit_ye,ratio,Ye,0.23174,0.08655116135072878,,0.0043421439963087565,0.0043421439963087565
global_fit_ye,ratio,Ye,0.23442,0.08733363733309178,,0.004341712449239065,0.004341712449239065
global_fit_ye,ratio,Ye,0.23714,0.08812160381806952,,0.004341405542774756,0.004341405542774756
global_fit_ye,ratio,Ye,0.23988,0.08891508259505561,,0.0043412337750594505,0.0043412337750594505
global_fit_ye,ratio,Ye,0.24266,0.08971408704525069,,0.0043412026490183015,0.0043412026490183015
global_fit_ye,ratio,Ye,0.24547,0.09051864632390112,,0.00434132352865267,0.00434132352865267
global_fit_ye,ratio,Ye,0.24831,0.09132876182932949,,0.00434160433090172,0.00434160433090172
global_fit_ye,ratio,Ye,0.25119,0.09214446443094873,,0.0043420524831557445,0.0043420524831557445
global_fit_ye,ratio,Ye,0.2541,0.09296577446672176,,0.004342676330699239,0.004342676330699239
global_fit_ye,ratio,Ye,0.25704,0.0937927120282454,,0.00434348423267143,0.00434348423267143
global_fit_ye,ratio,Ye,0.26002,0.0946252866900931,,0.004344485549631675,0.004344485549631675
global_fit_ye,ratio,Ye,0.26303,0.0954635283237393,,0.004345686593702319,0.004345686593702319
global_fit_ye,ratio,Ye,0.26607,0.09630746616057419,,0.004347098128181629,0.004347098128181629
global_fit_ye,ratio,Ye,0.26915,0.09715707909099668,,0.004348726473670989,0.004348726473670989
global_fit_ye,ratio,Ye,0.27227,0.09801242655237535,,0.004350579402021153,0.004350579402021153
global_fit_ye,ratio,Ye,0.27542,0.09887351675912608,,0.0043526665622513104,0.0043526665622513104
global_fit_ye,ratio,Ye,0.27861,0.09974035809445865,,0.004354994716204388,0.004354994716204388
global_fit_ye,ratio,Ye,0.28184,0.10061297896731418,,0.004357573492010294,0.004357573492010294
global_fit_ye,ratio,Ye,0.2851,0.10149139732911337,,0.0043604085928371965,0.0043604085928371965
global_fit_ye,ratio,Ye,0.2884,0.1023756517279636,,0.004363510095467054,0.004363510095467054
global_fit_ye,ratio,Ye,0.29174,0.1032657593446595,,0.0043668841842893925,0.0043668841842893925
global_fit_ye,ratio,Ye,0.29512,0.10416164598067289,,0.004370539715334854,0.004370539715334854
global_fit_ye,ratio,Ye,0.29854,0.10506347177489271,,0.0043744854649200296,0.0043744854649200296
global_fit_ye,ratio,Ye,0.302,0.10597122341884338,,0.004378727852630648,0.004378727852630648
global_fit_ye,ratio,Ye,0.30549,0.10688487683870015,,0.004383274784815711,0.004383274784815711
global_fit_ye,ratio,Ye,0.30903,0.1078044077683891,,0.004388135199227487,0.004388135199227487
global_fit_ye,ratio,Ye,0.31261,0.1087299049984832,,0.004393315506622935,0.004393315506622935
global_fit_ye,ratio,Ye,0.31623,0.10966145733359361,,0.004398826149232535,0.004398826149232535
global_fit_ye,ratio,Ye,0.31989,0.11059901766919693,,0.004404671991152667,0.004404671991152667
global_fit_ye,ratio,Ye,0.32359,0.11154249285917886,,0.004410863035610201,0.004410863035610201
global_fit_ye,ratio,Ye,0.32734,0.11249214139122234,,0.004417406479131543,0.004417406479131543
global_fit_ye,ratio,Ye,0.33113,0.11344776847398348,,0.0044243100915254486,0.0044243100915254486
global_fit_ye,ratio,Ye,0.33497,0.11440942797527623,,0.004431580739537863,0.004431580739537863
global_fit_ye,ratio,Ye,0.33884,0.11537732151790647,,0.004439228200367621,0.004439228200367621
global_fit_ye,ratio,Ye,0.34277,0.11635123188355632,,0.004447259242826381,0.004447259242826381
global_fit_ye,ratio,Ye,0.34674,0.11733141538583022,,0.004455681815943913,0.004455681815943913
global_fit_ye,ratio,Ye,0.35075,0.11831769050595857,,0.004464505016377827,0.004464505016377827
global_fit_ye,ratio,Ye,0.35481,0.11931019919786491,,0.004473734099764427,0.004473734099764427
global_fit_ye,ratio,Ye,0.35892,0.12030886244871575,,0.004483381173994406,0.004483381173994406
global_fit_ye,ratio,Ye,0.36308,0.12131383358869002,,0.004493450933080604,0.004493450933080604
global_fit_ye,ratio,Ye,0.36728,0.12232500973129838,,0.004503953408501296,0.004503953408501296
global_fit_ye,ratio,Ye,0.37154,0.12334246671538299,,0.00451489497730422,0.00451489497730422
global_fit_ye,ratio,Ye,0.37584,0.12436629264129612,,0.004526285459252681,0.004526285459252681
global_fit_ye,ratio,Ye,0.38019,0.12539647426584719,,0.0045381324392405826,0.0045381324392405826
global_fit_ye,ratio,Ye,0.38459,0.12643288444014036,,0.004550443785146958,0.004550443785146958
global_fit_ye,ratio,Ye,0.38905,0.127475814096695,,0.004563229487763555,0.004563229487763555
global_fit_ye,ratio,Ye,0.39355,0.12852506066996158,,0.0045764961431464055,0.0045764961431464055
global_fit_ye,ratio,Ye,0.39811,0.1295806868570359,,0.0045902533350067765,0.0045902533350067765
global_fit_ye,ratio,Ye,0.40272,0.1306428953692651,,0.004604510146407892,0.004604510146407892
global_fit_ye,ratio,Ye,0.40738,0.13171145823815328,,0.004619273069148692,0.004619273069148692
global_fit_ye,ratio,Ye,0.4121,0.13278656528181818,,0.004634552635865844,0.004634552635865844
global_fit_ye,ratio,Ye,0.41687,0.13386821774462423,,0.004650358451914586,0.004650358451914586
global_fit_ye,ratio,Ye,0.4217,0.13495649123557707,,0.0046666973723066656,0.0046666973723066656
global_fit_ye,ratio,Ye,0.42658,0.1360512730148647,,0.004683580154554101,0.004683580154554101
global_fit_ye,ratio,Ye,0.43152,0.1371526662911812,,0.004701015521671761,0.004701015521671761
global_fit_ye,ratio,Ye,0.43652,0.13826063221873844,,0.004719011356379595,0.004719011356379595
global_fit_ye,ratio,Ye,0.44157,0.1393752882580053,,0.004737579669373071,0.004737579669373071
global_fit_ye,ratio,Ye,0.44668,0.14049669623021707,,0.00475672846017717,0.00475672846017717
global_fit_ye,ratio,Ye,0.45186,0.1416247730036924,,0.004776467243780056,0.004776467243780056
global_fit_ye,ratio,Ye,0.45709,0.14275950865956302,,0.0047968067393030864,0.0047968067393030864
global_fit_ye,ratio,Ye,0.46238,0.14390106564354596,,0.004817755864222867,0.004817755864222867
global_fit_ye,ratio,Ye,0.46774,0.1450494774087411,,0.004839325677035462,0.004839325677035462
global_fit_ye,ratio,Ye,0.47315,0.14620470565753227,,0.0048615266603271685,0.0048615266603271685
global_fit_ye,ratio,Ye,0.47863,0.14736675591535,,0.004884367772648039,0.004884367772648039
global_fit_ye,ratio,Ye,0.48417,0.14853563448487153,,0.004907861832199982,0.004907861832199982
global_fit_ye,ratio,Ye,0.48978,0.14971140365124203,,0.004932018272805161,0.004932018272805161
global_fit_ye,ratio,Ye,0.49545,0.15089420050178773,,0.004956848137658291,0.004956848137658291
global_fit_ye,ratio,Ye,0.50119,0.15208398739360438,,0.004982363498243344,0.004982363498243344
global_fit_ye,ratio,Ye,0.50699,0.15328068747415702,,0.005008575324360894,0.005008575324360894
global_fit_ye,ratio,Ye,0.51286,0.15448454071993364,,0.005035496715075345,0.005035496715075345
global_fit_ye,ratio,Ye,0.5188,0.15569525533589887,,0.005063134019034301,0.005063134019034301
global_fit_ye,ratio,Ye,0.52481,0.15691312613325029,,0.0050915052907912605,0.0050915052907912605
global_fit_ye,ratio,Ye,0.53088,0.15813813322370063,,0.005120621868254492,0.005120621868254492
global_fit_ye,ratio,Ye,0.53703,0.1593703564084306,,0.005150497264417849,0.005150497264417849
global_fit_ye,ratio,Ye,0.54325,0.16060967587609143,,0.005181141499917186,0.005181141499917186
global_fit_ye,ratio,Ye,0.54954,0.16185627084337734,,0.005212569082389762,0.005212569082389762
global_fit_ye,ratio,Ye,0.5559,0.16311018374077788,,0.005244796485550443,0.005244796485550443
global_fit_ye,ratio,Ye,0.56234,0.16437123425051137,,0.005277833177723933,0.005277833177723933
global_fit_ye,ratio,Ye,0.56885,0.16563976565855834,,0.00531169611075893,0.00531169611075893
global_fit_ye,ratio,Ye,0.57544,0.16691556205673583,,0.005346398936415059,0.005346398936415059
global_fit_ye,ratio,Ye,0.5821,0.16819863821808373,,0.0053819511464852495,0.0053819511464852495
global_fit_ye,ratio,Ye,0.58884,0.16948930987901964,,0.005418378006915604,0.005418378006915604
global_fit_ye,ratio,Ye,0.59566,0.17078729480430463,,0.005455687394641445,0.005455687394641445
global_fit_ye,ratio,Ye,0.60256,0.17209294487011847,,0.005493901217995331,0.005493901217995331
global_fit_ye,ratio,Ye,0.60954,0.17340587636179178,,0.005533028942174334,0.005533028942174334
global_fit_ye,ratio,Ye,0.6166,0.17472654234868115,,0.00557309173118457,0.00557309173118457
global_fit_ye,ratio,Ye,0.62373,0.1760547310255289,,0.005614105775819865,0.005614105775819865
global_fit_ye,ratio,Ye,0.63096,0.17739042888917236,,0.005656086694370594,0.005656086694370594
global_fit_ye,ratio,Ye,0.63826,0.17873399680356136,,0.005699059358446708,0.005699059358446708
global_fit_ye,ratio,Ye,0.64565,0.18008524677608154,,0.005743034359546952,0.005743034359546952
global_fit_ye,ratio,Ye,0.65313,0.1814441467464594,,0.005788034827448067,0.005788034827448067
global_fit_ye,ratio,Ye,0.66069,0.1828108844074352,,0.00583408057053992,0.00583408057053992
global_fit_ye,ratio,Ye,0.66834,0.18418544984474847,,0.005881189192145532,0.005881189192145532
global_fit_ye,ratio,Ye,0.67608,0.1855678332139292,,0.005929381038019102,0.005929381038019102
global_fit_ye,ratio,Ye,0.68391,0.18695802473999365,,0.005978674512758662,0.005978674512758662
global_fit_ye,ratio,Ye,0.69183,0.18835638551275843,,0.006029104517441656,0.006029104517441656
global_fit_ye,ratio,Ye,0.69984,0.18976254019719624,,0.006080678930901823,0.006080678930901823
global_fit_ye,ratio,Ye,0.70795,0.1911766672172278,,0.006133424537470698,0.006133424537470698
global_fit_ye,ratio,Ye,0.71614,0.19259895021685433,,0.0061873710201179235,0.0061873710201179235
global_fit_ye,ratio,Ye,0.72444,0.19402910471431947,,0.006242529138837894,0.006242529138837894
global_fit_ye,ratio,Ye,0.73282,0.19546769678911152,,0.006298939731408087,0.006298939731408087
global_fit_ye,ratio,Ye,0.74131,0.19691443761096236,,0.006356621659978252,0.006356621659978252
global_fit_ye,ratio,Ye,0.74989,0.19836913153018912,,0.006415593565100923,0.006415593565100923
global_fit_ye,ratio,Ye,0.75858,0.1998322630961176,,0.006475893477230479,0.006475893477230479
global_fit_ye,ratio,Ye,0.76736,0.20130363810309052,,0.006537541132753845,0.006537541132753845
global_fit_ye,ratio,Ye,0.77625,0.20278335623436566,,0.0066005705566944085,0.0066005705566944085
global_fit_ye,ratio,Ye,0.78524,0.20427151874156968,,0.006665010442201128,0.006665010442201128
global_fit_ye,ratio,Ye,0.79433,0.20576803133010202,,0.006730887299568693,0.006730887299568693
global_fit_ye,ratio,Ye,0.80353,0.20727310033513438,,0.006798238593318616,0.006798238593318616
global_fit_ye,ratio,Ye,0.81283,0.208786627631047,,0.006867087227476656,0.006867087227476656
global_fit_ye,ratio,Ye,0.82224,0.21030851967166714,,0.006937465438783578,0.006937465438783578
global_fit_ye,ratio,Ye,0.83176,0.21183919415634586,,0.007009418348772027,0.007009418348772027
global_fit_ye,ratio,Ye,0.8414,0.2133784559825047,,0.007082972519316704,0.007082972519316704
global_fit_ye,ratio,Ye,0.85114,0.21492662106063262,,0.007158168359775842,0.007158168359775842
global_fit_ye,ratio,Ye,0.86099,0.21648329706848898,,0.007235033015515282,0.007235033015515282
global_fit_ye,ratio,Ye,0.87096,0.21804870593228753,,0.007313610695981961,0.007313610695981961
global_fit_ye,ratio,Ye,0.88105,0.21962295911417282,,0.007393938625694625,0.007393938625694625
global_fit_ye,ratio,Ye,0.89125,0.22120618878537943,,0.007476061436626194,0.007476061436626194
global_fit_ye,ratio,Ye,0.90157,0.22279819742055387,,0.007560009657369323,0.007560009657369323
global_fit_ye,ratio,Ye,0.91201,0.22439921806533353,,0.0076458330955391,0.0076458330955391
global_fit_ye,ratio,Ye,0.92257,0.2260092704002704,,0.007733572164194335,0.007733572164194335
global_fit_ye,ratio,Ye,0.93325,0.22762818030127874,,0.00782326889751434,0.00782326889751434
global_fit_ye,ratio,Ye,0.94406,0.22925638485622618,,0.00791497521778658,0.00791497521778658
global_fit_ye,ratio,Ye,0.95499,0.23089371523888494,,0.00800873638800478,0.00800873638800478
global_fit_ye,ratio,Ye,0.96605,0.23254029416411967,,0.008104598428320437,0.008104598428320437
global_fit_ye,ratio,Ye,0.97724,0.2341960507689073,,0.008202608895182312,0.008202608895182312
global_fit_ye,ratio,Ye,0.98855,0.2358609147409803,,0.008302815540015952,0.008302815540015952
global_fit_ye,ratio,Ye,1.0,0.2375351430894939,,0.008405277846227525,0.008405277846227525
global_fit_ye,ratio,Ye,1.0116,0.23921886461597416,,0.008510048070534104,0.008510048070534104
global_fit_ye,ratio,Ye,1.0233,0.240912151246815,,0.008617187118042805,0.008617187118042805
global_fit_ye,ratio,Ye,1.0351,0.24261480606909785,,0.008726740748950013,0.008726740748950013
global_fit_ye,ratio,Ye,1.0471,0.24432676591100874,,0.008838765165285365,0.008838765165285365
global_fit_ye,ratio,Ye,1.0593,0.24604863691790976,,0.008953336279418578,0.008953336279418578
global_fit_ye,ratio,Ye,1.0715,0.24777979113461887,,0.009070495476210895,0.009070495476210895
global_fit_ye,ratio,Ye,1.0839,0.24952098641459153,,0.009190329442057475,0.009190329442057475
global_fit_ye,ratio,Ye,1.0965,0.2512715451297896,,0.009312875479917533,0.009312875479917533
global_fit_ye,ratio,Ye,1.1092,0.25303213928696866,,0.009438223998982365,0.009438223998982365
global_fit_ye,ratio,Ye,1.122,0.25480247787678906,,0.009566433012934514,0.009566433012934514
global_fit_ye,ratio,Ye,1.135,0.256582607932591,,0.009697569303695178,0.009697569303695178
global_fit_ye,ratio,Ye,1.1482,0.2583726333243358,,0.009831714049630968,0.009831714049630968
global_fit_ye,ratio,Ye,1.1614,0.2601728001233598,,0.009968936153230397,0.009968936153230397
global_fit_ye,ratio,Ye,1.1749,0.26198287307615964,,0.010109315045185868,0.010109315045185868
global_fit_ye,ratio,Ye,1.1885,0.26380300317193056,,0.010252923669926915,0.010252923669926915
global_fit_ye,ratio,Ye,1.2023,0.26563321254166156,,0.01039984302426217,0.01039984302426217
global_fit_ye,ratio,Ye,1.2162,0.26747375494862674,,0.010550164006800809,0.010550164006800809
global_fit_ye,ratio,Ye,1.2303,0.26932440340974717,,0.010703958146678585,0.010703958146678585
global_fit_ye,ratio,Ye,1.2445,0.27118531684891967,,0.010861326130609937,0.010861326130609937
global_fit_ye,ratio,Ye,1.2589,0.27305662889867294,,0.011022351251312202,0.011022351251312202
global_fit_ye,ratio,Ye,1.2735,0.27493831281583114,,0.011187125380973877,0.011187125380973877
global_fit_ye,ratio,Ye,1.2882,0.2768304388975239,,0.011355741109909358,0.011355741109909358
global_fit_ye,ratio,Ye,1.3032,0.2787329820677611,,0.01152830043334838,0.01152830043334838
global_fit_ye,ratio,Ye,1.3183,0.28064609180515143,,0.011704898449140586,0.011704898449140586
global_fit_ye,ratio,Ye,1.3335,0.28256967084270307,,0.011885626853706378,0.011885626853706378
global_fit_ye,ratio,Ye,1.349,0.284504051394893,,0.012070612542203181,0.012070612542203181
global_fit_ye,ratio,Ye,1.3646,0.28644913981864006,,0.012259957537424163,0.012259957537424163
global_fit_ye,ratio,Ye,1.3804,0.2884047287231486,,0.012453756615994068,0.012453756615994068
global_fit_ye,ratio,Ye,1.3964,0.29037127518687733,,0.01265212746028019,0.01265212746028019
global_fit_ye,ratio,Ye,1.4125,0.29234857934724745,,0.012855203921591276,0.012855203921591276
global_fit_ye,ratio,Ye,1.4289,0.29433710961862053,,0.013063105719617347,0.013063105719617347
global_fit_ye,ratio,Ye,1.4454,0.2963361043818185,,0.013275913487654351,0.013275913487654351
global_fit_ye,ratio,Ye,1.4622,0.2983464133370874,,0.013493811956637885,0.013493811956637885
global_fit_ye,ratio,Ye,1.4791,0.30036765942398747,,0.01371688335053156,0.01371688335053156
global_fit_ye,ratio,Ye,1.4962,0.30239984240013074,,0.01394528718310493,0.01394528718310493
global_fit_ye,ratio,Ye,1.5136,0.30444345139419454,,0.014179156907171565,0.014179156907171565
global_fit_ye,ratio,Ye,1.5311,0.30649840173300963,,0.014418631634030085,0.014418631634030085
global_fit_ye,ratio,Ye,1.5488,0.3085644094415536,,0.01466383684950359,0.01466383684950359
global_fit_ye,ratio,Ye,1.5668,0.3106416847059186,,0.014914946004501415,0.014914946004501415
global_fit_ye,ratio,Ye,1.5849,0.3127302424130558,,0.01517208145564331,0.01517208145564331
global_fit_ye,ratio,Ye,1.6032,0.3148304013275991,,0.015435438464502446,0.015435438464502446
global_fit_ye,ratio,Ye,1.6218,0.3169421849201717,,0.01570515114129723,0.01570515114129723
global_fit_ye,ratio,Ye,1.6406,0.3190651187259978,,0.0159813668842769,0.0159813668842769
global_fit_ye,ratio,Ye,1.6596,0.32120003270630226,,0.016264300475489043,0.016264300475489043
global_fit_ye,ratio,Ye,1.6788,0.3233461458899595,,0.016554065995774237,0.016554065995774237
global_fit_ye,ratio,Ye,1.6982,0.325504420111749,,0.016850907031918442,0.016850907031918442
global_fit_ye,ratio,Ye,1.7179,0.3276738556020273,,0.017154932064789335,0.017154932064789335
global_fit_ye,ratio,Ye,1.7378,0.3298555259749951,,0.01746638846915353,0.01746638846915353
global_fit_ye,ratio,Ye,1.7579,0.33204896441796966,,0.017785448555327547,0.017785448555327547
global_fit_ye,ratio,Ye,1.7783,0.3342542112437921,,0.01811229294781122,0.01811229294781122
global_fit_ye,ratio,Ye,1.7989,0.33647153606562447,,0.01844715012725928,0.01844715012725928
global_fit_ye,ratio,Ye,1.8197,0.33870075859456117,,0.01879019522336633,0.01879019522336633
global_fit_ye,ratio,Ye,1.8408,0.3409420593842852,,0.019141659838040996,0.019141659838040996
global_fit_ye,ratio,Ye,1.8621,0.343195394713993,,0.019501759136161124,0.019501759136161124
global_fit_ye,ratio,Ye,1.8836,0.3454612487006976,,0.019870739036949112,0.019870739036949112
global_fit_ye,ratio,Ye,1.9055,0.3477388196173016,,0.02024877868060816,0.02024877868060816
global_fit_ye,ratio,Ye,1.9275,0.35002907538348593,,0.020636167096017673,0.020636167096017673
global_fit_ye,ratio,Ye,1.9498,0.35233150456965423,,0.02103310565804841,0.02103310565804841
global_fit_ye,ratio,Ye,1.9724,0.35464597427535216,,0.02143983622750157,0.02143983622750157
global_fit_ye,ratio,Ye,1.9953,0.356973140196065,,0.021856655170646833,0.021856655170646833
global_fit_ye,ratio,Ye,2.0184,0.3593128292584251,,0.02228380785194045,0.02228380785194045
global_fit_ye,ratio,Ye,2.0417,0.3616651737077836,,0.02272156516943367,0.02272156516943367
global_fit_ye,ratio,Ye,2.0654,0.36402999898259264,,0.023170175560658843,0.023170175560658843
global_fit_ye,ratio,Ye,2.0893,0.36640754220871763,,0.023629943704907078,0.023629943704907078
global_fit_ye,ratio,Ye,2.1135,0.36879743341737914,,0.024101140577753505,0.024101140577753505
global_fit_ye,ratio,Ye,2.138,0.3712005692496466,,0.024584100697511234,0.024584100697511234
global_fit_ye,ratio,Ye,2.1627,0.37361602879992856,,0.025079075127013656,0.025079075127013656
global_fit_ye,ratio,Ye,2.1878,0.37604462537740263,,0.025586414809004917,0.025586414809004917
global_fit_ye,ratio,Ye,2.2131,0.37848599338141314,,0.026106419083702613,0.026106419083702613
global_fit_ye,ratio,Ye,2.2387,0.38094050008663805,,0.026639440479704405,0.026639440479704405
global_fit_ye,ratio,Ye,2.2646,0.3834077781793632,,0.027185773236018326,0.027185773236018326
global_fit_ye,ratio,Ye,2.2909,0.38588820382026506,,0.027745805692418937,0.027745805692418937
global_fit_ye,ratio,Ye,2.3174,0.38838178686949015,,0.02831986481813825,0.02831986481813825
global_fit_ye,ratio,Ye,2.3442,0.3908886367231826,,0.02890831953380823,0.02890831953380823
global_fit_ye,ratio,Ye,2.3714,0.3934085717888046,,0.02951154171154769,0.02951154171154769
global_fit_ye,ratio,Ye,2.3988,0.39594180299965176,,0.030129907093340173,0.030129907093340173
global_fit_ye,ratio,Ye,2.4266,0.39848864032459574,,0.03076383496522372,0.03076383496522372
global_fit_ye,ratio,Ye,2.4547,0.401048227685716,,0.031413647467893026,0.031413647467893026
global_fit_ye,ratio,Ye,2.4831,0.4036219615075239,,0.03207985413763495,0.03207985413763495
global_fit_ye,ratio,Ye,2.5119,0.4062088888059724,,0.03276281349989218,0.03276281349989218
global_fit_ye,ratio,Ye,2.541,0.4088091329945647,,0.033462939666536434,0.033462939666536434
global_fit_ye,ratio,Ye,2.5704,0.4114234326773695,,0.03418074830514677,0.03418074830514677
global_fit_ye,ratio,Ye,2.6002,0.41405111789618826,,0.03491660682799981,0.03491660682799981
global_fit_ye,ratio,Ye,2.6303,0.4166926310973686,,0.035671027045706016,0.035671027045706016
global_fit_ye,ratio,Ye,2.6607,0.4193478177182504,,0.036444462797096594,0.036444462797096594
global_fit_ye,ratio,Ye,2.6915,0.4220168210058017,,0.03723740253930866,0.03723740253930866
global_fit_ye,ratio,Ye,2.7227,0.4246996879643682,,0.038050339846899296,0.038050339846899296
global_fit_ye,ratio,Ye,2.7542,0.42739689121018554,,0.03888382250941967,0.03888382250941967
global_fit_ye,ratio,Ye,2.7861,0.4301075396778174,,0.039738287747739034,0.039738287747739034
global_fit_ye,ratio,Ye,2.8184,0.4328325368448332,,0.040614334608356714,0.040614334608356714
global_fit_ye,ratio,Ye,2.851,0.43557151534854227,,0.041512479802821516,0.041512479802821516
global_fit_ye,ratio,Ye,2.884,0.4383249698626373,,0.042433318245022146,0.042433318245022146
global_fit_ye,ratio,Ye,2.9174,0.441092531457825,,0.04337736756030944,0.04337736756030944
global_fit_ye,ratio,Ye,2.9512,0.44387416359251985,,0.04434521262646954,0.04434521262646954
global_fit_ye,ratio,Ye,2.9854,0.4466703780181383,,0.045337501310476376,0.045337501310476376
global_fit_ye,ratio,Ye,3.02,0.44948083784563647,,0.046354793150676026,0.046354793150676026
global_fit_ye,ratio,Ye,3.0549,0.4523058070823426,,0.04739773421518146,0.04739773421518146
global_fit_ye,ratio,Ye,3.0903,0.4551453639750446,,0.048466960988227774,0.048466960988227774
global_fit_ye,ratio,Ye,3.1261,0.45799953498176565,,0.04956312132270127,0.04956312132270127
global_fit_ye,ratio,Ye,3.1623,0.46086825732709974,,0.05068688268042992,0.05068688268042992
global_fit_ye,ratio,Ye,3.1989,0.4637517641273618,,0.0518389302925144,0.0518389302925144
global_fit_ye,ratio,Ye,3.2359,0.46665004427756074,,0.0530199542900095,0.0530199542900095
global_fit_ye,ratio,Ye,3.2734,0.4695632436985704,,0.05423066715475204,0.05423066715475204
global_fit_ye,ratio,Ye,3.3113,0.47249130217315743,,0.055471802058350735,0.055471802058350735
global_fit_ye,ratio,Ye,3.3497,0.47543431730827385,,0.0567440976082398,0.0567440976082398
global_fit_ye,ratio,Ye,3.3884,0.47839244270674924,,0.05804830562057102,0.05804830562057102
global_fit_ye,ratio,Ye,3.4277,0.4813655776956525,,0.05938519375741185,0.05938519375741185
global_fit_ye,ratio,Ye,3.4674,0.4843540312567479,,0.06075557154077477,0.06075557154077477
global_fit_ye,ratio,Ye,3.5075,0.48735770818393925,,0.06216022852835898,0.06216022852835898
global_fit_ye,ratio,Ye,3.5481,0.490376669515408,,0.06359998961052872,0.06359998961052872
global_fit_ye,ratio,Ye,3.5892,0.49341107907597287,,0.06507570413220481,0.06507570413220481
global_fit_ye,ratio,Ye,3.6308,0.49646090080053146,,0.06658822205531725,0.06658822205531725
global_fit_ye,ratio,Ye,3.6728,0.4995263053878902,,0.06813841310141816,0.06813841310141816
global_fit_ye,ratio,Ye,3.7154,0.5026074146982574,,0.06972715876317459,0.06972715876317459
global_fit_ye,ratio,Ye,3.7584,0.5057041995779611,,0.07135538919748494,0.07135538919748494
global_fit_ye,ratio,Ye,3.8019,0.5088167342824914,,0.07302401140939402,0.07302401140939402
global_fit_ye,ratio,Ye,3.8459,0.5119452009432917,,0.07473398361097063,0.07473398361097063
global_fit_ye,ratio,Ye,3.8905,0.5150896294498323,,0.0764862522976193,0.0764862522976193
global_fit_ye,ratio,Ye,3.9355,0.5182500486454077,,0.07828179244576648,0.07828179244576648
global_fit_ye,ratio,Ye,3.9811,0.5214267007222207,,0.08012162108924045,0.08012162108924045
global_fit_ye,ratio,Ye,4.0272,0.5246195186224887,,0.08200673943456524,0.08200673943456524
global_fit_ye,ratio,Ye,4.0738,0.5278285362593422,,0.0839381691161499,0.0839381691161499
global_fit_ye,ratio,Ye,4.121,0.5310541651761302,,0.08591699411766707,0.08591699411766707
global_fit_ye,ratio,Ye,4.1687,0.5342961292319744,,0.08794425850222948,0.08794425850222948
global_fit_ye,ratio,Ye,4.217,0.5375547907735377,,0.09002106233972351,0.09002106233972351
global_fit_ye,ratio,Ye,4.2658,0.5408301434976535,,0.0921485136041422,0.0921485136041422
global_fit_ye,ratio,Ye,4.3152,0.5441222305996738,,0.09432772853366521,0.09432772853366521
global_fit_ye,ratio,Ye,4.3652,0.5474314344310199,,0.09655988364620412,0.09655988364620412
global_fit_ye,ratio,Ye,4.4157,0.5507575335554009,,0.09884611155551459,0.09884611155551459
global_fit_ye,ratio,Ye,4.4668,0.554100634684317,,0.10118759726022394,0.10118759726022394
global_fit_ye,ratio,Ye,4.5186,0.5574611204923045,,0.10358555649163201,0.10358555649163201
global_fit_ye,ratio,Ye,4.5709,0.5608389980220309,,0.10604122457054281,0.10604122457054281
global_fit_ye,ratio,Ye,4.6238,0.5642343363313128,,0.10855583909644166,0.10855583909644166
global_fit_ye,ratio,Ye,4.6774,0.5676472399223891,,0.11113063556254223,0.11113063556254223
global_fit_ye,ratio,Ye,4.7315,0.5710778897569014,,0.11376691732074229,0.11376691732074229
global_fit_ye,ratio,Ye,4.7863,0.5745264091205197,,0.1164659239935023,0.1164659239935023
global_fit_ye,ratio,Ye,4.8417,0.5779929238424084,,0.11922913353259182,0.11922913353259182
global_fit_ye,ratio,Ye,4.8978,0.5814777346684417,,0.12205773931920866,0.12205773931920866
global_fit_ye,ratio,Ye,4.9545,0.5849806288470932,,0.12495313507904933,0.12495313507904933
global_fit_ye,ratio,Ye,5.0119,0.5885020856436243,,0.12791668635802136,0.12791668635802136
global_fit_ye,ratio,Ye,5.0699,0.5920420042014748,,0.13094983819171446,0.13094983819171446
global_fit_ye,ratio,Ye,5.1286,0.5956008080494717,,0.13405399617097222,0.13405399617097222
global_fit_ye,ratio,Ye,5.188,0.5991784202238148,,0.13723068792602106,0.13723068792602106
global_fit_ye,ratio,Ye,5.2481,0.6027750297841393,,0.14048112731339468,0.14048112731339468
global_fit_ye,ratio,Ye,5.3088,0.6063909624055805,,0.14380691385021024,0.14380691385021024
global_fit_ye,ratio,Ye,5.3703,0.610026371051753,,0.14720966631638321,0.14720966631638321
global_fit_ye,ratio,Ye,5.4325,0.6136812746367828,,0.15069077781818027,0.15069077781818027
global_fit_ye,ratio,Ye,5.4954,0.6173559671646894,,0.1542517380830596,0.1542517380830596
global_fit_ye,ratio,Ye,5.559,0.621050583920102,,0.15789422471172662,0.15789422471172662
global_fit_ye,ratio,Ye,5.6234,0.6247655416953994,,0.161619796424765,0.161619796424765
global_fit_ye,ratio,Ye,5.6885,0.6285007564371833,,0.16542997282064734,0.16542997282064734
global_fit_ye,ratio,Ye,5.7544,0.6322565115085823,,0.16932645533556356,0.16932645533556356
global_fit_ye,ratio,Ye,5.821,0.6360331676000759,,0.17331077775178294,0.17331077775178294
global_fit_ye,ratio,Ye,5.8884,0.6398307185154508,,0.17738469573725252,0.17738469573725252
global_fit_ye,ratio,Ye,5.9566,0.6436496159667978,,0.18154988916701784,0.18154988916701784
global_fit_ye,ratio,Ye,6.0256,0.6474900806401365,,0.1858080250191804,0.1858080250191804
global_fit_ye,ratio,Ye,6.0954,0.6513521559304307,,0.19016072488412886,0.19016072488412886
global_fit_ye,ratio,Ye,6.166,0.6552362667629509,,0.19460992260838747,0.19460992260838747
global_fit_ye,ratio,Ye,6.2373,0.6591426129647304,,0.1991572472841667,0.1991572472841667
global_fit_ye,ratio,Ye,6.3096,0.6630715150413566,,0.2038044882822731,0.2038044882822731
global_fit_ye,ratio,Ye,6.3826,0.6670232993665142,,0.20855347786421244,0.20855347786421244
global_fit_ye,ratio,Ye,6.4565,0.6709979849649643,,0.2134060688777891,0.2134060688777891
global_fit_ye,ratio,Ye,6.5313,0.6749962206357526,,0.21836421029646164,0.21836421029646164
global_fit_ye,ratio,Ye,6.6069,0.6790181528505129,,0.22342949776542742,0.22342949776542742
global_fit_ye,ratio,Ye,6.6834,0.6830639298196266,,0.22860415782456,0.22860415782456
global_fit_ye,ratio,Ye,6.7608,0.6871343038735762,,0.23388984706023602,0.23388984706023602
global_fit_ye,ratio,Ye,6.8391,0.6912291163036708,,0.23928874884077514,0.23928874884077514
global_fit_ye,ratio,Ye,6.9183,0.6953491731883427,,0.2448025959127163,0.2448025959127163
global_fit_ye,ratio,Ye,6.9984,0.6994945261695801,,0.25043370835337087,0.25043370835337087
global_fit_ye,ratio,Ye,7.0795,0.7036655539160587,,0.2561837781573537,0.2561837781573537
global_fit_ye,ratio,Ye,7.1614,0.7078627637768313,,0.2620551496136919,0.2620551496136919
global_fit_ye,ratio,Ye,7.2444,0.7120865508696462,,0.26804987262025876,0.26804987262025876
global_fit_ye,ratio,Ye,7.3282,0.7163373181841791,,0.2741699338758741,0.2741699338758741
global_fit_ye,ratio,Ye,7.4131,0.720615354113981,,0.28041762408288623,0.28041762408288623
global_fit_ye,ratio,Ye,7.4989,0.7249212336414845,,0.2867950215295649,0.2867950215295649
global_fit_ye,ratio,Ye,7.5858,0.7292553834829602,,0.29330455226284396,0.29330455226284396
global_fit_ye,ratio,Ye,7.6736,0.7336182060247185,,0.2999483770186923,0.2999483770186923
global_fit_ye,ratio,Ye,7.7625,0.7380101796227259,,0.306728778817926,0.306728778817926
global_fit_ye,ratio,Ye,7.8524,0.7424319761425886,,0.313648192541017,0.313648192541017
global_fit_ye,ratio,Ye,7.9433,0.7468839693293725,,0.3207090476925847,0.3207090476925847
global_fit_ye,ratio,Ye,8.0353,0.751366507594809,,0.3279137686393788,0.3279137686393788
global_fit_ye,ratio,Ye,8.1283,0.7558804544583734,,0.33526486055833965,0.33526486055833965
global_fit_ye,ratio,Ye,8.2224,0.7604261504935134,,0.3427648291768872,0.3427648291768872
global_fit_ye,ratio,Ye,8.3176,0.7650043904309324,,0.3504163095642326,0.3504163095642326
global_fit_ye,ratio,Ye,8.414,0.7696154393551161,,0.35822206461500516,0.35822206461500516
global_fit_ye,ratio,Ye,8.5114,0.774260214367043,,0.3661847019389575,0.3661847019389575
global_fit_ye,ratio,Ye,8.6099,0.778939334717093,,0.37430714332544823,0.37430714332544823
global_fit_ye,ratio,Ye,8.7096,0.7836531883502709,,0.38259230042530584,0.38259230042530584
global_fit_ye,ratio,Ye,8.8105,0.7884027838989179,,0.3910429725481747,0.3910429725481747
global_fit_ye,ratio,Ye,8.9125,0.7931886374463342,,0.3996623268969567,0.3996623268969567
global_fit_ye,ratio,Ye,9.0157,0.7980114561434979,,0.4084534037109453,0.4084534037109453
global_fit_ye,ratio,Ye,9.1201,0.8028722307661603,,0.41741950447358284,0.41741950447358284
global_fit_ye,ratio,Ye,9.2257,0.8077712535144215,,0.4265638655748004,0.4265638655748004
global_fit_ye,ratio,Ye,9.3325,0.8127098992028633,,0.435890019856028,0.435890019856028
global_fit_ye,ratio,Ye,9.4406,0.8176886263859408,,0.44540119779886184,0.44540119779886184
global_fit_ye,ratio,Ye,9.5499,0.8227082337469636,,0.4551013344593561,0.4551013344593561
global_fit_ye,ratio,Ye,9.6605,0.8277699489346291,,0.464993991129219,0.464993991129219
global_fit_ye,ratio,Ye,9.7724,0.8328743700233656,,0.4750831997474018,0.4750831997474018
global_fit_ye,ratio,Ye,9.8855,0.8380225441623287,,0.4853728166868012,0.4853728166868012
global_fit_ye,ratio,Ye,10.0,0.8432154752531682,,0.49586705159759104,0.49586705159759104
global_fit_ye,ratio,Ye,10.116,0.8484541002733703,,0.5065702805818787,0.5065702805818787
global_fit_ye,ratio,Ye,10.233,0.8537393994393928,,0.5174867080797116,0.5174867080797116
global_fit_ye,ratio,Ye,10.351,0.8590724548689033,,0.5286213393160633,0.5286213393160633
global_fit_ye,ratio,Ye,10.471,0.8644546818814542,,0.5399787634120957,0.5399787634120957
global_fit_ye,ratio,Ye,10.593,0.8698865972026404,,0.5515640531454938,0.5515640531454938
global_fit_ye,ratio,Ye,10.715,0.8753700609090157,,0.5633823578301845,0.5633823578301845
global_fit_ye,ratio,Ye,10.839,0.8809057672907826,,0.5754389642133975,0.5754389642133975
global_fit_ye,ratio,Ye,10.965,0.8864952575309467,,0.587739709110979,0.587739709110979
global_fit_ye,ratio,Ye,11.092,0.8921398251751288,,0.6002903545182624,0.6002903545182624
global_fit_ye,ratio,Ye,11.22,0.8978406699170898,,0.6130969698398399,0.6130969698398399
global_fit_ye,ratio,Ye,11.35,0.9035990232497575,,0.6261660195971985,0.6261660195971985
global_fit_ye,ratio,Ye,11.482,0.9094167114963787,,0.6395039867346615,0.6395039867346615
global_fit_ye,ratio,Ye,11.614,0.9152950480842228,,0.6531178609508985,0.6531178609508985
global_fit_ye,ratio,Ye,11.749,0.9212353822659969,,0.6670147441701395,0.6670147441701395
global_fit_ye,ratio,Ye,11.885,0.9272396775391395,,0.6812024835956392,0.6812024835956392
global_fit_ye,ratio,Ye,12.023,0.9333092238721623,,0.6956885948802167,0.6956885948802167
global_fit_ye,ratio,Ye,12.162,0.9394459449733122,,0.7104814539788138,0.7104814539788138
global_fit_ye,ratio,Ye,12.303,0.9456515160777369,,0.7255897112035262,0.7255897112035262
global_fit_ye,ratio,Ye,12.445,0.9519276709461191,,0.7410222382130595,0.7410222382130595
global_fit_ye,ratio,Ye,12.589,0.9582763406507745,,0.7567883014076732,0.7567883014076732
global_fit_ye,ratio,Ye,12.735,0.9646993599504298,,0.7728978240347133,0.7728978240347133
global_fit_ye,ratio,Ye,12.882,0.971198929064929,,0.7893612607008231,0.7893612607008231
global_fit_ye,ratio,Ye,13.032,0.9777770158668646,,0.8061888746244823,0.8061888746244823
global_fit_ye,ratio,Ye,13.183,0.9844357958176235,,0.8233921074422655,0.8233921074422655
global_fit_ye,ratio,Ye,13.335,0.9911775104025715,,0.8409828001125345,0.8409828001125345
global_fit_ye,ratio,Ye,13.49,0.9980043223644836,,0.8589731869580586,0.8589731869580586
global_fit_ye,ratio,Ye,13.646,1.0049189429430712,,0.8773760761004894,0.8773760761004894
global_fit_ye,ratio,Ye,13.804,1.011923520311169,,0.896204712692535,0.896204712692535
global_fit_ye,ratio,Ye,13.964,1.0190207675560425,,0.9154735186349109,0.9154735186349109
global_fit_ye,ratio,Ye,14.125,1.0262131533022973,,0.9351970672860831,0.9351970672860831
global_fit_ye,ratio,Ye,14.289,1.0335035678574789,,0.9553907079902241,0.9553907079902241
global_fit_ye,ratio,Ye,14.454,1.0408949962409155,,0.9760709594845941,0.9760709594845941
global_fit_ye,ratio,Ye,14.622,1.0483903560850583,,0.9972546195103305,0.9972546195103305
global_fit_ye,ratio,Ye,14.791,1.055992665500739,,1.0189592998407497,1.0189592998407497
global_fit_ye,ratio,Ye,14.962,1.0637048768359978,,1.0412037081030874,1.0412037081030874
global_fit_ye,ratio,Ye,15.136,1.0715305629055032,,1.0640072622665513,1.0640072622665513
global_fit_ye,ratio,Ye,15.311,1.0794732617161988,,1.087390565271788,1.087390565271788
global_fit_ye,ratio,Ye,15.488,1.087536088314664,,1.1113749671435396,1.1113749671435396
global_fit_ye,ratio,Ye,15.668,1.0957231797254228,,1.1359830713839134,1.1359830713839134
global_fit_ye,ratio,Ye,15.849,1.1040382951003733,,1.1612384666582902,1.1612384666582902
global_fit_ye,ratio,Ye,16.032,1.1124850993687936,,1.1871657569647835,1.1871657569647835
global_fit_ye,ratio,Ye,16.218,1.1210682119785793,,1.213791463060062,1.213791463060062
global_fit_ye,ratio,Ye,16.406,1.129791416759373,,1.2411421134542715,1.2411421134542715
global_fit_ye,ratio,Ye,16.596,1.1386596215853517,,1.2692469102561548,1.2692469102561548
global_fit_ye,ratio,Ye,16.788,1.1476773730478995,,1.2981358523107345,1.2981358523107345
global_fit_ye,ratio,Ye,16.982,1.1568495577458515,,1.327840866282437,1.327840866282437
global_fit_ye,ratio,Ye,17.179,1.1661810656854679,,1.3583948593965762,1.3583948593965762
global_fit_ye,ratio,Ye,17.378,1.1756771699995974,,1.3898329923985988,1.3898329923985988
global_fit_ye,ratio,Ye,17.579,1.1853433895561136,,1.4221921662955033,1.4221921662955033
global_fit_ye,ratio,Ye,17.783,1.1951858577793981,,1.455511582547667,1.455511582547667
global_fit_ye,ratio,Ye,17.989,1.2052097202695196,,1.489831438274532,1.489831438274532
global_fit_ye,ratio,Ye,18.197,1.2154217860580863,,1.525195230420872,1.525195230420872
global_fit_ye,ratio,Ye,18.408,1.225828363003926,,1.5616485980777386,1.5616485980777386
global_fit_ye,ratio,Ye,18.621,1.2364363860543253,,1.5992391574099702,1.5992391574099702
global_fit_ye,ratio,Ye,18.836,1.2472524820766835,,1.6380174446494975,1.6380174446494975
global_fit_ye,ratio,Ye,19.055,1.2582844310502166,,1.6780370936198719,1.6780370936198719
global_fit_ye,ratio,Ye,19.275,1.2695396897498956,,1.7193544477900282,1.7193544477900282
global_fit_ye,ratio,Ye,19.498,1.2810263112386449,,1.762029173299044,1.762029173299044
global_fit_ye,ratio,Ye,19.724,1.2927528664269579,,1.8061243900941895,1.8061243900941895
global_fit_ye,ratio,Ye,19.953,1.3047281670429893,,1.8517071731982766,1.8517071731982766
global_fit_ye,ratio,Ye,20.184,1.3169611587445231,,1.8988480095609452,1.8988480095609452
global_fit_ye,ratio,Ye,20.417,1.3294619207809706,,1.9476223514246396,1.9476223514246396
global_fit_ye,ratio,Ye,20.654,1.342240505608134,,1.998109751889995,1.998109751889995
global_fit_ye,ratio,Ye,20.893,1.3553073033108125,,2.050394704150651,2.050394704150651
global_fit_ye,ratio,Ye,21.135,1.3686732765398633,,2.1045665294124682,2.1045665294124682
global_fit_ye,ratio,Ye,21.38,1.3823507042357799,,2.1607219261571426,2.1607219261571426
global_fit_ye,ratio,Ye,21.627,1.3963514671376676,,2.218961899064184,2.218961899064184
global_fit_ye,ratio,Ye,21.878,1.4106886787045,,2.279394894639152,2.279394894639152
global_fit_ye,ratio,Ye,22.131,1.425375800691446,,2.3421359751350184,2.3421359751350184
global_fit_ye,ratio,Ye,22.387,1.440426754760225,,2.407308241191692,2.407308241191692
global_fit_ye,ratio,Ye,22.646,1.455857119612063,,2.4750437702293624,2.4750437702293624
global_fit_ye,ratio,Ye,22.909,1.471683212319574,,2.545483724535022,2.545483724535022
global_fit_ye,ratio,Ye,23.174,1.487920427216604,,2.618776439747884,2.618776439747884
global_fit_ye,ratio,Ye,23.442,1.504587559547098,,2.6950852620590604,2.6950852620590604
global_fit_ye,ratio,Ye,23.714,1.5217027230214202,,2.774581045062459,2.774581045062459
global_fit_ye,ratio,Ye,23.988,1.5392855568639054,,2.857449122153899,2.857449122153899
global_fit_ye,ratio,Ye,24.266,1.5573564389644807,,2.943888363461407,2.943888363461407
global_fit_ye,ratio,Ye,24.547,1.5759385162932444,,3.0341139005405426,3.0341139005405426
global_fit_ye,ratio,Ye,24.831,1.5950547054657307,,3.1283551838224493,3.1283551838224493
global_fit_ye,ratio,Ye,25.119,1.6147288630974799,,3.2268584756393253,3.2268584756393253
global_fit_ye,ratio,Ye,25.41,1.634988129083316,,3.3298928315075664,3.3298928315075664
global_fit_ye,ratio,Ye,25.704,1.6558603532048173,,3.43774762104457,3.43774762104457
global_fit_ye,ratio,Ye,26.002,1.677374497742258,,3.550733680040451,3.550733680040451
global_fit_ye,ratio,Ye,26.303,1.699562296017499,,3.6691895011731086,3.6691895011731086
global_fit_ye,ratio,Ye,26.607,1.7224575524118375,,3.793481756144108,3.793481756144108
global_fit_ye,ratio,Ye,26.915,1.7460955220572707,,3.924007497500597,3.924007497500597
global_fit_ye,ratio,Ye,27.227,1.770514920994438,,4.061200424346941,4.061200424346941
global_fit_ye,ratio,Ye,27.542,1.7957559910495273,,4.205529944966515,4.205529944966515
global_fit_ye,ratio,Ye,27.861,1.821862362854973,,4.357507984316872,4.357507984316872
global_fit_ye,ratio,Ye,28.184,1.848881256675629,,4.517696305970609,4.517696305970609
global_fit_ye,ratio,Ye,28.51,1.8768615839933722,,4.686704753000417,4.686704753000417
global_fit_ye,ratio,Ye,28.84,1.9058576404094958,,4.865203399951299,4.865203399951299
global_fit_ye,ratio,Ye,29.174,1.9359274693677204,,5.053928804433279,5.053928804433279
global_fit_ye,ratio,Ye,29.512,1.9671319328977257,,5.25368281319034,5.25368281319034
global_fit_ye,ratio,Ye,29.854,1.9995388989333909,,5.465356050654101,5.465356050654101
global_fit_ye,ratio,Ye,30.2,2.033219934067981,,5.689928182941455,5.689928182941455
global_fit_ye,ratio,Ye,30.549,2.068252712015682,,5.92847717200258,5.92847717200258
global_fit_ye,ratio,Ye,30.903,2.104721651062815,,6.182199983637317,6.182199983637317
global_fit_ye,ratio,Ye,31.261,2.1427194286045093,,6.452426334412898,6.452426334412898
global_fit_ye,ratio,Ye,31.623,2.1823432004388423,,6.740621373892753,6.740621373892753
global_fit_ye,ratio,Ye,31.989,2.223702226678239,,7.048431306160786,7.048431306160786
global_fit_ye,ratio,Ye,32.359,2.266912690732933,,7.377679774311003,7.377679774311003
global_fit_ye,ratio,Ye,32.734,2.312104335197335,,7.7304196053157614,7.7304196053157614
global_fit_ye,ratio,Ye,33.113,2.359417538557666,,8.108951790145834,8.108951790145834
global_fit_ye,ratio,Ye,33.497,2.409005503163871,,8.515849247728985,8.515849247728985
global_fit_ye,ratio,Ye,33.884,2.461038260133903,,8.954032467991476,8.954032467991476
global_fit_ye,ratio,Ye,34.277,2.5157001652155033,,9.426777691865935,9.426777691865935
global_fit_ye,ratio,Ye,34.674,2.5731974212829356,,9.937826109549848,9.937826109549848
global_fit_ye,ratio,Ye,35.075,2.6337578020533208,,10.491420438541821,10.491420438541821
global_fit_ye,ratio,Ye,35.481,2.6976337541176663,,11.092405361870638,11.092405361870638
global_fit_ye,ratio,Ye,35.892,2.7651046673288864,,11.746329761062162,11.746329761062162
global_fit_ye,ratio,Ye,36.308,2.836481828193299,,12.459549490915052,12.459549490915052
global_fit_ye,ratio,Ye,36.728,2.9121182836012247,,13.239441874152712,13.239441874152712
global_fit_ye,ratio,Ye,37.154,2.9924050645882043,,14.09451045267268,14.09451045267268
global_fit_ye,ratio,Ye,37.584,3.0777857930268038,,15.034677802550402,15.034677802550402
global_fit_ye,ratio,Ye,38.019,3.1687581849411774,,16.071499478665395,16.071499478665395
global_fit_ye,ratio,Ye,38.459,3.265894863103701,,17.218620007159913,17.218620007159913
global_fit_ye,ratio,Ye,38.905,3.3698394295781013,,18.49206342443806,18.49206342443806
global_fit_ye,ratio,Ye,39.355,3.4813336895281717,,19.910885935523062,19.910885935523062
global_fit_ye,ratio,Ye,39.811,3.6012313739147737,,21.497874839515784,21.497874839515784
global_fit_ye,ratio,Ye,40.272,3.730519474235324,,23.28038006906774,23.28038006906774
global_fit_ye,ratio,Ye,40.738,3.8703422534956347,,25.291479904146367,25.291479904146367
global_fit_ye,ratio,Ye,41.21,4.022038992224158,,27.571499513924966,27.571499513924966
global_fit_ye,ratio,Ye,41.687,4.187190556026316,,30.17004635642966,30.17004635642966
global_fit_ye,ratio,Ye,42.17,4.367665261233523,,33.14851861897454,33.14851861897454
global_fit_ye,ratio,Ye,42.658,4.565694980940685,,36.58377323429613,36.58377323429613
global_fit_ye,ratio,Ye,43.152,4.783972840926259,,40.57303326897098,40.57303326897098
global_fit_ye,ratio,Ye,43.652,5.025754431386944,,45.24033935374737,45.24033935374737
global_fit_ye,ratio,Ye,44.157,5.2950611849634655,,50.74670732405126,50.74670732405126
global_fit_ye,ratio,Ye,44.668,5.596860441504093,,57.30312447039497,57.30312447039497
global_fit_ye,ratio,Ye,45.186,5.937400692951491,,65.19104675800936,65.19104675800936
global_fit_ye,ratio,Ye,45.709,6.324648257543883,,74.79228446524908,74.79228446524908
global_fit_ye,ratio,Ye,46.238,6.768903347572454,,86.6351354429407,86.6351354429407
global_fit_ye,ratio,Ye,46.774,7.283740304178115,,101.4668800177534,101.4668800177534
global_fit_ye,ratio,Ye,47.315,7.887411330105186,,120.37269362082452,120.37269362082452
global_fit_ye,ratio,Ye,47.863,8.605055927778286,,144.9757810544917,144.9757810544917
global_fit_ye,ratio,Ye,48.417,9.472287730902016,,177.7923176150337,177.7923176150337
global_fit_ye,ratio,Ye,48.978,10.541276721809275,,222.8896769167096,222.8896769167096
global_fit_ye,ratio,Ye,49.545,11.891645343651497,,287.19237887889227,287.19237887889227
global_fit_ye,ratio,Ye,50.119,13.651261005417583,,383.2697246464835,383.2697246464835
global_fit_ye,ratio,Ye,50.699,16.03928548863567,,535.8976288382279,535.8976288382279
global_fit_ye,ratio,Ye,51.286,19.465375793026542,,799.5990907164054,799.5990907164054
global_fit_ye,ratio,Ye,51.88,24.794115195835044,,1314.4956892506848,1314.4956892506848
global_fit_ye,ratio,Ye,52.481,34.21915471312417,,2537.430788495604,2537.430788495604
global_fit_ye,ratio,Ye,53.088,55.411375139503505,,6744.098964723994,6744.098964723994
global_fit_ye,ratio,Ye,53.703,147.00936087329768,,48123.81512307856,48123.81512307856
global_fit_ye,ratio,Ye,54.325,-221.71101046421882,,110983.9617440667,110983.9617440667
global_fit_ye,ratio,Ye,54.954,-62.927552822051574,,9066.747458516555,9066.747458516555
global_fit_ye,ratio,Ye,55.59,-36.57568831107112,,3106.7374262282965,3106.7374262282965
global_fit_ye,ratio,Ye,56.234,-25.73453186279982,,1560.1415424761697,1560.1415424761697
global_fit_ye,ratio,Ye,56.885,-19.82373845009404,,939.2334453537354,939.2334453537354
global_fit_ye,ratio,Ye,57.544,-16.103198841785073,,628.8579819653513,628.8579819653513
global_fit_ye,ratio,Ye,58.21,-13.545909131157703,,451.566726616257,451.566726616257
global_fit_ye,ratio,Ye,58.884,-11.680154534665899,,340.74367333324307,340.74367333324307
global_fit_ye,ratio,Ye,59.566,-10.2589028873598,,266.8093107758141,266.8093107758141
global_fit_ye,ratio,Ye,60.256,-9.14026188140306,,214.99330102701288,214.99330102701288
global_fit_ye,ratio,Ye,60.954,-8.236924964736904,,177.2483446309439,177.2483446309439
global_fit_ye,ratio,Ye,61.66,-7.492222397548344,,148.88442396935793,148.88442396935793
global_fit_ye,ratio,Ye,62.373,-6.8677730937228425,,127.01765517116188,127.01765517116188
global_fit_ye,ratio,Ye,63.096,-6.336650153125146,,109.794319314546,109.794319314546
global_fit_ye,ratio,Ye,63.826,-5.879407803398301,,95.9791113147203,95.9791113147203
global_fit_ye,ratio,Ye,64.565,-5.48165356579517,,84.72259999950526,84.72259999950526
global_fit_ye,ratio,Ye,65.313,-5.1325068609823035,,75.42503245646998,75.42503245646998
global_fit_ye,ratio,Ye,66.069,-4.823581441045507,,67.65301367485091,67.65301367485091
global_fit_ye,ratio,Ye,66.834,-4.548326857675441,,61.08734806690085,61.08734806690085
global_fit_ye,ratio,Ye,67.608,-4.301532124418382,,55.48818259640637,55.48818259640637
global_fit_ye,ratio,Ye,68.391,-4.079011983229381,,50.67278457636707,50.67278457636707
global_fit_ye,ratio,Ye,69.183,-3.877364232867347,,46.49984117222809,46.49984117222809
global_fit_ye,ratio,Ye,69.984,-3.693792863617839,,42.85867179466121,42.85867179466121
global_fit_ye,ratio,Ye,70.795,-3.5259828189418707,,39.66165168988869,39.66165168988869
global_fit_ye,ratio,Ye,71.614,-3.371995429037442,,36.83858507787285,36.83858507787285
global_fit_ye,ratio,Ye,72.444,-3.2301972517329105,,34.332673061377946,34.332673061377946
global_fit_ye,ratio,Ye,73.282,-3.09920576452995,,32.097754713736585,32.097754713736585
global_fit_ye,ratio,Ye,74.131,-2.977836411314945,,30.095772377458196,30.095772377458196
global_fit_ye,ratio,Ye,74.989,-2.8650722494932293,,28.295240561047162,28.295240561047162
global_fit_ye,ratio,Ye,75.858,-2.760036673884178,,26.669954148458874,26.669954148458874
global_fit_ye,ratio,Ye,76.736,-2.6619682381218714,,25.197927588217755,25.197927588217755
global_fit_ye,ratio,Ye,77.625,-2.570198125116605,,23.86056280833364,23.86056280833364
global_fit_ye,ratio,Ye,78.524,-2.4841472349359335,,22.64217498391488,22.64217498391488
global_fit_ye,ratio,Ye,79.433,-2.4032989994301412,,21.529284466318654,21.529284466318654
global_fit_ye,ratio,Ye,80.353,-2.327202812210394,,20.510476804869253,20.510476804869253
global_fit_ye,ratio,Ye,81.283,-2.2554523995776057,,19.5758196165878,19.5758196165878
global_fit_ye,ratio,Ye,82.224,-2.1876937240169387,,18.71684370266026,18.71684370266026
global_fit_ye,ratio,Ye,83.176,-2.1236042357734015,,17.92614653448217,17.92614653448217
global_fit_ye,ratio,Ye,84.14,-2.0628976575427065,,17.19733421656322,17.19733421656322
global_fit_ye,ratio,Ye,85.114,-2.0053170883740314,,16.52483242214194,16.52483242214194
global_fit_ye,ratio,Ye,86.099,-1.9506295489620018,,15.903761121943925,15.903761121943925
global_fit_ye,ratio,Ye,87.096,-1.8986274333250075,,15.329897274130222,15.329897274130222
global_fit_ye,ratio,Ye,88.105,-1.8491191915329077,,14.799501169516411,14.799501169516411
global_fit_ye,ratio,Ye,89.125,-1.8019330348412046,,14.309301787251753,14.309301787251753
global_fit_ye,ratio,Ye,90.157,-1.7569115756874465,,13.856460131347749,13.856460131347749
global_fit_ye,ratio,Ye,91.201,-1.713912905356152,,13.438476687580208,13.438476687580208
global_fit_ye,ratio,Ye,92.257,-1.6728057004347339,,13.053168741753714,13.053168741753714
global_fit_ye,ratio,Ye,93.325,-1.6334704389447539,,12.69864629540602,12.69864629540602
global_fit_ye,ratio,Ye,94.406,-1.5957971895827134,,12.373259948131862,12.373259948131862
global_fit_ye,ratio,Ye,95.499,-1.5596851107783318,,12.075612121643509,12.075612121643509
global_fit_ye,ratio,Ye,96.605,-1.5250410448444072,,11.80450410248712,11.80450410248712
global_fit_ye,ratio,Ye,97.724,-1.491780220313977,,11.558954847014043,11.558954847014043
global_fit_ye,ratio,Ye,98.855,-1.4598227678772515,,11.33815047674211,11.33815047674211
global_fit_ye,ratio,Ye,100.0,-1.4290954964201061,,11.141476089575843,11.141476089575843
global_fit_ye,ratio,Ye,101.16,-1.3995304715624075,,10.95058664291804,10.95058664291804
global_fit_ye,ratio,Ye,102.33,-1.3710654129725557,,10.76147684338938,10.76147684338938
global_fit_ye,ratio,Ye,103.51,-1.3436414454244432,,10.575401930378407,10.575401930378407
global_fit_ye,ratio,Ye,104.71,-1.317203814266716,,10.393166667138223,10.393166667138223
global_fit_ye,ratio,Ye,105.93,-1.291702762512988,,10.21529507094625,10.21529507094625
global_fit_ye,ratio,Ye,107.15,-1.2670897524243836,,10.04209071264345,10.04209071264345
global_fit_ye,ratio,Ye,108.39,-1.243321773841756,,9.873741278718715,9.873741278718715
global_fit_ye,ratio,Ye,109.65,-1.2203569120944227,,9.710311658487214,9.710311658487214
global_fit_ye,ratio,Ye,110.92,-1.1981565876461289,,9.551814171276586,9.551814171276586
global_fit_ye,ratio,Ye,112.2,-1.1766850489841503,,9.3982093219169,9.3982093219169
global_fit_ye,ratio,Ye,113.5,-1.1559078112233991,,9.249411957986357,9.249411957986357
global_fit_ye,ratio,Ye,114.82,-1.1357932154675892,,9.105324129999977,9.105324129999977
global_fit_ye,ratio,Ye,116.14,-1.116311529126802,,8.965830046433288,8.965830046433288
global_fit_ye,ratio,Ye,117.49,-1.0974340478376836,,8.830787495963817,8.830787495963817
global_fit_ye,ratio,Ye,118.85,-1.079134680011034,,8.700069436328427,8.700069436328427
global_fit_ye,ratio,Ye,120.23,-1.0613883832860527,,8.573529163963153,8.573529163963153
global_fit_ye,ratio,Ye,121.62,-1.0441711115017442,,8.45102172949628,8.45102172949628
global_fit_ye,ratio,Ye,123.03,-1.0274609992378005,,8.33240706127711,8.33240706127711
global_fit_ye,ratio,Ye,124.45,-1.0112369846851696,,8.217543384950647,8.217543384950647
global_fit_ye,ratio,Ye,125.89,-0.9954793373814063,,8.106293770023882,8.106293770023882
global_fit_ye,ratio,Ye,127.35,-0.9801688070930288,,7.998516811727344,7.998516811727344
global_fit_ye,ratio,Ye,128.82,-0.9652877379759013,,7.894086381538986,7.894086381538986
global_fit_ye,ratio,Ye,130.32,-0.9508190313181635,,7.7928691213902725,7.7928691213902725
global_fit_ye,ratio,Ye,131.83,-0.9367471936932276,,7.694747766161604,7.694747766161604
global_fit_ye,ratio,Ye,133.35,-0.92305626280502,,7.599597175709877,7.599597175709877
global_fit_ye,ratio,Ye,134.9,-0.9097324926276168,,7.507309122162856,7.507309122162856
global_fit_ye,ratio,Ye,136.46,-0.8967617945485732,,7.417767628215071,7.417767628215071
global_fit_ye,ratio,Ye,138.04,-0.8841310837684953,,7.330868782653811,7.330868782653811
global_fit_ye,ratio,Ye,139.64,-0.8718280984537097,,7.246512368653308,7.246512368653308
global_fit_ye,ratio,Ye,141.25,-0.8598408180594899,,7.164600650478805,7.164600650478805
global_fit_ye,ratio,Ye,142.89,-0.8481581589232858,,7.085039258457276,7.085039258457276
global_fit_ye,ratio,Ye,144.54,-0.8367691712036598,,7.007739118629339,7.007739118629339
global_fit_ye,ratio,Ye,146.22,-0.8256636000380062,,6.932617290837803,6.932617290837803
global_fit_ye,ratio,Ye,147.91,-0.8148319884309854,,6.85958986988455,6.85958986988455
global_fit_ye,ratio,Ye,149.62,-0.8042646884259506,,6.788579468706208,6.788579468706208
global_fit_ye,ratio,Ye,151.36,-0.7939527459906872,,6.719509474268038,6.719509474268038
global_fit_ye,ratio,Ye,153.11,-0.7838877895951851,,6.652312392014778,6.652312392014778
global_fit_ye,ratio,Ye,154.88,-0.7740616569995433,,6.586916564264628,6.586916564264628
global_fit_ye,ratio,Ye,156.68,-0.7644665759419146,,6.5232587461311615,6.5232587461311615
global_fit_ye,ratio,Ye,158.49,-0.7550947316134125,,6.461272871347953,6.461272871347953
global_fit_ye,ratio,Ye,160.32,-0.7459394312274304,,6.400903461280192,6.400903461280192
global_fit_ye,ratio,Ye,162.18,-0.7369935131298009,,6.342090778951214,6.342090778951214
global_fit_ye,ratio,Ye,164.06,-0.7282504503066765,,6.284781672974394,6.284781672974394
global_fit_ye,ratio,Ye,165.96,-0.7197040533793291,,6.228920797641799,6.228920797641799
global_fit_ye,ratio,Ye,167.88,-0.7113482348173551,,6.17446301832682,6.17446301832682
global_fit_ye,ratio,Ye,169.82,-0.7031771322133467,,6.121355302605947,6.121355302605947
global_fit_ye,ratio,Ye,171.79,-0.6951850401162782,,6.06955231396522,6.06955231396522
global_fit_ye,ratio,Ye,173.78,-0.6873668119134535,,6.019013259925121,6.019013259925121
global_fit_ye,ratio,Ye,175.79,-0.6797172103043613,,5.969693886680233,5.969693886680233
global_fit_ye,ratio,Ye,177.83,-0.6722313429657544,,5.921552803335774,5.921552803335774
global_fit_ye,ratio,Ye,179.89,-0.6649043726955985,,5.874553522301284,5.874553522301284
global_fit_ye,ratio,Ye,181.97,-0.6577316884322431,,5.828656761557778,5.828656761557778
global_fit_ye,ratio,Ye,184.08,-0.6507090743067442,,5.7838302016940215,5.7838302016940215
global_fit_ye,ratio,Ye,186.21,-0.6438319924611732,,5.740035022388912,5.740035022388912
global_fit_ye,ratio,Ye,188.36,-0.6370965919134752,,5.697240944283938,5.697240944283938
global_fit_ye,ratio,Ye,190.55,-0.6304987708629834,,5.6554177268257915,5.6554177268257915
global_fit_ye,ratio,Ye,192.75,-0.6240348464371599,,5.614533365844701,5.614533365844701
global_fit_ye,ratio,Ye,194.98,-0.6177012077197199,,5.57455958521158,5.57455958521158
global_fit_ye,ratio,Ye,197.24,-0.6114941846672544,,5.535467961195689,5.535467961195689
global_fit_ye,ratio,Ye,199.53,-0.6054102208642549,,5.497231512341004,5.497231512341004
global_fit_ye,ratio,Ye,201.84,-0.5994464251209279,,5.45982583790972,5.45982583790972
global_fit_ye,ratio,Ye,204.17,-0.5935993452906146,,5.423225876359751,5.423225876359751
global_fit_ye,ratio,Ye,206.54,-0.5878659171855694,,5.387406469836143,5.387406469836143
global_fit_ye,ratio,Ye,208.93,-0.5822432767605997,,5.352346366609538,5.352346366609538
global_fit_ye,ratio,Ye,211.35,-0.5767285858336482,,5.318022279192558,5.318022279192558
global_fit_ye,ratio,Ye,213.8,-0.5713189839493679,,5.284415110020322,5.284415110020322
global_fit_ye,ratio,Ye,216.27,-0.5660117064772769,,5.251501757587565,5.251501757587565
global_fit_ye,ratio,Ye,218.78,-0.5608043633004522,,5.2192646690589,5.2192646690589
global_fit_ye,ratio,Ye,221.31,-0.5556943131824864,,5.187683189925833,5.187683189925833
global_fit_ye,ratio,Ye,223.87,-0.550679277972879,,5.156741453864386,5.156741453864386
global_fit_ye,ratio,Ye,226.46,-0.545756652711954,,5.126419638945635,5.126419638945635
global_fit_ye,ratio,Ye,229.09,-0.5409245483908969,,5.0967030169940255,5.0967030169940255
global_fit_ye,ratio,Ye,231.74,-0.5361803895683354,,5.067572813479564,5.067572813479564
global_fit_ye,ratio,Ye,234.42,-0.5315222020447805,,5.039015148770268,5.039015148770268
global_fit_ye,ratio,Ye,237.14,-0.5269480059150667,,5.0110146342449795,5.0110146342449795
global_fit_ye,ratio,Ye,239.88,-0.5224556730634634,,4.983556738629576,4.983556738629576
global_fit_ye,ratio,Ye,242.66,-0.5180432948800194,,4.956625087001366,4.956625087001366
global_fit_ye,ratio,Ye,245.47,-0.5137090309372083,,4.930210203088406,4.930210203088406
global_fit_ye,ratio,Ye,248.31,-0.5094509834615987,,4.904294919070784,4.904294919070784
global_fit_ye,ratio,Ye,251.19,-0.5052675278708316,,4.878868172245027,4.878868172245027
global_fit_ye,ratio,Ye,254.1,-0.5011567719341795,,4.853918887190373,4.853918887190373
global_fit_ye,ratio,Ye,257.04,-0.4971170895090368,,4.829432378052369,4.829432378052369
global_fit_ye,ratio,Ye,260.02,-0.49314695312425505,,4.805399209814587,4.805399209814587
global_fit_ye,ratio,Ye,263.03,-0.48924467723347803,,4.7818082595868985,4.7818082595868985
global_fit_ye,ratio,Ye,266.07,-0.485408777212935,,4.758647999450574,4.758647999450574
global_fit_ye,ratio,Ye,269.15,-0.48163791168825654,,4.735908940387066,4.735908940387066
global_fit_ye,ratio,Ye,272.27,-0.47793033669635043,,4.7135783944191285,4.7135783944191285
global_fit_ye,ratio,Ye,275.42,-0.4742850286344069,,4.691651372079776,4.691651372079776
global_fit_ye,ratio,Ye,278.61,-0.4707004290061487,,4.670115807469622,4.670115807469622
global_fit_ye,ratio,Ye,281.84,-0.4671751668668355,,4.648960547711069,4.648960547711069
global_fit_ye,ratio,Ye,285.1,-0.46370826384151426,,4.628183019694509,4.628183019694509
global_fit_ye,ratio,Ye,288.4,-0.46029797077088835,,4.607767357948481,4.607767357948481
global_fit_ye,ratio,Ye,291.74,-0.4569430380048298,,4.587704007229401,4.587704007229401
global_fit_ye,ratio,Ye,295.12,-0.4536429216021249,,4.5679950520956885,4.5679950520956885
global_fit_ye,ratio,Ye,298.54,-0.4503961764161604,,4.548626911935329,4.548626911935329
global_fit_ye,ratio,Ye,302.0,-0.4472015485796912,,4.5295906312102305,4.5295906312102305
global_fit_ye,ratio,Ye,305.49,-0.44405772771028296,,4.510878302130903,4.510878302130903
global_fit_ye,ratio,Ye,309.03,-0.44096421462940616,,4.492485730115743,4.492485730115743
global_fit_ye,ratio,Ye,312.61,-0.4379197483246627,,4.474407390345295,4.474407390345295
global_fit_ye,ratio,Ye,316.23,-0.4349233758216218,,4.456634497288098,4.456634497288098
global_fit_ye,ratio,Ye,319.89,-0.4319739007706216,,4.43915932229616,4.43915932229616
global_fit_ye,ratio,Ye,323.59,-0.4290704289452725,,4.421975435467062,4.421975435467062
global_fit_ye,ratio,Ye,327.34,-0.42621229261102944,,4.405080093867833,4.405080093867833
global_fit_ye,ratio,Ye,331.13,-0.4233981727762766,,4.388463523036988,4.388463523036988
global_fit_ye,ratio,Ye,334.97,-0.42062744732835416,,4.372121655614519,4.372121655614519
global_fit_ye,ratio,Ye,338.84,-0.4178993119510317,,4.356049597308517,4.356049597308517
global_fit_ye,ratio,Ye,342.77,-0.4152127243409315,,4.3402405505066595,4.3402405505066595
global_fit_ye,ratio,Ye,346.74,-0.41256728441190943,,4.324693708315367,4.324693708315367
global_fit_ye,ratio,Ye,350.75,-0.4099617212667529,,4.309397589728862,4.309397589728862
global_fit_ye,ratio,Ye,354.81,-0.4073951529771882,,4.294346462997983,4.294346462997983
global_fit_ye,ratio,Ye,358.92,-0.40486723268035346,,4.27954104047514,4.27954104047514
global_fit_ye,ratio,Ye,363.08,-0.40237702464551883,,4.264973970299563,4.264973970299563
global_fit_ye,ratio,Ye,367.28,-0.399923951894141,,4.250640867316711,4.250640867316711
global_fit_ye,ratio,Ye,371.54,-0.3975070377258655,,4.236535994288991,4.236535994288991
global_fit_ye,ratio,Ye,375.84,-0.39512598700208157,,4.222659813923784,4.222659813923784
global_fit_ye,ratio,Ye,380.19,-0.39277977865254493,,4.209001793273831,4.209001793273831
global_fit_ye,ratio,Ye,384.59,-0.39046798059702104,,4.195561635305936,4.195561635305936
global_fit_ye,ratio,Ye,389.05,-0.3881896163626851,,4.18233141108898,4.18233141108898
global_fit_ye,ratio,Ye,393.55,-0.3859445941739368,,4.1693140510089854,4.1693140510089854
global_fit_ye,ratio,Ye,398.11,-0.3837316611263183,,4.156497417302516,4.156497417302516
global_fit_ye,ratio,Ye,402.72,-0.38155074565351005,,4.1438851204501965,4.1438851204501965
global_fit_ye,ratio,Ye,407.38,-0.3794010218915616,,4.131468558610342,4.131468558610342
global_fit_ye,ratio,Ye,412.1,-0.3772821280788177,,4.119247864110125,4.119247864110125
global_fit_ye,ratio,Ye,416.87,-0.3751931173720989,,4.107215878949828,4.107215878949828
global_fit_ye,ratio,Ye,421.7,-0.37313410035742844,,4.095374981962689,4.095374981962689
global_fit_ye,ratio,Ye,426.58,-0.3711037909145165,,4.083714931599821,4.083714931599821
global_fit_ye,ratio,Ye,431.52,-0.36910195287960135,,4.072235235792679,4.072235235792679
global_fit_ye,ratio,Ye,436.52,-0.3671281457250644,,4.0609324119755925,4.0609324119755925
global_fit_ye,ratio,Ye,441.57,-0.3651819895984159,,4.049806761149853,4.049806761149853
global_fit_ye,ratio,Ye,446.68,-0.36326278493760916,,4.038851289638881,4.038851289638881
global_fit_ye,ratio,Ye,451.86,-0.3613701732140204,,4.028065077098596,4.028065077098596
global_fit_ye,ratio,Ye,457.09,-0.3595034848499627,,4.017442990819988,4.017442990819988
global_fit_ye,ratio,Ye,462.38,-0.3576627228650927,,4.0069874108677075,4.0069874108677075
global_fit_ye,ratio,Ye,467.74,-0.3558468981370113,,3.9966893121526237,3.9966893121526237
global_fit_ye,ratio,Ye,473.15,-0.35405602633579025,,3.986551936808,3.986551936808
global_fit_ye,ratio,Ye,478.63,-0.3522891516688355,,3.9765657442547,3.9765657442547
global_fit_ye,ratio,Ye,484.17,-0.35054663084598936,,3.9667372674613293,3.9667372674613293
global_fit_ye,ratio,Ye,489.78,-0.34882720449189775,,3.957054724401123,3.957054724401123
global_fit_ye,ratio,Ye,495.45,-0.34713105560307467,,3.9475215315551266,3.9475215315551266
global_fit_ye,ratio,Ye,501.19,-0.34545756949349515,,3.938134067599116,3.938134067599116
global_fit_ye,ratio,Ye,506.99,-0.34380650324144757,,3.9288909165890527,3.9288909165890527
global_fit_ye,ratio,Ye,512.86,-0.3421774061321528,,3.9197880599173076,3.9197880599173076
global_fit_ye,ratio,Ye,518.8,-0.34056983755408954,,3.910824753382546,3.910824753382546
global_fit_ye,ratio,Ye,524.81,-0.33898343730168423,,3.901997047847569,3.901997047847569
global_fit_ye,ratio,Ye,530.88,-0.337417853336902,,3.893303239070045,3.893303239070045
global_fit_ye,ratio,Ye,537.03,-0.33587290645835355,,3.8847436004927767,3.8847436004927767
global_fit_ye,ratio,Ye,543.25,-0.334348022108304,,3.876312886522151,3.876312886522151
global_fit_ye,ratio,Ye,549.54,-0.3328431029719191,,3.868012250729955,3.868012250729955
global_fit_ye,ratio,Ye,555.9,-0.33135752490866655,,3.8598357418766804,3.8598357418766804
global_fit_ye,ratio,Ye,562.34,-0.3298914281167429,,3.851787567072822,3.851787567072822
global_fit_ye,ratio,Ye,568.85,-0.32844404632344204,,3.8438597613576557,3.8438597613576557
global_fit_ye,ratio,Ye,575.44,-0.3270154573843075,,3.836055763503158,3.836055763503158
global_fit_ye,ratio,Ye,582.1,-0.32560507029219526,,3.8283705308675415,3.8283705308675415
global_fit_ye,ratio,Ye,588.84,-0.3242124443953623,,3.820799278242574,3.820799278242574
global_fit_ye,ratio,Ye,595.66,-0.3228378833115923,,3.813348938433896,3.813348938433896
global_fit_ye,ratio,Ye,602.56,-0.3214804548120754,,3.8060091496948116,3.8060091496948116
global_fit_ye,ratio,Ye,609.54,-0.32014046481470665,,3.7987861754576175,3.7987861754576175
global_fit_ye,ratio,Ye,616.6,-0.3188172160350898,,3.7916725627019097,3.7916725627019097
global_fit_ye,ratio,Ye,623.73,-0.3175104496166498,,3.7846659489614547,3.7846659489614547
global_fit_ye,ratio,Ye,630.96,-0.3162203267718058,,3.7777710069866126,3.7777710069866126
global_fit_ye,ratio,Ye,638.26,-0.3149460473446626,,3.7709805758969512,3.7709805758969512
global_fit_ye,ratio,Ye,645.65,-0.31368784301492453,,3.764297613414198,3.764297613414198
global_fit_ye,ratio,Ye,653.13,-0.31244499777402757,,3.757715633514197,3.757715633514197
global_fit_ye,ratio,Ye,660.69,-0.3112176816967274,,3.75123817632276,3.75123817632276
global_fit_ye,ratio,Ye,668.34,-0.31000545989161055,,3.744860396937997,3.744860396937997
global_fit_ye,ratio,Ye,676.08,-0.3088082395084712,,3.7385844717663117,3.7385844717663117
global_fit_ye,ratio,Ye,683.91,-0.30762540359136675,,3.732402960068538,3.732402960068538
global_fit_ye,ratio,Ye,691.83,-0.3064573230764942,,3.726321999423519,3.726321999423519
global_fit_ye,ratio,Ye,699.84,-0.3053032654699081,,3.720335515343766,3.720335515343766
global_fit_ye,ratio,Ye,707.95,-0.30416334168192494,,3.7144445791869405,3.7144445791869405
global_fit_ye,ratio,Ye,716.14,-0.3030370292032148,,3.708644505847968,3.708644505847968
global_fit_ye,ratio,Ye,724.44,-0.3019243809348115,,3.702937057805976,3.702937057805976
global_fit_ye,ratio,Ye,732.82,-0.3008253228107158,,3.6973232049184768,3.6973232049184768
global_fit_ye,ratio,Ye,741.31,-0.29973922413926346,,3.6917971779141667,3.6917971779141667
global_fit_ye,ratio,Ye,749.89,-0.298666083722305,,3.686358834258143,3.686358834258143
global_fit_ye,ratio,Ye,758.58,-0.29760589849495395,,3.6810105354769083,3.6810105354769083
global_fit_ye,ratio,Ye,767.36,-0.29655812009831317,,3.6757454984957043,3.6757454984957043
global_fit_ye,ratio,Ye,776.25,-0.2955229339485485,,3.6705678382960456,3.6705678382960456
global_fit_ye,ratio,Ye,785.24,-0.29449986148266294,,3.6654738361373904,3.6654738361373904
global_fit_ye,ratio,Ye,794.33,-0.2934889703440239,,3.6604640388992236,3.6604640388992236
global_fit_ye,ratio,Ye,803.53,-0.2924898532259433,,3.655535447442434,3.655535447442434
global_fit_ye,ratio,Ye,812.83,-0.2915025214314179,,3.6506897499187607,3.6506897499187607
global_fit_ye,ratio,Ye,822.24,-0.2905266375446785,,3.645922324410192,3.645922324410192
global_fit_ye,ratio,Ye,831.76,-0.2895622166684311,,3.6412355054530163,3.6412355054530163
global_fit_ye,ratio,Ye,841.4,-0.28860898254828676,,3.6366269482262696,3.6366269482262696
global_fit_ye,ratio,Ye,851.14,-0.28766689985565896,,3.632097266552666,3.632097266552666
global_fit_ye,ratio,Ye,860.99,-0.28673553053054823,,3.6276418988492343,3.6276418988492343
global_fit_ye,ratio,Ye,870.96,-0.2858150654385906,,3.6232643668812434,3.6232643668812434
global_fit_ye,ratio,Ye,881.05,-0.2849050236010454,,3.6189596230312313,3.6189596230312313
global_fit_ye,ratio,Ye,891.25,-0.2840053733726,,3.6147289000703657,3.6147289000703657
global_fit_ye,ratio,Ye,901.57,-0.2831161980199856,,3.610573415268733,3.610573415268733
global_fit_ye,ratio,Ye,912.01,-0.28223697359194183,,3.6064876795785783,3.6064876795785783
global_fit_ye,ratio,Ye,922.57,-0.28136783601899884,,3.6024751935766717,3.6024751935766717
global_fit_ye,ratio,Ye,933.25,-0.2805085479718247,,3.5985327517218364,3.5985327517218364
global_fit_ye,ratio,Ye,944.06,-0.27965892353671074,,3.594659420422459,3.594659420422459
global_fit_ye,ratio,Ye,954.99,-0.27881899571862173,,3.590857048744838,3.590857048744838
global_fit_ye,ratio,Ye,966.05,-0.2779882656301704,,3.587119720608782,3.587119720608782
global_fit_ye,ratio,Ye,977.24,-0.27716714255977704,,3.5834537057874614,3.5834537057874614
global_fit_ye,ratio,Ye,988.55,-0.2763551335488214,,3.579853140130638,3.579853140130638
global_fit_ye,ratio,Ye,1000.0,-0.2755520661574892,,3.576317763654124,3.576317763654124
global_fit_ye,ratio,Ye,1011.6,-0.2747580366111352,,3.572848909540821,3.572848909540821
global_fit_ye,ratio,Ye,1023.3,-0.2739727212257033,,3.569443549671734,3.569443549671734
global_fit_ye,ratio,Ye,1035.1,-0.273196106785317,,3.566102406750718,3.566102406750718
global_fit_ye,ratio,Ye,1047.1,-0.2724281943229529,,3.5628259125163333,3.5628259125163333
global_fit_ye,ratio,Ye,1059.3,-0.27166861427194094,,3.5596104968921822,3.5596104968921822
global_fit_ye,ratio,Ye,1071.5,-0.27091750672551895,,3.5564595125825544,3.5564595125825544
global_fit_ye,ratio,Ye,1083.9,-0.2701745786213097,,3.5533682029749536,3.5533682029749536
global_fit_ye,ratio,Ye,1096.5,-0.2694396204095524,,3.550336261827557,3.550336261827557
global_fit_ye,ratio,Ye,1109.2,-0.26871288241104185,,3.547366543462269,3.547366543462269
global_fit_ye,ratio,Ye,1122.0,-0.26799386318623936,,3.544454222287131,3.544454222287131
global_fit_ye,ratio,Ye,1135.0,-0.2672828132180669,,3.5416032064492002,3.5416032064492002
global_fit_ye,ratio,Ye,1148.2,-0.26657934714022696,,3.538808738992248,3.538808738992248
global_fit_ye,ratio,Ye,1161.4,-0.2658836067966315,,3.536073620210719,3.536073620210719
global_fit_ye,ratio,Ye,1174.9,-0.2651952139130883,,3.5333942354448538,3.5333942354448538
global_fit_ye,ratio,Ye,1188.5,-0.26451422298745625,,3.530770901257205,3.530770901257205
global_fit_ye,ratio,Ye,1202.3,-0.26384063345374215,,3.5282054104598446,3.5282054104598446
global_fit_ye,ratio,Ye,1216.2,-0.26317413016834906,,3.5256931919613086,3.5256931919613086
global_fit_ye,ratio,Ye,1230.3,-0.2625148028313249,,3.523237544872008,3.523237544872008
global_fit_ye,ratio,Ye,1244.5,-0.2618623953573092,,3.520834505083673,3.520834505083673
global_fit_ye,ratio,Ye,1258.9,-0.26121694510689525,,3.518486262741824,3.518486262741824
global_fit_ye,ratio,Ye,1273.5,-0.2605783911656173,,3.516191372857781,3.516191372857781
global_fit_ye,ratio,Ye,1288.2,-0.2599464968820416,,3.513948664361308,3.513948664361308
global_fit_ye,ratio,Ye,1303.2,-0.2593213732624702,,3.511760083910237,3.511760083910237
global_fit_ye,ratio,Ye,1318.3,-0.25870267268410874,,3.50962063182752,3.50962063182752
global_fit_ye,ratio,Ye,1333.5,-0.25809053881863925,,3.507534153347295,3.507534153347295
global_fit_ye,ratio,Ye,1349.0,-0.2574847632114753,,3.50549764371437,3.50549764371437
global_fit_ye,ratio,Ye,1364.6,-0.25688540676775606,,3.5035129869869728,3.5035129869869728
global_fit_ye,ratio,Ye,1380.4,-0.25629213286407176,,3.5015758501393646,3.5015758501393646
global_fit_ye,ratio,Ye,1396.4,-0.25570508537767117,,3.499689020078867,3.499689020078867
global_fit_ye,ratio,Ye,1412.5,-0.255124245628679,,3.497852486843637,3.497852486843637
global_fit_ye,ratio,Ye,1428.9,-0.25454918233700874,,3.4960624106151315,3.4960624106151315
global_fit_ye,ratio,Ye,1445.4,-0.25398019273584266,,3.494321178173481,3.494321178173481
global_fit_ye,ratio,Ye,1462.2,-0.2534171082667019,,3.492628723808206,3.492628723808206
global_fit_ye,ratio,Ye,1479.1,-0.25285960774621963,,3.490980819395478,3.490980819395478
global_fit_ye,ratio,Ye,1496.2,-0.25230793628667564,,3.489381289215575,3.489381289215575
global_fit_ye,ratio,Ye,1513.6,-0.2517619800743435,,3.487829136771142,3.487829136771142
global_fit_ye,ratio,Ye,1531.1,-0.2512215006620627,,3.486322029470495,3.486322029470495
global_fit_ye,ratio,Ye,1548.8,-0.25068648934070376,,3.484859543225158,3.484859543225158
global_fit_ye,ratio,Ye,1566.8,-0.2501568378609294,,3.483441762724977,3.483441762724977
global_fit_ye,ratio,Ye,1584.9,-0.24963266347509366,,3.4820695830156345,3.4820695830156345
global_fit_ye,ratio,Ye,1603.2,-0.24911385824415758,,3.4807425711176707,3.4807425711176707
global_fit_ye,ratio,Ye,1621.8,-0.2486001924341934,,3.4794594575172506,3.4794594575172506
global_fit_ye,ratio,Ye,1640.6,-0.24809166155353754,,3.4782188835564014,3.4782188835564014
global_fit_ye,ratio,Ye,1659.6,-0.24758816280215465,,3.477020427701058,3.477020427701058
global_fit_ye,ratio,Ye,1678.8,-0.24708981462170787,,3.4758660171152993,3.4758660171152993
global_fit_ye,ratio,Ye,1698.2,-0.24659651443357333,,3.4747552239698063,3.4747552239698063
global_fit_ye,ratio,Ye,1717.9,-0.2461079201084065,,3.4736840885423046,3.4736840885423046
global_fit_ye,ratio,Ye,1737.8,-0.24562439226314373,,3.4726571267552355,3.4726571267552355
global_fit_ye,ratio,Ye,1757.9,-0.24514552044765334,,3.4716696115495047,3.4716696115495047
global_fit_ye,ratio,Ye,1778.3,-0.24467144697966497,,3.4707242043556685,3.4707242043556685
global_fit_ye,ratio,Ye,1798.9,-0.24420212299494518,,3.4698200979680793,3.4698200979680793
global_fit_ye,ratio,Ye,1819.7,-0.24373726477286345,,3.468954343876133,3.468954343876133
global_fit_ye,ratio,Ye,1840.8,-0.2432770625676787,,3.4681292096934304,3.4681292096934304
global_fit_ye,ratio,Ye,1862.1,-0.2428214696759752,,3.467345294485799,3.467345294485799
global_fit_ye,ratio,Ye,1883.6,-0.24237022785393167,,3.466599956431702,3.466599956431702
global_fit_ye,ratio,Ye,1905.5,-0.24192343756057794,,3.4658934952553655,3.4658934952553655
global_fit_ye,ratio,Ye,1927.5,-0.24148102732769597,,3.4652262488051853,3.4652262488051853
global_fit_ye,ratio,Ye,1949.8,-0.2410427718327464,,3.4645958967869324,3.4645958967869324
global_fit_ye,ratio,Ye,1972.4,-0.24060897397817224,,3.4640059256923483,3.4640059256923483
global_fit_ye,ratio,Ye,1995.3,-0.24017924832905907,,3.4634517838806373,3.4634517838806373
global_fit_ye,ratio,Ye,2018.4,-0.23975373545221823,,3.462936127085541,3.462936127085541
global_fit_ye,ratio,Ye,2041.7,-0.2393322815679453,,3.4624574072667973,3.4624574072667973
global_fit_ye,ratio,Ye,2065.4,-0.23891496030589487,,3.4620170470513116,3.4620170470513116
global_fit_ye,ratio,Ye,2089.3,-0.2385015549104165,,3.461610924544201,3.461610924544201
global_fit_ye,ratio,Ye,2113.5,-0.23809215811443038,,3.4612425948798933,3.4612425948798933
global_fit_ye,ratio,Ye,2138.0,-0.2376866673213526,,3.4609096098027297,3.4609096098027297
global_fit_ye,ratio,Ye,2162.7,-0.2372851099290003,,3.460614324624642,3.460614324624642
global_fit_ye,ratio,Ye,2187.8,-0.23688727481288815,,3.460352215652342,3.460352215652342
global_fit_ye,ratio,Ye,2213.1,-0.23649330090467047,,3.4601268027084484,3.4601268027084484
global_fit_ye,ratio,Ye,2238.7,-0.23610308904699734,,3.459936176592118,3.459936176592118
global_fit_ye,ratio,Ye,2264.6,-0.23571651214242376,,3.4597800513898056,3.4597800513898056
global_fit_ye,ratio,Ye,2290.9,-0.23533358282615685,,3.4596577410036193,3.4596577410036193
global_fit_ye,ratio,Ye,2317.4,-0.2349543298994231,,3.4595715667430693,3.4595715667430693
global_fit_ye,ratio,Ye,2344.2,-0.2345785959047298,,3.4595175460673953,3.4595175460673953
global_fit_ye,ratio,Ye,2371.4,-0.23420631918702878,,3.4594970479687515,3.4594970479687515
global_fit_ye,ratio,Ye,2398.8,-0.23383766685622442,,3.4595115604913795,3.4595115604913795
global_fit_ye,ratio,Ye,2426.6,-0.23347245397582664,,3.4595595919657907,3.4595595919657907
global_fit_ye,ratio,Ye,2454.7,-0.23311054356996946,,3.459638405785655,3.459638405785655
global_fit_ye,ratio,Ye,2483.1,-0.23275211807001492,,3.459751974552859,3.459751974552859
global_fit_ye,ratio,Ye,2511.9,-0.23239689015695747,,3.45989631989064,3.45989631989064
global_fit_ye,ratio,Ye,2541.0,-0.2320451323823757,,3.4600749966006283,3.4600749966006283
global_fit_ye,ratio,Ye,2570.4,-0.23169646931467316,,3.460283592038049,3.460283592038049
global_fit_ye,ratio,Ye,2600.2,-0.23135106839138686,,3.4605248850383745,3.4605248850383745
global_fit_ye,ratio,Ye,2630.3,-0.23100900522278622,,3.460799022160321,3.460799022160321
global_fit_ye,ratio,Ye,2660.7,-0.23066995379164482,,3.4611037696230986,3.4611037696230986
global_fit_ye,ratio,Ye,2691.5,-0.2303340810139176,,3.4614393484781973,3.4614393484781973
global_fit_ye,ratio,Ye,2722.7,-0.23000116736581888,,3.461805187626788,3.461805187626788
global_fit_ye,ratio,Ye,2754.2,-0.2296713347614522,,3.4622018760915596,3.4622018760915596
global_fit_ye,ratio,Ye,2786.1,-0.22934465915611418,,3.4626308416876386,3.4626308416876386
global_fit_ye,ratio,Ye,2818.4,-0.22902080816551204,,3.4630879451606944,3.4630879451606944
global_fit_ye,ratio,Ye,2851.0,-0.22870001841616536,,3.46357650413656,3.46357650413656
global_fit_ye,ratio,Ye,2884.0,-0.22838206166645408,,3.464094458151812,3.464094458151812
global_fit_ye,ratio,Ye,2917.4,-0.22806701515134767,,3.46464278556121,3.46464278556121
global_fit_ye,ratio,Ye,2951.2,-0.22775479823817152,,3.465219340255056,3.465219340255056
global_fit_ye,ratio,Ye,2985.4,-0.22744539979963233,,3.4658259103609517,3.4658259103609517
global_fit_ye,ratio,Ye,3020.0,-0.22713888435921928,,3.4664623898825195,3.4664623898825195
global_fit_ye,ratio,Ye,3054.9,-0.22683504108968838,,3.4671269941917267,3.4671269941917267
global_fit_ye,ratio,Ye,3090.3,-0.22653389196678325,,3.467819581389796,3.467819581389796
global_fit_ye,ratio,Ye,3126.1,-0.2262355140971208,,3.4685416052225078,3.4685416052225078
global_fit_ye,ratio,Ye,3162.3,-0.22593974285199486,,3.4692917323992227,3.4692917323992227
global_fit_ye,ratio,Ye,3198.9,-0.22564669907165882,,3.470070549525351,3.470070549525351
global_fit_ye,ratio,Ye,3235.9,-0.22535621947466428,,3.470876734900673,3.470876734900673
global_fit_ye,ratio,Ye,3273.4,-0.22506828363470696,,3.4717101912380506,3.4717101912380506
global_fit_ye,ratio,Ye,3311.3,-0.2247829687416085,,3.4725727343054844,3.4725727343054844
global_fit_ye,ratio,Ye,3349.7,-0.22450005987824614,,3.473460264848827,3.473460264848827
global_fit_ye,ratio,Ye,3388.4,-0.22421977496512963,,3.474376640126977,3.474376640126977
global_fit_ye,ratio,Ye,3427.7,-0.22394191085875778,,3.4753201450669144,3.4753201450669144
global_fit_ye,ratio,Ye,3467.4,-0.22366658782548868,,3.4762913556503774,3.4762913556503774
global_fit_ye,ratio,Ye,3507.5,-0.2233935513672049,,3.4772878641685048,3.4772878641685048
global_fit_ye,ratio,Ye,3548.1,-0.22312301798172682,,3.4783122682378997,3.4783122682378997
global_fit_ye,ratio,Ye,3589.2,-0.22285477771313186,,3.479361758331093,3.479361758331093
global_fit_ye,ratio,Ye,3630.8,-0.22258896060800962,,3.4804388722655313,3.4804388722655313
global_fit_ye,ratio,Ye,3672.8,-0.2223254011429312,,3.481540423150872,3.481540423150872
global_fit_ye,ratio,Ye,3715.4,-0.2220641343379568,,3.4826682367819917,3.4826682367819917
global_fit_ye,ratio,Ye,3758.4,-0.221805142873896,,3.48382180263628,3.48382180263628
global_fit_ye,ratio,Ye,3801.9,-0.22154850362444714,,3.4850029273753544,3.4850029273753544
global_fit_ye,ratio,Ye,3845.9,-0.22129391776580182,,3.4862069019703386,3.4862069019703386
global_fit_ye,ratio,Ye,3890.5,-0.2210416505483606,,3.4874378421112264,3.4874378421112264
global_fit_ye,ratio,Ye,3935.5,-0.2207914983277253,,3.488692946448112,3.488692946448112
global_fit_ye,ratio,Ye,3981.1,-0.22054353853751776,,3.48997327347016,3.48997327347016
global_fit_ye,ratio,Ye,4027.2,-0.2202977550992075,,3.4912795466136815,3.4912795466136815
global_fit_ye,ratio,Ye,4073.8,-0.22005399770333353,,3.4926092487712705,3.4926092487712705
global_fit_ye,ratio,Ye,4121.0,-0.21981238572890285,,3.4939638792270293,3.4939638792270293
global_fit_ye,ratio,Ye,4168.7,-0.21957276987835894,,3.4953425938309737,3.4953425938309737
global_fit_ye,ratio,Ye,4217.0,-0.21933526926101043,,3.4967460495969256,3.4967460495969256
global_fit_ye,ratio,Ye,4265.8,-0.21909973556986034,,3.498172998502554,3.498172998502554
global_fit_ye,ratio,Ye,4315.2,-0.2188662876458205,,3.499624899147575,3.499624899147575
global_fit_ye,ratio,Ye,4365.2,-0.21863477815165766,,3.501100136941527,3.501100136941527
global_fit_ye,ratio,Ye,4415.7,-0.2184052841220871,,3.5026001427300573,3.5026001427300573
global_fit_ye,ratio,Ye,4466.8,-0.21817761034753202,,3.5041213807930576,3.5041213807930576
global_fit_ye,ratio,Ye,4518.6,-0.21795192467763297,,3.5056676105325835,3.5056676105325835
global_fit_ye,ratio,Ye,4570.9,-0.217728164532755,,3.5072368777250347,3.5072368777250347
global_fit_ye,ratio,Ye,4623.8,-0.21750623410509629,,3.50882905147355,3.50882905147355
global_fit_ye,ratio,Ye,4677.4,-0.21728625148300487,,3.510445184550471,3.510445184550471
global_fit_ye,ratio,Ye,4731.5,-0.21706802455359442,,3.512082980768859,3.512082980768859
global_fit_ye,ratio,Ye,4786.3,-0.21685171964668754,,3.5137449721437664,3.5137449721437664
global_fit_ye,ratio,Ye,4841.7,-0.21663710480330345,,3.5154280905356385,3.5154280905356385
global_fit_ye,ratio,Ye,4897.8,-0.21642429822976175,,3.517134162210863,3.517134162210863
global_fit_ye,ratio,Ye,4954.5,-0.21621328776629878,,3.5188623327313118,3.5188623327313118
global_fit_ye,ratio,Ye,5011.9,-0.21600410879312784,,3.5206148064940783,3.5206148064940783
global_fit_ye,ratio,Ye,5069.9,-0.21579652563747917,,3.522386654959125,3.522386654959125
global_fit_ye,ratio,Ye,5128.6,-0.2155907913300928,,3.524182301079359,3.524182301079359
global_fit_ye,ratio,Ye,5188.0,-0.21538663701689442,,3.5259990223477082,3.5259990223477082
global_fit_ye,ratio,Ye,5248.1,-0.21518422086434894,,3.527837939243972,3.527837939243972
global_fit_ye,ratio,Ye,5308.8,-0.2149835315270143,,3.5296989559747094,3.5296989559747094
global_fit_ye,ratio,Ye,5370.3,-0.21478438975856418,,3.5315808873456316,3.5315808873456316
global_fit_ye,ratio,Ye,5432.5,-0.21458695313590365,,3.5334848369598753,3.5334848369598753
global_fit_ye,ratio,Ye,5495.4,-0.2143910836871857,,3.535409202101937,3.535409202101937
global_fit_ye,ratio,Ye,5559.0,-0.21419685774741354,,3.537355843931656,3.537355843931656
global_fit_ye,ratio,Ye,5623.4,-0.21400417854791837,,3.5393231896774577,3.5393231896774577
global_fit_ye,ratio,Ye,5688.5,-0.21381316249281357,,3.5413119405320224,3.5413119405320224
global_fit_ye,ratio,Ye,5754.4,-0.2136236329178869,,3.54332167790442,3.54332167790442
global_fit_ye,ratio,Ye,5821.0,-0.2134356204836438,,3.5453515906905877,3.5453515906905877
global_fit_ye,ratio,Ye,5888.4,-0.21324911567046365,,3.5474016322921518,3.5474016322921518
global_fit_ye,ratio,Ye,5956.6,-0.21306406904822595,,3.5494725324083856,3.5494725324083856
global_fit_ye,ratio,Ye,6025.6,-0.21288063646485145,,3.5515645613847644,3.5515645613847644
global_fit_ye,ratio,Ye,6095.4,-0.2126986432909673,,3.5536773553787055,3.5536773553787055
global_fit_ye,ratio,Ye,6166.0,-0.2125180357350688,,3.5558086407995684,3.5558086407995684
global_fit_ye,ratio,Ye,6237.3,-0.21233897438796137,,3.5579616790278736,3.5579616790278736
global_fit_ye,ratio,Ye,6309.6,-0.21216128111490903,,3.5601331276693204,3.5601331276693204
global_fit_ye,ratio,Ye,6382.6,-0.2119850762742618,,3.5623262355350813,3.5623262355350813
global_fit_ye,ratio,Ye,6456.5,-0.21181018279868355,,3.564538039405578,3.564538039405578
global_fit_ye,ratio,Ye,6531.3,-0.21163679998099094,,3.5667714470590495,3.5667714470590495
global_fit_ye,ratio,Ye,6606.9,-0.21146466785876875,,3.5690220348522423,3.5690220348522423
global_fit_ye,ratio,Ye,6683.4,-0.21129398993793372,,3.571293737656697,3.571293737656697
global_fit_ye,ratio,Ye,6760.8,-0.21112459092065788,,3.573584378985468,3.573584378985468
global_fit_ye,ratio,Ye,6839.1,-0.2109565857450941,,3.575894624881014,3.575894624881014
global_fit_ye,ratio,Ye,6918.3,-0.2107899268933121,,3.5782248023034495,3.5782248023034495
global_fit_ye,ratio,Ye,6998.4,-0.21062456295372725,,3.5805734742449826,3.5805734742449826
global_fit_ye,ratio,Ye,7079.5,-0.21046040791841633,,3.5829405264606877,3.5829405264606877
global_fit_ye,ratio,Ye,7161.4,-0.21029761554658916,,3.585327441007612,3.585327441007612
global_fit_ye,ratio,Ye,7244.4,-0.2101360565531557,,3.5877327181703196,3.5877327181703196
global_fit_ye,ratio,Ye,7328.2,-0.2099758450799264,,3.5901578140251282,3.5901578140251282
global_fit_ye,ratio,Ye,7413.1,-0.2098168133509099,,3.59260119033532,3.59260119033532
global_fit_ye,ratio,Ye,7498.9,-0.20965903259430327,,3.5950628561376563,3.5950628561376563
global_fit_ye,ratio,Ye,7585.8,-0.2095024568061286,,3.5975427763665415,3.5975427763665415
global_fit_ye,ratio,Ye,7673.6,-0.20934704023889103,,3.600040900690392,3.600040900690392
global_fit_ye,ratio,Ye,7762.5,-0.20919293540924486,,3.6025590761732853,3.6025590761732853
global_fit_ye,ratio,Ye,7852.4,-0.2090399338126478,,3.6050936130275844,3.6050936130275844
global_fit_ye,ratio,Ye,7943.3,-0.20888815259579524,,3.607648101904185,3.607648101904185
global_fit_ye,ratio,Ye,8035.3,-0.2087375006248961,,3.6102189197895327,3.6102189197895327
global_fit_ye,ratio,Ye,8128.3,-0.2085880945293487,,3.612810065656647,3.612810065656647
global_fit_ye,ratio,Ye,8222.4,-0.2084397276100301,,3.6154174493976705,3.6154174493976705
global_fit_ye,ratio,Ye,8317.6,-0.20829251317876588,,3.618042909243185,3.618042909243185
global_fit_ye,ratio,Ye,8414.0,-0.20814636466711753,,3.6206853391839102,3.6206853391839102
global_fit_ye,ratio,Ye,8511.4,-0.20800143661772097,,3.623347273159655,3.623347273159655
global_fit_ye,ratio,Ye,8609.9,-0.20785752394091433,,3.62602613105571,3.62602613105571
global_fit_ye,ratio,Ye,8709.6,-0.20771473943653848,,3.628722615572212,3.628722615572212
global_fit_ye,ratio,Ye,8810.5,-0.2075729973616823,,3.6314360176737086,3.6314360176737086
global_fit_ye,ratio,Ye,8912.5,-0.20743229218422618,,3.6341663221307483,3.6341663221307483
global_fit_ye,ratio,Ye,9015.7,-0.20729273899489423,,3.6369160058967682,3.6369160058967682
global_fit_ye,ratio,Ye,9120.1,-0.20715413202368607,,3.639680740629521,3.639680740629521
global_fit_ye,ratio,Ye,9225.7,-0.20701658641802972,,3.6424637563645414,3.6424637563645414
global_fit_ye,ratio,Ye,9332.5,-0.20688005574644536,,3.6452632597442296,3.6452632597442296
global_fit_ye,ratio,Ye,9440.6,-0.2067446136514207,,3.6480810279533444,3.6480810279533444
global_fit_ye,ratio,Ye,9549.9,-0.20661013763606637,,3.6509152352058045,3.6509152352058045
global_fit_ye,ratio,Ye,9660.5,-0.20647662266886485,,3.653765856293627,3.653765856293627
global_fit_ye,ratio,Ye,9772.4,-0.20634410181180707,,3.656633295608548,3.656633295608548
global_fit_ye,ratio,Ye,9885.5,-0.20621253200954986,,3.6595174874879683,3.6595174874879683
global_fit_ye,GEn,Ye,1e-06,4.968448004361963e-07,,9.395146534779856e-09,9.395146534779856e-09
global_fit_ye,GEn,Ye,1.0116e-06,5.02597967807137e-07,,9.504009917568223e-09,9.504009917568223e-09
global_fit_ye,GEn,Ye,1.0233e-06,5.084177344669222e-07,,9.61413428689942e-09,9.61413428689942e-09
global_fit_ye,GEn,Ye,1.0351e-06,5.14304900401717e-07,,9.725534642511981e-09,9.725534642511981e-09
global_fit_ye,GEn,Ye,1.0471e-06,5.202601654512086e-07,,9.838224981371902e-09,9.838224981371902e-09
global_fit_ye,GEn,Ye,1.0593e-06,5.262845295954421e-07,,9.952222303107183e-09,9.952222303107183e-09
global_fit_ye,GEn,Ye,1.0715e-06,5.323784931155331e-07,,1.0067539613023001e-08,1.0067539613023001e-08
global_fit_ye,GEn,Ye,1.0839e-06,5.385431556975435e-07,,1.0184198905178535e-08,1.0184198905178535e-08
global_fit_ye,GEn,Ye,1.0965e-06,5.447791173217932e-07,,1.0302198179242181e-08,1.0302198179242181e-08
global_fit_ye,GEn,Ye,1.1092e-06,5.51087378122261e-07,,1.0421577437682467e-08,1.0421577437682467e-08
global_fit_ye,GEn,Ye,1.122e-06,5.574685380839607e-07,,1.0542326680282024e-08,1.0542326680282024e-08
global_fit_ye,GEn,Ye,1.135e-06,5.639236970312458e-07,,1.0664485903658661e-08,1.0664485903658661e-08
global_fit_ye,GEn,Ye,1.1482e-06,5.70453554942813e-07,,1.0788055107451014e-08,1.0788055107451014e-08
global_fit_ye,GEn,Ye,1.1614e-06,5.770591121211241e-07,,1.0913054297375697e-08,1.0913054297375697e-08
global_fit_ye,GEn,Ye,1.1749e-06,5.837410680621174e-07,,1.1039513463844786e-08,1.1039513463844786e-08
global_fit_ye,GEn,Ye,1.1885e-06,5.905004230694643e-07,,1.1167422612696103e-08,1.1167422612696103e-08
global_fit_ye,GEn,Ye,1.2023e-06,5.97338076957245e-07,,1.1296821740337244e-08,1.1296821740337244e-08
global_fit_ye,GEn,Ye,1.2162e-06,6.042548298722436e-07,,1.142772084956056e-08,1.142772084956056e-08
global_fit_ye,GEn,Ye,1.2303e-06,6.112517816233284e-07,,1.1560139936753562e-08,1.1560139936753562e-08
global_fit_ye,GEn,Ye,1.2445e-06,6.183296323608398e-07,,1.1694089004770364e-08,1.1694089004770364e-08
global_fit_ye,GEn,Ye,1.2589e-06,6.254894818889949e-07,,1.1829588049910991e-08,1.1829588049910991e-08
global_fit_ye,GEn,Ye,1.2735e-06,6.327323301821264e-07,,1.1966657071686061e-08,1.1966657071686061e-08
global_fit_ye,GEn,Ye,1.2882e-06,6.400588773955101e-07,,1.2105316073007571e-08,1.2105316073007571e-08
global_fit_ye,GEn,Ye,1.3032e-06,6.474704231430144e-07,,1.224558504658851e-08,1.224558504658851e-08
global_fit_ye,GEn,Ye,1.3183e-06,6.549676677614706e-07,,1.2387473998810896e-08,1.2387473998810896e-08
global_fit_ye,GEn,Ye,1.3335e-06,6.625518112290987e-07,,1.2531012929235399e-08,1.2531012929235399e-08
global_fit_ye,GEn,Ye,1.349e-06,6.702237531473185e-07,,1.2676201830387284e-08,1.2676201830387284e-08
global_fit_ye,GEn,Ye,1.3646e-06,6.779844938632974e-07,,1.2823090708714375e-08,1.2823090708714375e-08
global_fit_ye,GEn,Ye,1.3804e-06,6.85835133161301e-07,,1.2971669560253332e-08,1.2971669560253332e-08
global_fit_ye,GEn,Ye,1.3964e-06,6.937766710121238e-07,,1.3121978384370045e-08,1.3121978384370045e-08
global_fit_ye,GEn,Ye,1.4125e-06,7.018101075837662e-07,,1.327401718431571e-08,1.327401718431571e-08
global_fit_ye,GEn,Ye,1.4289e-06,7.09936642452143e-07,,1.3427825952000532e-08,1.3427825952000532e-08
global_fit_ye,GEn,Ye,1.4454e-06,7.181572759842723e-07,,1.358341469440117e-08,1.358341469440117e-08
global_fit_ye,GEn,Ye,1.4622e-06,7.264730077466881e-07,,1.3740813403273108e-08,1.3740813403273108e-08
global_fit_ye,GEn,Ye,1.4791e-06,7.348851381134087e-07,,1.3900032085749656e-08,1.3900032085749656e-08
global_fit_ye,GEn,Ye,1.4962e-06,7.433946668499369e-07,,1.4061090737391191e-08,1.4061090737391191e-08
global_fit_ye,GEn,Ye,1.5136e-06,7.520026937112944e-07,,1.422401935352495e-08,1.422401935352495e-08
global_fit_ye,GEn,Ye,1.5311e-06,7.607103190849988e-07,,1.4388827941526153e-08,1.4388827941526153e-08
global_fit_ye,GEn,Ye,1.5488e-06,7.695188427265251e-07,,1.455555649670284e-08,1.455555649670284e-08
global_fit_ye,GEn,Ye,1.5668e-06,7.784293643817639e-07,,1.4724215014294256e-08,1.4724215014294256e-08
global_fit_ye,GEn,Ye,1.5849e-06,7.874430844508803e-07,,1.4894823501881361e-08,1.4894823501881361e-08
global_fit_ye,GEn,Ye,1.6032e-06,7.965612026806705e-07,,1.506741195464192e-08,1.506741195464192e-08
global_fit_ye,GEn,Ye,1.6218e-06,8.057848188075726e-07,,1.5242000367593157e-08,1.5242000367593157e-08
global_fit_ye,GEn,Ye,1.6406e-06,8.151153330147596e-07,,1.541860874422893e-08,1.541860874422893e-08
global_fit_ye,GEn,Ye,1.6596e-06,8.245538452643352e-07,,1.559726708378956e-08,1.559726708378956e-08
global_fit_ye,GEn,Ye,1.6788e-06,8.341015555173329e-07,,1.5777995385549386e-08,1.5777995385549386e-08
global_fit_ye,GEn,Ye,1.6982e-06,8.437599637327212e-07,,1.5960813648771403e-08,1.5960813648771403e-08
global_fit_ye,GEn,Ye,1.7179e-06,8.535301696302751e-07,,1.614576186806234e-08,1.614576186806234e-08
global_fit_ye,GEn,Ye,1.7378e-06,8.63413473403464e-07,,1.6332840047199525e-08,1.6332840047199525e-08
global_fit_ye,GEn,Ye,1.7579e-06,8.734111750101261e-07,,1.6522088185310492e-08,1.6522088185310492e-08
global_fit_ye,GEn,Ye,1.7783e-06,8.835246741580404e-07,,1.67135362768485e-08,1.67135362768485e-08
global_fit_ye,GEn,Ye,1.7989e-06,8.937553710462712e-07,,1.690719432566084e-08,1.690719432566084e-08
global_fit_ye,GEn,Ye,1.8197e-06,9.041044656309736e-07,,1.710310233083044e-08,1.710310233083044e-08
global_fit_ye,GEn,Ye,1.8408e-06,9.145733576089603e-07,,1.7301280286653417e-08,1.7301280286653417e-08
global_fit_ye,GEn,Ye,1.8621e-06,9.251635471850696e-07,,1.7501748197047735e-08,1.7501748197047735e-08
global_fit_ye,GEn,Ye,1.8836e-06,9.358762343132023e-07,,1.7704546061050157e-08,1.7704546061050157e-08
global_fit_ye,GEn,Ye,1.9055e-06,9.467131184105132e-07,,1.7909693867697296e-08,1.7909693867697296e-08
global_fit_ye,GEn,Ye,1.9275e-06,9.576754002201702e-07,,1.8117211631062476e-08,1.8117211631062476e-08
global_fit_ye,GEn,Ye,1.9498e-06,9.687646791550282e-07,,1.832713933998493e-08,1.832713933998493e-08
global_fit_ye,GEn,Ye,1.9724e-06,9.79982255155817e-07,,1.8539496993367147e-08,1.8539496993367147e-08
global_fit_ye,GEn,Ye,1.9953e-06,9.913298281600407e-07,,1.8754314590038073e-08,1.8754314590038073e-08
global_fit_ye,GEn,Ye,2.0184e-06,1.0028082983911365e-06,,1.8971622134150578e-08,1.8971622134150578e-08
global_fit_ye,GEn,Ye,2.0417e-06,1.0144201657897735e-06,,1.9191449624678765e-08,1.9191449624678765e-08
global_fit_ye,GEn,Ye,2.0654e-06,1.026167029722631e-06,,1.9413827049643068e-08,1.9413827049643068e-08
global_fit_ye,GEn,Ye,2.0893e-06,1.0380488907077792e-06,,1.9638774418727424e-08,1.9638774418727424e-08
global_fit_ye,GEn,Ye,2.1135e-06,1.0500687483842174e-06,,1.9866331725198326e-08,1.9866331725198326e-08
global_fit_ye,GEn,Ye,2.138e-06,1.0622286026812059e-06,,2.009651896782466e-08,2.009651896782466e-08
global_fit_ye,GEn,Ye,2.1627e-06,1.0745284538416156e-06,,2.032938615090031e-08,2.032938615090031e-08
global_fit_ye,GEn,Ye,2.1878e-06,1.0869703011907358e-06,,2.056494326182483e-08,2.056494326182483e-08
global_fit_ye,GEn,Ye,2.2131e-06,1.0995571452571534e-06,,2.0803230310702106e-08,2.0803230310702106e-08
global_fit_ye,GEn,Ye,2.2387e-06,1.1122889856752734e-06,,2.104427729042861e-08,2.104427729042861e-08
global_fit_ye,GEn,Ye,2.2646e-06,1.1251688223623135e-06,,2.1288124199540996e-08,2.1288124199540996e-08
global_fit_ye,GEn,Ye,2.2909e-06,1.13819665493261e-06,,2.1534791030613065e-08,2.1534791030613065e-08
global_fit_ye,GEn,Ye,2.3174e-06,1.1513764839317795e-06,,2.1784317794195932e-08,2.1784317794195932e-08
global_fit_ye,GEn,Ye,2.3442e-06,1.164708308975422e-06,,2.2036734482821818e-08,2.2036734482821818e-08
global_fit_ye,GEn,Ye,2.3714e-06,1.1781951296433908e-06,,2.229207108871645e-08,2.229207108871645e-08
global_fit_ye,GEn,Ye,2.3988e-06,1.191837946519167e-06,,2.2550377622712055e-08,2.2550377622712055e-08
global_fit_ye,GEn,Ye,2.4266e-06,1.205638758850671e-06,,2.2811664070764426e-08,2.2811664070764426e-08
global_fit_ye,GEn,Ye,2.4547e-06,1.2195985668907683e-06,,2.3075990437375648e-08,2.3075990437375648e-08
global_fit_ye,GEn,Ye,2.4831e-06,1.2337213705383322e-06,,2.3343366721083767e-08,2.3343366721083767e-08
global_fit_ye,GEn,Ye,2.5119e-06,1.2480061693739655e-06,,2.361385291340265e-08,2.361385291340265e-08
global_fit_ye,GEn,Ye,2.541e-06,1.2624579636297858e-06,,2.3887469019246774e-08,2.3887469019246774e-08
global_fit_ye,GEn,Ye,2.5704e-06,1.2770757532353293e-06,,2.4164255036863157e-08,2.4164255036863157e-08
global_fit_ye,GEn,Ye,2.6002e-06,1.2918635377190938e-06,,2.444425095758387e-08,2.444425095758387e-08
global_fit_ye,GEn,Ye,2.6303e-06,1.3068223173489904e-06,,2.4727486786397263e-08,2.4727486786397263e-08
global_fit_ye,GEn,Ye,2.6607e-06,1.321955092021116e-06,,2.5014002521461367e-08,2.5014002521461367e-08
global_fit_ye,GEn,Ye,2.6915e-06,1.3372618612757132e-06,,2.5303848153700293e-08,2.5303848153700293e-08
global_fit_ye,GEn,Ye,2.7227e-06,1.3527466249850768e-06,,2.5597043681114203e-08,2.5597043681114203e-08
global_fit_ye,GEn,Ye,2.7542e-06,1.3684103834276396e-06,,2.5893639108734775e-08,2.5893639108734775e-08
global_fit_ye,GEn,Ye,2.7861e-06,1.3842551361104176e-06,,2.6193664427291135e-08,2.6193664427291135e-08
global_fit_ye,GEn,Ye,2.8184e-06,1.4002838829072434e-06,,2.649717963436816e-08,2.649717963436816e-08
global_fit_ye,GEn,Ye,2.851e-06,1.4164986240966609e-06,,2.6804204735377102e-08,2.6804204735377102e-08
global_fit_ye,GEn,Ye,2.884e-06,1.432900359174567e-06,,2.7114779720609767e-08,2.7114779720609767e-08
global_fit_ye,GEn,Ye,2.9174e-06,1.4494920880087165e-06,,2.7428964587533262e-08,2.7428964587533262e-08
global_fit_ye,GEn,Ye,2.9512e-06,1.4662768104644603e-06,,2.7746789333817272e-08,2.7746789333817272e-08
global_fit_ye,GEn,Ye,2.9854e-06,1.483254526429936e-06,,2.8068293957011415e-08,2.8068293957011415e-08
global_fit_ye,GEn,Ye,3.02e-06,1.5004302357494399e-06,,2.8393518454625077e-08,2.8393518454625077e-08
global_fit_ye,GEn,Ye,3.0549e-06,1.51780393873457e-06,,2.8722522832045727e-08,2.8722522832045727e-08
global_fit_ye,GEn,Ye,3.0903e-06,1.5353786343917751e-06,,2.9055327070781256e-08,2.9055327070781256e-08
global_fit_ye,GEn,Ye,3.1261e-06,1.5531573229977572e-06,,2.9391991176039744e-08,2.9391991176039744e-08
global_fit_ye,GEn,Ye,3.1623e-06,1.5711420044128873e-06,,2.973256514507002e-08,2.973256514507002e-08
global_fit_ye,GEn,Ye,3.1989e-06,1.5893346784953343e-06,,3.007707897525442e-08,3.007707897525442e-08
global_fit_ye,GEn,Ye,3.2359e-06,1.6077373451010412e-06,,3.0425582663754085e-08,3.0425582663754085e-08
global_fit_ye,GEn,Ye,3.2734e-06,1.626354003607133e-06,,3.0778126199012535e-08,3.0778126199012535e-08
global_fit_ye,GEn,Ye,3.3113e-06,1.6451856543212379e-06,,3.113474958665714e-08,3.113474958665714e-08
global_fit_ye,GEn,Ye,3.3497e-06,1.6642362966043013e-06,,3.149551281473762e-08,3.149551281473762e-08
global_fit_ye,GEn,Ye,3.3884e-06,1.683506931243669e-06,,3.18604558979539e-08,3.18604558979539e-08
global_fit_ye,GEn,Ye,3.4277e-06,1.7030005566504264e-06,,3.222961880639141e-08,3.222961880639141e-08
global_fit_ye,GEn,Ye,3.4674e-06,1.7227191736026799e-06,,3.2603071554460975e-08,3.2603071554460975e-08
global_fit_ye,GEn,Ye,3.5075e-06,1.7426677819088928e-06,,3.298084413916463e-08,3.298084413916463e-08
global_fit_ye,GEn,Ye,3.5481e-06,1.7628463809271188e-06,,3.336299654776385e-08,3.336299654776385e-08
global_fit_ye,GEn,Ye,3.5892e-06,1.7832589704527475e-06,,3.374956877673681e-08,3.374956877673681e-08
global_fit_ye,GEn,Ye,3.6308e-06,1.8039075502978016e-06,,3.414063082219905e-08,3.414063082219905e-08
global_fit_ye,GEn,Ye,3.6728e-06,1.8247951207750584e-06,,3.453622269023444e-08,3.453622269023444e-08
global_fit_ye,GEn,Ye,3.7154e-06,1.8459246806577373e-06,,3.4936394357692335e-08,3.4936394357692335e-08
global_fit_ye,GEn,Ye,3.7584e-06,1.8672992307718197e-06,,3.534120584017017e-08,3.534120584017017e-08
global_fit_ye,GEn,Ye,3.8019e-06,1.888920770402522e-06,,3.575069712411462e-08,3.575069712411462e-08
global_fit_ye,GEn,Ye,3.8459e-06,1.9107932993243576e-06,,3.6164948205208445e-08,3.6164948205208445e-08
global_fit_ye,GEn,Ye,3.8905e-06,1.932918816785183e-06,,3.658398906929738e-08,3.658398906929738e-08
global_fit_ye,GEn,Ye,3.9355e-06,1.955300323645773e-06,,3.7007889732524804e-08,3.7007889732524804e-08
global_fit_ye,GEn,Ye,3.9811e-06,1.9779408185851572e-06,,3.743670016995806e-08,3.743670016995806e-08
global_fit_ye,GEn,Ye,4.0272e-06,2.000844301906972e-06,,3.787048038751789e-08,3.787048038751789e-08
global_fit_ye,GEn,Ye,4.0738e-06,2.024012773389039e-06,,3.830929038074681e-08,3.830929038074681e-08
global_fit_ye,GEn,Ye,4.121e-06,2.047449232217542e-06,,3.875318013431322e-08,3.875318013431322e-08
global_fit_ye,GEn,Ye,4.1687e-06,2.0711566787149474e-06,,3.9202219654161033e-08,3.9202219654161033e-08
global_fit_ye,GEn,Ye,4.217e-06,2.0951391120341596e-06,,3.965645892455236e-08,3.965645892455236e-08
global_fit_ye,GEn,Ye,4.2658e-06,2.1193985325143105e-06,,4.0115957951640824e-08,4.0115957951640824e-08
global_fit_ye,GEn,Ye,4.3152e-06,2.1439399392739708e-06,,4.058077671915535e-08,4.058077671915535e-08
global_fit_ye,GEn,Ye,4.3652e-06,2.168765332046394e-06,,4.1050995221534635e-08,4.1050995221534635e-08
global_fit_ye,GEn,Ye,4.4157e-06,2.193877711166383e-06,,4.15266534653129e-08,4.15266534653129e-08
global_fit_ye,GEn,Ye,4.4668e-06,2.219281075729882e-06,,4.2007821433445004e-08,4.2007821433445004e-08
global_fit_ye,GEn,Ye,4.5186e-06,2.2449784248118592e-06,,4.249456910825074e-08,4.249456910825074e-08
global_fit_ye,GEn,Ye,4.5709e-06,2.2709727593723954e-06,,4.298695650785355e-08,4.298695650785355e-08
global_fit_ye,GEn,Ye,4.6238e-06,2.2972690784581617e-06,,4.348504361464964e-08,4.348504361464964e-08
global_fit_ye,GEn,Ye,4.6774e-06,2.3238693811198667e-06,,4.3988910410120306e-08,4.3988910410120306e-08
global_fit_ye,GEn,Ye,4.7315e-06,2.3507776683335233e-06,,4.449860691306998e-08,4.449860691306998e-08
global_fit_ye,GEn,Ye,4.7863e-06,2.377997938450995e-06,,4.501421309224131e-08,4.501421309224131e-08
global_fit_ye,GEn,Ye,4.8417e-06,2.405533191803474e-06,,4.553578895385604e-08,4.553578895385604e-08
global_fit_ye,GEn,Ye,4.8978e-06,2.433387427363241e-06,,4.606341447839551e-08,4.606341447839551e-08
global_fit_ye,GEn,Ye,4.9545e-06,2.4615636454658203e-06,,4.659714967215898e-08,4.659714967215898e-08
global_fit_ye,GEn,Ye,5.0119e-06,2.4900668450420594e-06,,4.7137074515105356e-08,4.7137074515105356e-08
global_fit_ye,GEn,Ye,5.0699e-06,2.51889902644572e-06,,4.768324901361324e-08,4.768324901361324e-08
global_fit_ye,GEn,Ye,5.1286e-06,2.5480661885649235e-06,,4.8235763146962416e-08,4.8235763146962416e-08
global_fit_ye,GEn,Ye,5.188e-06,2.577570331031736e-06,,4.8794666908009037e-08,4.8794666908009037e-08
global_fit_ye,GEn,Ye,5.2481e-06,2.6074164534285543e-06,,4.9360050288908965e-08,4.9360050288908965e-08
global_fit_ye,GEn,Ye,5.3088e-06,2.6376075561032574e-06,,4.9931983296045226e-08,4.9931983296045226e-08
global_fit_ye,GEn,Ye,5.3703e-06,2.6681486371469967e-06,,5.0510545893491605e-08,5.0510545893491605e-08
global_fit_ye,GEn,Ye,5.4325e-06,2.6990436968704856e-06,,5.109581808706004e-08,5.109581808706004e-08
global_fit_ye,GEn,Ye,5.4954e-06,2.730296734842979e-06,,5.1687859868832734e-08,5.1687859868832734e-08
global_fit_ye,GEn,Ye,5.559e-06,2.7619107506423428e-06,,5.228677123014324e-08,5.228677123014324e-08
global_fit_ye,GEn,Ye,5.6234e-06,2.7938907430213453e-06,,5.289261214790694e-08,5.289261214790694e-08
global_fit_ye,GEn,Ye,5.6885e-06,2.8262417122806053e-06,,5.350548262772615e-08,5.350548262772615e-08
global_fit_ye,GEn,Ye,5.7544e-06,2.8589676571544937e-06,,5.412544264588925e-08,5.412544264588925e-08
global_fit_ye,GEn,Ye,5.821e-06,2.8920715779784064e-06,,5.4752602207876185e-08,5.4752602207876185e-08
global_fit_ye,GEn,Ye,5.8884e-06,2.925558473436759e-06,,5.538701128949379e-08,5.538701128949379e-08
global_fit_ye,GEn,Ye,5.9566e-06,2.959434342984356e-06,,5.60287798804783e-08,5.60287798804783e-08
global_fit_ye,GEn,Ye,6.0256e-06,2.9937021861170747e-06,,5.667798797089151e-08,5.667798797089151e-08
global_fit_ye,GEn,Ye,6.0954e-06,3.028366002306009e-06,,5.733471555063292e-08,5.733471555063292e-08
global_fit_ye,GEn,Ye,6.166e-06,3.0634317909790304e-06,,5.7999052609264035e-08,5.7999052609264035e-08
global_fit_ye,GEn,Ye,6.2373e-06,3.09890355246189e-06,,5.867107915287486e-08,5.867107915287486e-08
global_fit_ye,GEn,Ye,6.3096e-06,3.1347852835799665e-06,,5.9350905120746736e-08,5.9350905120746736e-08
global_fit_ye,GEn,Ye,6.3826e-06,3.1710839863334516e-06,,6.003860055184705e-08,6.003860055184705e-08
global_fit_ye,GEn,Ye,6.4565e-06,3.207801658406823e-06,,6.073426540121827e-08,6.073426540121827e-08
global_fit_ye,GEn,Ye,6.5313e-06,3.244945299130387e-06,,6.143798965693665e-08,6.143798965693665e-08
global_fit_ye,GEn,Ye,6.6069e-06,3.2825179088211913e-06,,6.214987332420123e-08,6.214987332420123e-08
global_fit_ye,GEn,Ye,6.6834e-06,3.320526485884037e-06,,6.286999637377066e-08,6.286999637377066e-08
global_fit_ye,GEn,Ye,6.7608e-06,3.358975029671824e-06,,6.359846879274654e-08,6.359846879274654e-08
global_fit_ye,GEn,Ye,6.8391e-06,3.3978685395080267e-06,,6.43353805683933e-08,6.43353805683933e-08
global_fit_ye,GEn,Ye,6.9183e-06,3.437213014685479e-06,,6.508083168757326e-08,6.508083168757326e-08
global_fit_ye,GEn,Ye,6.9984e-06,3.4770124545242583e-06,,6.58349221369301e-08,6.58349221369301e-08
global_fit_ye,GEn,Ye,7.0795e-06,3.5172728573032783e-06,,6.659774188432605e-08,6.659774188432605e-08
global_fit_ye,GEn,Ye,7.1614e-06,3.557999224270007e-06,,6.736941095286548e-08,6.736941095286548e-08
global_fit_ye,GEn,Ye,7.2444e-06,3.5991975516626333e-06,,6.81500192717793e-08,6.81500192717793e-08
global_fit_ye,GEn,Ye,7.3282e-06,3.6408718417613407e-06,,6.893966688373502e-08,6.893966688373502e-08
global_fit_ye,GEn,Ye,7.4131e-06,3.683030090667892e-06,,6.973846371576269e-08,6.973846371576269e-08
global_fit_ye,GEn,Ye,7.4989e-06,3.725675299678745e-06,,7.054651979129301e-08,7.054651979129301e-08
global_fit_ye,GEn,Ye,7.5858e-06,3.7688154658222842e-06,,7.136393505512532e-08,7.136393505512532e-08
global_fit_ye,GEn,Ye,7.6736e-06,3.8124545903953837e-06,,7.219081953108073e-08,7.219081953108073e-08
global_fit_ye,GEn,Ye,7.7625e-06,3.856598670392027e-06,,7.302729316207881e-08,7.302729316207881e-08
global_fit_ye,GEn,Ye,7.8524e-06,3.9012537059887216e-06,,7.387345595173719e-08,7.387345595173719e-08
global_fit_ye,GEn,Ye,7.9433e-06,3.946426696263293e-06,,7.472941788308288e-08,7.472941788308288e-08
global_fit_ye,GEn,Ye,8.0353e-06,3.992121639221054e-06,,7.559529891734467e-08,7.559529891734467e-08
global_fit_ye,GEn,Ye,8.1283e-06,4.038346534985816e-06,,7.647121905755522e-08,7.647121905755522e-08
global_fit_ye,GEn,Ye,8.2224e-06,4.085106381483921e-06,,7.735728826408423e-08,7.735728826408423e-08
global_fit_ye,GEn,Ye,8.3176e-06,4.132407177714725e-06,,7.825361651804711e-08,7.825361651804711e-08
global_fit_ye,GEn,Ye,8.414e-06,4.180255921459906e-06,,7.916033377747886e-08,7.916033377747886e-08
global_fit_ye,GEn,Ye,8.5114e-06,4.2286586140263095e-06,,8.007755006719734e-08,8.007755006719734e-08
global_fit_ye,GEn,Ye,8.6099e-06,4.277622253174228e-06,,8.100540534459626e-08,8.100540534459626e-08
global_fit_ye,GEn,Ye,8.7096e-06,4.327152836615481e-06,,8.19440095664135e-08,8.19440095664135e-08
global_fit_ye,GEn,Ye,8.8105e-06,4.377256363221203e-06,,8.289348271109624e-08,8.289348271109624e-08
global_fit_ye,GEn,Ye,8.9125e-06,4.427939833066325e-06,,8.385395478010522e-08,8.385395478010522e-08
global_fit_ye,GEn,Ye,9.0157e-06,4.479210243740308e-06,,8.48255657275818e-08,8.48255657275818e-08
global_fit_ye,GEn,Ye,9.1201e-06,4.531074594031517e-06,,8.580842553113269e-08,8.580842553113269e-08
global_fit_ye,GEn,Ye,9.2257e-06,4.583539882708087e-06,,8.680267416722835e-08,8.680267416722835e-08
global_fit_ye,GEn,Ye,9.3325e-06,4.636612108543973e-06,,8.780845161194255e-08,8.780845161194255e-08
global_fit_ye,GEn,Ye,9.4406e-06,4.690298268945859e-06,,8.882587781645863e-08,8.882587781645863e-08
global_fit_ye,GEn,Ye,9.5499e-06,4.7446063638843945e-06,,8.985508278077168e-08,8.985508278077168e-08
global_fit_ye,GEn,Ye,9.6605e-06,4.799543390691938e-06,,9.089622645360692e-08,9.089622645360692e-08
global_fit_ye,GEn,Ye,9.7724e-06,4.855116347984446e-06,,9.194942880906479e-08,9.194942880906479e-08
global_fit_ye,GEn,Ye,9.8855e-06,4.911333235710717e-06,,9.301482984647424e-08,9.301482984647424e-08
global_fit_ye,GEn,Ye,1e-05,4.968201049689099e-06,,9.409257948613775e-08,9.409257948613775e-08
global_fit_ye,GEn,Ye,1.0116e-05,5.0257267870018015e-06,,9.518281767255492e-08,9.518281767255492e-08
global_fit_ye,GEn,Ye,1.0233e-05,5.083918453204416e-06,,9.628568451123957e-08,9.628568451123957e-08
global_fit_ye,GEn,Ye,1.0351e-05,5.142784046913498e-06,,9.740132997601182e-08,9.740132997601182e-08
global_fit_ye,GEn,Ye,1.0471e-05,5.202331552069388e-06,,9.852990376273225e-08,9.852990376273225e-08
global_fit_ye,GEn,Ye,1.0593e-05,5.262567966765261e-06,,9.967155583474018e-08,9.967155583474018e-08
global_fit_ye,GEn,Ye,1.0715e-05,5.3235023189922e-06,,1.008264567221524e-07,1.008264567221524e-07
global_fit_ye,GEn,Ye,1.0839e-05,5.385142577448064e-06,,1.0199468583425832e-07,1.0199468583425832e-07
global_fit_ye,GEn,Ye,1.0965e-05,5.447495740135128e-06,,1.031765131290073e-07,1.031765131290073e-07
global_fit_ye,GEn,Ye,1.1092e-05,5.510570820481716e-06,,1.0437193886594661e-07,1.0437193886594661e-07
global_fit_ye,GEn,Ye,1.122e-05,5.574375816927166e-06,,1.0558126301089811e-07,1.0558126301089811e-07
global_fit_ye,GEn,Ye,1.135e-05,5.638920711939032e-06,,1.0680468523136142e-07,1.0680468523136142e-07
global_fit_ye,GEn,Ye,1.1482e-05,5.704211503419506e-06,,1.0804220549117083e-07,1.0804220549117083e-07
global_fit_ye,GEn,Ye,1.1614e-05,5.77025922158109e-06,,1.0929402436287118e-07,1.0929402436287118e-07
global_fit_ye,GEn,Ye,1.1749e-05,5.837071815988194e-06,,1.1056044088628841e-07,1.1056044088628841e-07
global_fit_ye,GEn,Ye,1.1885e-05,5.904657317071623e-06,,1.1184145564274468e-07,1.1184145564274468e-07
global_fit_ye,GEn,Ye,1.2023e-05,5.973025706208155e-06,,1.1313736827578625e-07,1.1313736827578625e-07
global_fit_ye,GEn,Ye,1.2162e-05,6.042184998075126e-06,,1.1444817906852025e-07,1.1444817906852025e-07
global_fit_ye,GEn,Ye,1.2303e-05,6.112146173560865e-06,,1.1577428765238913e-07,1.1577428765238913e-07
global_fit_ye,GEn,Ye,1.2445e-05,6.182916247698403e-06,,1.1711579431314387e-07,1.1711579431314387e-07
global_fit_ye,GEn,Ye,1.2589e-05,6.254506200910946e-06,,1.1847279868370393e-07,1.1847279868370393e-07
global_fit_ye,GEn,Ye,1.2735e-05,6.326925030667963e-06,,1.1984550071510046e-07,1.1984550071510046e-07
global_fit_ye,GEn,Ye,1.2882e-05,6.400182752388275e-06,,1.212341006990056e-07,1.212341006990056e-07
global_fit_ye,GEn,Ye,1.3032e-05,6.474287327642865e-06,,1.2263879790568455e-07,1.2263879790568455e-07
global_fit_ye,GEn,Ye,1.3183e-05,6.549250789930377e-06,,1.2405979297060783e-07,1.2405979297060783e-07
global_fit_ye,GEn,Ye,1.3335e-05,6.625082137183272e-06,,1.2549718585721398e-07,1.2549718585721398e-07
global_fit_ye,GEn,Ye,1.349e-05,6.7017913295101325e-06,,1.2695137580189008e-07,1.2695137580189008e-07
global_fit_ye,GEn,Ye,1.3646e-05,6.779389401586489e-06,,1.2842226347310383e-07,1.2842226347310383e-07
global_fit_ye,GEn,Ye,1.3804e-05,6.857884331956111e-06,,1.299102484549229e-07,1.299102484549229e-07
global_fit_ye,GEn,Ye,1.3964e-05,6.937289117583489e-06,,1.3141553069150293e-07,1.3141553069150293e-07
global_fit_ye,GEn,Ye,1.4125e-05,7.017612775305766e-06,,1.329382105045022e-07,1.329382105045022e-07
global_fit_ye,GEn,Ye,1.4289e-05,7.098867262718222e-06,,1.3447848709172365e-07,1.3447848709172365e-07
global_fit_ye,GEn,Ye,1.4454e-05,7.18106161656022e-06,,1.3603666114390248e-07,1.3603666114390248e-07
global_fit_ye,GEn,Ye,1.4622e-05,7.264207793408186e-06,,1.376128318435297e-07,1.376128318435297e-07
global_fit_ye,GEn,Ye,1.4791e-05,7.3483168307426225e-06,,1.3920739989267905e-07,1.3920739989267905e-07
global_fit_ye,GEn,Ye,1.4962e-05,7.433399705075341e-06,,1.4082026485914657e-07,1.4082026485914657e-07
global_fit_ye,GEn,Ye,1.5136e-05,7.519466391953587e-06,,1.4245192626665143e-07,1.4245192626665143e-07
global_fit_ye,GEn,Ye,1.5311e-05,7.606530929997673e-06,,1.4410248485370318e-07,1.4410248485370318e-07
global_fit_ye,GEn,Ye,1.5488e-05,7.694603294885446e-06,,1.4577214015906532e-07,1.4577214015906532e-07
global_fit_ye,GEn,Ye,1.5668e-05,7.783694461210016e-06,,1.4746119169734015e-07,1.4746119169734015e-07
global_fit_ye,GEn,Ye,1.5849e-05,7.873817468941118e-06,,1.4916974023211184e-07,1.4916974023211184e-07
global_fit_ye,GEn,Ye,1.6032e-05,7.964984292760923e-06,,1.5089818527600152e-07,1.5089818527600152e-07
global_fit_ye,GEn,Ye,1.6218e-05,8.057206906270353e-06,,1.5264652633904636e-07,1.5264652633904636e-07
global_fit_ye,GEn,Ye,1.6406e-05,8.150496327922087e-06,,1.54415163762125e-07,1.54415163762125e-07
global_fit_ye,GEn,Ye,1.6596e-05,8.244866553790073e-06,,1.5620439746907538e-07,1.5620439746907538e-07
global_fit_ye,GEn,Ye,1.6788e-05,8.340328580023768e-06,,1.5801422739658684e-07,1.5801422739658684e-07
global_fit_ye,GEn,Ye,1.6982e-05,8.43689640256856e-06,,1.5984505346151865e-07,1.5984505346151865e-07
global_fit_ye,GEn,Ye,1.7179e-05,8.534581993358303e-06,,1.6169717512851554e-07,1.6169717512851554e-07
global_fit_ye,GEn,Ye,1.7378e-05,8.633398371738058e-06,,1.6357069277102553e-07,1.6357069277102553e-07
global_fit_ye,GEn,Ye,1.7579e-05,8.733358533492342e-06,,1.654659063065472e-07,1.654659063065472e-07
global_fit_ye,GEn,Ye,1.7783e-05,8.834476449402411e-06,,1.6738311517968007e-07,1.6738311517968007e-07
global_fit_ye,GEn,Ye,1.7989e-05,8.936765139423398e-06,,1.6932251977071802e-07,1.6932251977071802e-07
global_fit_ye,GEn,Ye,1.8197e-05,9.040237599121999e-06,,1.7128431999799177e-07,1.7128431999799177e-07
global_fit_ye,GEn,Ye,1.8408e-05,9.144907798183106e-06,,1.732689152801701e-07,1.732689152801701e-07
global_fit_ye,GEn,Ye,1.8621e-05,9.250790757088494e-06,,1.752765060095263e-07,1.752765060095263e-07
global_fit_ye,GEn,Ye,1.8836e-05,9.357898471228937e-06,,1.7730739209482042e-07,1.7730739209482042e-07
global_fit_ye,GEn,Ye,1.9055e-05,9.466246882380688e-06,,1.793617724382071e-07,1.793617724382071e-07
global_fit_ye,GEn,Ye,1.9275e-05,9.575849064799641e-06,,1.8143994844372452e-07,1.8143994844372452e-07
global_fit_ye,GEn,Ye,1.9498e-05,9.686720959778399e-06,,1.8354221899908392e-07,1.8354221899908392e-07
global_fit_ye,GEn,Ye,1.9724e-05,9.798875561391091e-06,,1.8566888398891453e-07,1.8566888398891453e-07
global_fit_ye,GEn,Ye,1.9953e-05,9.912328863445327e-06,,1.8782004330709076e-07,1.8782004330709076e-07
global_fit_ye,GEn,Ye,2.0184e-05,1.0027099887715833e-05,,1.8999629735274605e-07,1.8999629735274605e-07
global_fit_ye,GEn,Ye,2.0417e-05,1.0143186629805508e-05,,1.921976460401111e-07,1.921976460401111e-07
global_fit_ye,GEn,Ye,2.0654e-05,1.0260633024797377e-05,,1.9442458815816433e-07,1.9442458815816433e-07
global_fit_ye,GEn,Ye,2.0893e-05,1.0379429125060801e-05,,1.9667722468249248e-07,1.9667722468249248e-07
global_fit_ye,GEn,Ye,2.1135e-05,1.0499604894500571e-05,,1.989560549329396e-07,1.989560549329396e-07
global_fit_ye,GEn,Ye,2.138e-05,1.0621170326646237e-05,,2.0126127878612016e-07,2.0126127878612016e-07
global_fit_ye,GEn,Ye,2.1627e-05,1.0744145444584523e-05,,2.035931966841541e-07,2.035931966841541e-07
global_fit_ye,GEn,Ye,2.1878e-05,1.0868540181448996e-05,,2.0595210735316605e-07,2.0595210735316605e-07
global_fit_ye,GEn,Ye,2.2131e-05,1.099437459071491e-05,,2.0833831181116058e-07,2.0833831181116058e-07
global_fit_ye,GEn,Ye,2.2387e-05,1.1121668634588652e-05,,2.1075220934058072e-07,2.1075220934058072e-07
global_fit_ye,GEn,Ye,2.2646e-05,1.125043230604743e-05,,2.1319409980118198e-07,2.1319409980118198e-07
global_fit_ye,GEn,Ye,2.2909e-05,1.1380695564617139e-05,,2.1566428244294504e-07,2.1566428244294504e-07
global_fit_ye,GEn,Ye,2.3174e-05,1.1512458467418432e-05,,2.181630583289536e-07,2.181630583289536e-07
global_fit_ye,GEn,Ye,2.3442e-05,1.1645750974081307e-05,,2.2069072671149038e-07,2.2069072671149038e-07
global_fit_ye,GEn,Ye,2.3714e-05,1.1780583043910722e-05,,2.2324778679879557e-07,2.2324778679879557e-07
global_fit_ye,GEn,Ye,2.3988e-05,1.1916984733918606e-05,,2.2583443969562283e-07,2.2583443969562283e-07
global_fit_ye,GEn,Ye,2.4266e-05,1.205495597025221e-05,,2.2845098398222462e-07,2.2845098398222462e-07
global_fit_ye,GEn,Ye,2.4547e-05,1.2194526776835628e-05,,2.310979201163156e-07,2.310979201163156e-07
global_fit_ye,GEn,Ye,2.4831e-05,1.2335707145632608e-05,,2.3377554793763777e-07,2.3377554793763777e-07
global_fit_ye,GEn,Ye,2.5119e-05,1.2478537031221372e-05,,2.3648416661729332e-07,2.3648416661729332e-07
global_fit_ye,GEn,Ye,2.541e-05,1.2623006461031543e-05,,2.392240766406715e-07,2.392240766406715e-07
global_fit_ye,GEn,Ye,2.5704e-05,1.2769155424472548e-05,,2.4199587781791846e-07,2.4199587781791846e-07
global_fit_ye,GEn,Ye,2.6002e-05,1.2916993876549461e-05,,2.4479966930265476e-07,2.4479966930265476e-07
global_fit_ye,GEn,Ye,2.6303e-05,1.3066541843334244e-05,,2.476360515726283e-07,2.476360515726283e-07
global_fit_ye,GEn,Ye,2.6607e-05,1.3217829314438766e-05,,2.5050522445804225e-07,2.5050522445804225e-07
global_fit_ye,GEn,Ye,2.6915e-05,1.3370856243895811e-05,,2.534075870577963e-07,2.534075870577963e-07
global_fit_ye,GEn,Ye,2.7227e-05,1.3525662618937508e-05,,2.5634363914905053e-07,2.5634363914905053e-07
global_fit_ye,GEn,Ye,2.7542e-05,1.3682258467403519e-05,,2.593137812431323e-07,2.593137812431323e-07
global_fit_ye,GEn,Ye,2.7861e-05,1.3840673739219782e-05,,2.623182124194055e-07,2.623182124194055e-07
global_fit_ye,GEn,Ye,2.8184e-05,1.400090842412667e-05,,2.6535753243624434e-07,2.6535753243624434e-07
global_fit_ye,GEn,Ye,2.851e-05,1.4163012547620391e-05,,2.684320418277034e-07,2.684320418277034e-07
global_fit_ye,GEn,Ye,2.884e-05,1.4326986060085045e-05,,2.715421396215246e-07,2.715421396215246e-07
global_fit_ye,GEn,Ye,2.9174e-05,1.4492858948299399e-05,,2.7468832557224386e-07,2.7468832557224386e-07
global_fit_ye,GEn,Ye,2.9512e-05,1.4660651199632887e-05,,2.7787089944671323e-07,2.7787089944671323e-07
global_fit_ye,GEn,Ye,2.9854e-05,1.4830382801249519e-05,,2.8109036099137167e-07,2.8109036099137167e-07
global_fit_ye,GEn,Ye,3.02e-05,1.500208373925496e-05,,2.84347109956756e-07,2.84347109956756e-07
global_fit_ye,GEn,Ye,3.0549e-05,1.5175774043112825e-05,,2.876416468909508e-07,2.876416468909508e-07
global_fit_ye,GEn,Ye,3.0903e-05,1.535147361432828e-05,,2.9097426993365275e-07,2.9097426993365275e-07
global_fit_ye,GEn,Ye,3.1261e-05,1.5529202481447783e-05,,2.9434557960638315e-07,2.9434557960638315e-07
global_fit_ye,GEn,Ye,3.1623e-05,1.5708990629652093e-05,,2.977558756514199e-07,2.977558756514199e-07
global_fit_ye,GEn,Ye,3.1989e-05,1.5890858044762143e-05,,3.012057577801582e-07,3.012057577801582e-07
global_fit_ye,GEn,Ye,3.2359e-05,1.6074834711464857e-05,,3.046955257262006e-07,3.046955257262006e-07
global_fit_ye,GEn,Ye,3.2734e-05,1.6260940569298865e-05,,3.0822577832334915e-07,3.0822577832334915e-07
global_fit_ye,GEn,Ye,3.3113e-05,1.6449195648121274e-05,,3.1179691613509335e-07,3.1179691613509335e-07
global_fit_ye,GEn,Ye,3.3497e-05,1.6639639884041046e-05,,3.1540933798359686e-07,3.1540933798359686e-07
global_fit_ye,GEn,Ye,3.3884e-05,1.6832283355778068e-05,,3.1906374531289665e-07,3.1906374531289665e-07
global_fit_ye,GEn,Ye,3.4277e-05,1.7027155904475312e-05,,3.2276043513665283e-07,3.2276043513665283e-07
global_fit_ye,GEn,Ye,3.4674e-05,1.7224277607928917e-05,,3.26499908917513e-07,3.26499908917513e-07
global_fit_ye,GEn,Ye,3.5075e-05,1.7423688447978034e-05,,3.302827663262582e-07,3.302827663262582e-07
global_fit_ye,GEn,Ye,3.5481e-05,1.7625408358479503e-05,,3.341094061069216e-07,3.341094061069216e-07
global_fit_ye,GEn,Ye,3.5892e-05,1.7829457320965648e-05,,3.3798042788693987e-07,3.3798042788693987e-07
global_fit_ye,GEn,Ye,3.6308e-05,1.803587531463464e-05,,3.41896231307693e-07,3.41896231307693e-07
global_fit_ye,GEn,Ye,3.6728e-05,1.8244682371758023e-05,,3.4585751694807343e-07,3.4585751694807343e-07
global_fit_ye,GEn,Ye,3.7154e-05,1.8455898370733702e-05,,3.4986458251039086e-07,3.4986458251039086e-07
global_fit_ye,GEn,Ye,3.7584e-05,1.866956339312035e-05,,3.5391812954635507e-07,3.5391812954635507e-07
global_fit_ye,GEn,Ye,3.8019e-05,1.888570736638739e-05,,3.5801855669875806e-07,3.5801855669875806e-07
global_fit_ye,GEn,Ye,3.8459e-05,1.9104340271205986e-05,,3.621665635461806e-07,3.621665635461806e-07
global_fit_ye,GEn,Ye,3.8905e-05,1.9325512029169453e-05,,3.6636254866065657e-07,3.6636254866065657e-07
global_fit_ye,GEn,Ye,3.9355e-05,1.9549242727407887e-05,,3.706072136588152e-07,3.706072136588152e-07
global_fit_ye,GEn,Ye,3.9811e-05,1.9775572232736845e-05,,3.7490095605520387e-07,3.7490095605520387e-07
global_fit_ye,GEn,Ye,4.0272e-05,2.000451057887911e-05,,3.792445764204768e-07,3.792445764204768e-07
global_fit_ye,GEn,Ye,4.0738e-05,2.023609774140802e-05,,3.8363837434236504e-07,3.8363837434236504e-07
global_fit_ye,GEn,Ye,4.121e-05,2.0470373637804584e-05,,3.8808314825162935e-07,3.8808314825162935e-07
global_fit_ye,GEn,Ye,4.1687e-05,2.0707348302618345e-05,,3.9257949875491236e-07,3.9257949875491236e-07
global_fit_ye,GEn,Ye,4.217e-05,2.0947081648828745e-05,,3.9712782428821006e-07,3.9712782428821006e-07
global_fit_ye,GEn,Ye,4.2658e-05,2.118957371270563e-05,,4.017288254562121e-07,4.017288254562121e-07
global_fit_ye,GEn,Ye,4.3152e-05,2.1434884404957328e-05,,4.0638320061752845e-07,4.0638320061752845e-07
global_fit_ye,GEn,Ye,4.3652e-05,2.1683023700149315e-05,,4.1109144925187025e-07,4.1109144925187025e-07
global_fit_ye,GEn,Ye,4.4157e-05,2.1934041629311398e-05,,4.158541719895966e-07,4.158541719895966e-07
global_fit_ye,GEn,Ye,4.4668e-05,2.218796810328066e-05,,4.2067216711142675e-07,4.2067216711142675e-07
global_fit_ye,GEn,Ye,4.5186e-05,2.244483302958306e-05,,4.255459328721063e-07,4.255459328721063e-07
global_fit_ye,GEn,Ye,4.5709e-05,2.2704666504203707e-05,,4.304761710741311e-07,4.304761710741311e-07
global_fit_ye,GEn,Ye,4.6238e-05,2.2967508433141345e-05,,4.3546357994184926e-07,4.3546357994184926e-07
global_fit_ye,GEn,Ye,4.6774e-05,2.3233388720225644e-05,,4.405086576601432e-07,4.405086576601432e-07
global_fit_ye,GEn,Ye,4.7315e-05,2.350234746303387e-05,,4.4561230605973555e-07,4.4561230605973555e-07
global_fit_ye,GEn,Ye,4.7863e-05,2.3774424496803814e-05,,4.5077492206387663e-07,4.5077492206387663e-07
global_fit_ye,GEn,Ye,4.8417e-05,2.40496498546497e-05,,4.559974062557701e-07,4.559974062557701e-07
global_fit_ye,GEn,Ye,4.8978e-05,2.4328053435213548e-05,,4.612804566944745e-07,4.612804566944745e-07
global_fit_ye,GEn,Ye,4.9545e-05,2.460968526929967e-05,,4.666246740109506e-07,4.666246740109506e-07
global_fit_ye,GEn,Ye,5.0119e-05,2.489457525280438e-05,,4.7203075621275733e-07,4.7203075621275733e-07
global_fit_ye,GEn,Ye,5.0699e-05,2.518276341829101e-05,,4.774994039250226e-07,4.774994039250226e-07
global_fit_ye,GEn,Ye,5.1286e-05,2.5474279658894716e-05,,4.830315150732474e-07,4.830315150732474e-07
global_fit_ye,GEn,Ye,5.188e-05,2.5769173933555584e-05,,4.886276889276921e-07,4.886276889276921e-07
global_fit_ye,GEn,Ye,5.2481e-05,2.6067486201959752e-05,,4.942886247322679e-07,4.942886247322679e-07
global_fit_ye,GEn,Ye,5.3088e-05,2.636924649888923e-05,,5.00015223096998e-07,5.00015223096998e-07
global_fit_ye,GEn,Ye,5.3703e-05,2.6674504633526463e-05,,5.058080804545406e-07,5.058080804545406e-07
global_fit_ye,GEn,Ye,5.4325e-05,2.6983280639998608e-05,,5.116680973724038e-07,5.116680973724038e-07
global_fit_ye,GEn,Ye,5.4954e-05,2.7295644470714285e-05,,5.175959730425798e-07,5.175959730425798e-07
global_fit_ye,GEn,Ye,5.559e-05,2.761161608499318e-05,,5.235925066284458e-07,5.235925066284458e-07
global_fit_ye,GEn,Ye,5.6234e-05,2.793124535816103e-05,,5.296584957876823e-07,5.296584957876823e-07
global_fit_ye,GEn,Ye,5.6885e-05,2.8254572321878333e-05,,5.357947411131831e-07,5.357947411131831e-07
global_fit_ye,GEn,Ye,5.7544e-05,2.8581646848067476e-05,,5.420020401991519e-07,5.420020401991519e-07
global_fit_ye,GEn,Ye,5.821e-05,2.89124989702646e-05,,5.482812936270116e-07,5.482812936270116e-07
global_fit_ye,GEn,Ye,5.8884e-05,2.9247188555306906e-05,,5.546332989254491e-07,5.546332989254491e-07
global_fit_ye,GEn,Ye,5.9566e-05,2.958574555367718e-05,,5.610588551164407e-07,5.610588551164407e-07
global_fit_ye,GEn,Ye,6.0256e-05,2.992821991171211e-05,,5.675588611889407e-07,5.675588611889407e-07
global_fit_ye,GEn,Ye,6.0954e-05,3.0274661574832577e-05,,5.741341161320549e-07,5.741341161320549e-07
global_fit_ye,GEn,Ye,6.166e-05,3.062510049100578e-05,,5.807855189010984e-07,5.807855189010984e-07
global_fit_ye,GEn,Ye,6.2373e-05,3.097960668765316e-05,,5.875140700712341e-07,5.875140700712341e-07
global_fit_ye,GEn,Ye,6.3096e-05,3.133820984915972e-05,,5.943204636332185e-07,5.943204636332185e-07
global_fit_ye,GEn,Ye,6.3826e-05,3.1700960179071856e-05,,6.012057034366401e-07,6.012057034366401e-07
global_fit_ye,GEn,Ye,6.4565e-05,3.206791743878878e-05,,6.081706849981405e-07,6.081706849981405e-07
global_fit_ye,GEn,Ye,6.5313e-05,3.243911156861003e-05,,6.152164071060445e-07,6.152164071060445e-07
global_fit_ye,GEn,Ye,6.6069e-05,3.2814602594784e-05,,6.223436703181605e-07,6.223436703181605e-07
global_fit_ye,GEn,Ye,6.6834e-05,3.319444036156537e-05,,6.295535716514213e-07,6.295535716514213e-07
global_fit_ye,GEn,Ye,6.7608e-05,3.357867480244359e-05,,6.368469098708993e-07,6.368469098708993e-07
global_fit_ye,GEn,Ye,6.8391e-05,3.3967355849806255e-05,,6.442247836642606e-07,6.442247836642606e-07
global_fit_ye,GEn,Ye,6.9183e-05,3.4360533434926476e-05,,6.516879917551284e-07,6.516879917551284e-07
global_fit_ye,GEn,Ye,6.9984e-05,3.475825748795021e-05,,6.592377327682123e-07,6.592377327682123e-07
global_fit_ye,GEn,Ye,7.0795e-05,3.516058783685565e-05,,6.668749034857833e-07,6.668749034857833e-07
global_fit_ye,GEn,Ye,7.1614e-05,3.556756460836617e-05,,6.746006062415574e-07,6.746006062415574e-07
global_fit_ye,GEn,Ye,7.2444e-05,3.5979257424508565e-05,,6.824157339505661e-07,6.824157339505661e-07
global_fit_ye,GEn,Ye,7.3282e-05,3.639571651115173e-05,,6.903213908651571e-07,6.903213908651571e-07
global_fit_ye,GEn,Ye,7.4131e-05,3.681698148693955e-05,,6.983185697003215e-07,6.983185697003215e-07
global_fit_ye,GEn,Ye,7.4989e-05,3.724313247113347e-05,,7.064083728030424e-07,7.064083728030424e-07
global_fit_ye,GEn,Ye,7.5858e-05,3.767420917512305e-05,,7.145918946260031e-07,7.145918946260031e-07
global_fit_ye,GEn,Ye,7.6736e-05,3.811028172221741e-05,,7.228702375545753e-07,7.228702375545753e-07
global_fit_ye,GEn,Ye,7.7625e-05,3.855138981627099e-05,,7.312443959177407e-07,7.312443959177407e-07
global_fit_ye,GEn,Ye,7.8524e-05,3.89976034728082e-05,,7.397155700353137e-07,7.397155700353137e-07
global_fit_ye,GEn,Ye,7.9433e-05,3.944898260191017e-05,,7.4828485820829e-07,7.4828485820829e-07
global_fit_ye,GEn,Ye,8.0353e-05,3.990557700204029e-05,,7.569534565552401e-07,7.569534565552401e-07
global_fit_ye,GEn,Ye,8.1283e-05,4.036745668788101e-05,,7.657223654260422e-07,7.657223654260422e-07
global_fit_ye,GEn,Ye,8.2224e-05,4.083468144995426e-05,,7.745928808085663e-07,7.745928808085663e-07
global_fit_ye,GEn,Ye,8.3176e-05,4.130731118826812e-05,,7.835661008125662e-07,7.835661008125662e-07
global_fit_ye,GEn,Ye,8.414e-05,4.178541568112559e-05,,7.926433212370577e-07,7.926433212370577e-07
global_fit_ye,GEn,Ye,8.5114e-05,4.226904506156413e-05,,8.018255445913693e-07,8.018255445913693e-07
global_fit_ye,GEn,Ye,8.6099e-05,4.2758269105833496e-05,,8.11114266586987e-07,8.11114266586987e-07
global_fit_ye,GEn,Ye,8.7096e-05,4.325314758534468e-05,,8.205104829176634e-07,8.205104829176634e-07
global_fit_ye,GEn,Ye,8.8105e-05,4.3753760382421686e-05,,8.300154914022949e-07,8.300154914022949e-07
global_fit_ye,GEn,Ye,8.9125e-05,4.4260157509513604e-05,,8.396305921879002e-07,8.396305921879002e-07
global_fit_ye,GEn,Ye,9.0157e-05,4.477241872327153e-05,,8.493570807093864e-07,8.493570807093864e-07
global_fit_ye,GEn,Ye,9.1201e-05,4.529060390519552e-05,,8.591962546750761e-07,8.591962546750761e-07
global_fit_ye,GEn,Ye,9.2257e-05,4.581478293228528e-05,,8.691493117812371e-07,8.691493117812371e-07
global_fit_ye,GEn,Ye,9.3325e-05,4.634502567949778e-05,,8.792176496342965e-07,8.792176496342965e-07
global_fit_ye,GEn,Ye,9.4406e-05,4.688140188768113e-05,,8.894025633221343e-07,8.894025633221343e-07
global_fit_ye,GEn,Ye,9.5499e-05,4.7423981556622985e-05,,8.997054528184054e-07,8.997054528184054e-07
global_fit_ye,GEn,Ye,9.6605e-05,4.797283441984153e-05,,9.101276130715417e-07,9.101276130715417e-07
global_fit_ye,GEn,Ye,9.7724e-05,4.852804033639067e-05,,9.206705414089877e-07,9.206705414089877e-07
global_fit_ye,GEn,Ye,9.8855e-05,4.9089669303972695e-05,,9.31335537791676e-07,9.31335537791676e-07
global_fit_ye,GEn,Ye,0.0001,4.965779090480779e-05,,9.421240942419693e-07,9.421240942419693e-07
global_fit_ye,GEn,Ye,0.00010116,5.02324848445877e-05,,9.530375052333192e-07,9.530375052333192e-07
global_fit_ye,GEn,Ye,0.00010233,5.081383167856523e-05,,9.640773812738898e-07,9.640773812738898e-07
global_fit_ye,GEn,Ye,0.00010351,5.140189127434286e-05,,9.75245019801375e-07,9.75245019801375e-07
global_fit_ye,GEn,Ye,0.00010471,5.1996762021319487e-05,,9.865420903109272e-07,9.865420903109272e-07
global_fit_ye,GEn,Ye,0.00010593,5.259851372900055e-05,,9.979698891928206e-07,9.979698891928206e-07
global_fit_ye,GEn,Ye,0.00010715,5.320721920075054e-05,,1.0095302694909056e-06,1.0095302694909056e-06
global_fit_ye,GEn,Ye,0.00010839,5.382296530559263e-05,,1.021224172008118e-06,1.021224172008118e-06
global_fit_ye,GEn,Ye,0.00010965,5.44458418378879e-05,,1.033053892658635e-06,1.033053892658635e-06
global_fit_ye,GEn,Ye,0.00011092,5.507591014888561e-05,,1.0450194574294755e-06,1.0450194574294755e-06
global_fit_ye,GEn,Ye,0.0001122,5.571328007339817e-05,,1.0571248625876162e-06,1.0571248625876162e-06
global_fit_ye,GEn,Ye,0.0001135,5.635800987211056e-05,,1.0693700754791556e-06,1.0693700754791556e-06
global_fit_ye,GEn,Ye,0.00011482,5.7010199322864533e-05,,1.0817570918518655e-06,1.0817570918518655e-06
global_fit_ye,GEn,Ye,0.00011614,5.7669931454528044e-05,,1.0942879690160535e-06,1.0942879690160535e-06
global_fit_ye,GEn,Ye,0.00011749,5.833729122409572e-05,,1.106962611836308e-06,1.106962611836308e-06
global_fit_ye,GEn,Ye,0.00011885,5.901237166931502e-05,,1.119785077196095e-06,1.119785077196095e-06
global_fit_ye,GEn,Ye,0.00012023,5.969526093266169e-05,,1.132756330071135e-06,1.132756330071135e-06
global_fit_ye,GEn,Ye,0.00012162,6.038604048097396e-05,,1.145877398464145e-06,1.145877398464145e-06
global_fit_ye,GEn,Ye,0.00012303,6.108480840814854e-05,,1.1591502461671581e-06,1.1591502461671581e-06
global_fit_ye,GEn,Ye,0.00012445,6.179166620615471e-05,,1.17257690145192e-06,1.17257690145192e-06
global_fit_ye,GEn,Ye,0.00012589,6.250669192938101e-05,,1.186158327576626e-06,1.186158327576626e-06
global_fit_ye,GEn,Ye,0.00012735,6.322998532172e-05,,1.19989751928653e-06,1.19989751928653e-06
global_fit_ye,GEn,Ye,0.00012882,6.39616479240488e-05,,1.2137965057726663e-06,1.2137965057726663e-06
global_fit_ye,GEn,Ye,0.00013032,6.470176589304515e-05,,1.2278552147131876e-06,1.2278552147131876e-06
global_fit_ye,GEn,Ye,0.00013183,6.54504325871404e-05,,1.242077708997284e-06,1.242077708997284e-06
global_fit_ye,GEn,Ye,0.00013335,6.620776778891795e-05,,1.2564639853330829e-06,1.2564639853330829e-06
global_fit_ye,GEn,Ye,0.0001349,6.697385751638753e-05,,1.271017967288682e-06,1.271017967288682e-06
global_fit_ye,GEn,Ye,0.00013646,6.77488052383254e-05,,1.2857397213997852e-06,1.2857397213997852e-06
global_fit_ye,GEn,Ye,0.00013804,6.853271879958698e-05,,1.3006322064140467e-06,1.3006322064140467e-06
global_fit_ye,GEn,Ye,0.00013964,6.932568791257726e-05,,1.315696417141604e-06,1.315696417141604e-06
global_fit_ye,GEn,Ye,0.00014125,7.01278242521146e-05,,1.3309353850047853e-06,1.3309353850047853e-06
global_fit_ye,GEn,Ye,0.00014289,7.093924358163553e-05,,1.3463510296979732e-06,1.3463510296979732e-06
global_fit_ye,GEn,Ye,0.00014454,7.176003957213393e-05,,1.3619454207639484e-06,1.3619454207639484e-06
global_fit_ye,GEn,Ye,0.00014622,7.259031788946224e-05,,1.3777194763787998e-06,1.3777194763787998e-06
global_fit_ye,GEn,Ye,0.00014791,7.343020227456908e-05,,1.393677266827153e-06,1.393677266827153e-06
global_fit_ye,GEn,Ye,0.00014962,7.427980038099743e-05,,1.4098187484316106e-06,1.4098187484316106e-06
global_fit_ye,GEn,Ye,0.00015136,7.513920976601852e-05,,1.426147873940177e-06,1.426147873940177e-06
global_fit_ye,GEn,Ye,0.00015311,7.60085642926804e-05,,1.4426657172821643e-06,1.4426657172821643e-06
global_fit_ye,GEn,Ye,0.00015488,7.688796153144501e-05,,1.4593752318622982e-06,1.4593752318622982e-06
global_fit_ye,GEn,Ye,0.00015668,7.777752893568148e-05,,1.4762773699722267e-06,1.4762773699722267e-06
global_fit_ye,GEn,Ye,0.00015849,7.86773805076067e-05,,1.4933762067265576e-06,1.4933762067265576e-06
global_fit_ye,GEn,Ye,0.00016032,7.958762372281864e-05,,1.5106716951271696e-06,1.5106716951271696e-06
global_fit_ye,GEn,Ye,0.00016218,8.050839593551438e-05,,1.5281687838892666e-06,1.5281687838892666e-06
global_fit_ye,GEn,Ye,0.00016406,8.14398189848717e-05,,1.545867508943711e-06,1.545867508943711e-06
global_fit_ye,GEn,Ye,0.00016596,8.238199249752305e-05,,1.5637708626937618e-06,1.5637708626937618e-06
global_fit_ye,GEn,Ye,0.00016788,8.333506607070698e-05,,1.5818828369370226e-06,1.5818828369370226e-06
global_fit_ye,GEn,Ye,0.00016982,8.429915930910253e-05,,1.6002034252274298e-06,1.6002034252274298e-06
global_fit_ye,GEn,Ye,0.00017179,8.527438940954662e-05,,1.6187365735264658e-06,1.6187365735264658e-06
global_fit_ye,GEn,Ye,0.00017378,8.626088830506726e-05,,1.6374833192226089e-06,1.6374833192226089e-06
global_fit_ye,GEn,Ye,0.00017579,8.725879557012857e-05,,1.656447653575397e-06,1.656447653575397e-06
global_fit_ye,GEn,Ye,0.00017783,8.826822829639953e-05,,1.6756315214932122e-06,1.6756315214932122e-06
global_fit_ye,GEn,Ye,0.00017989,8.928932847291403e-05,,1.6950379605437167e-06,1.6950379605437167e-06
global_fit_ye,GEn,Ye,0.00018197,9.032223565224713e-05,,1.7146689625475995e-06,1.7146689625475995e-06
global_fit_ye,GEn,Ye,0.00018408,9.136707681185574e-05,,1.7345264703559107e-06,1.7345264703559107e-06
global_fit_ye,GEn,Ye,0.00018621,9.242399400345975e-05,,1.7546145222109725e-06,1.7546145222109725e-06
global_fit_ye,GEn,Ye,0.00018836,9.349311676211038e-05,,1.7749341100375147e-06,1.7749341100375147e-06
global_fit_ye,GEn,Ye,0.00019055,9.457459927279596e-05,,1.7954901223848466e-06,1.7954901223848466e-06
global_fit_ye,GEn,Ye,0.00019275,9.566857895311403e-05,,1.8162827013760431e-06,1.8162827013760431e-06
global_fit_ye,GEn,Ye,0.00019498,9.677519994530579e-05,,1.8373177340797072e-06,1.8373177340797072e-06
global_fit_ye,GEn,Ye,0.00019724,9.789461164729139e-05,,1.8585952105940552e-06,1.8585952105940552e-06
global_fit_ye,GEn,Ye,0.00019953,9.902695345234146e-05,,1.880118119209085e-06,1.880118119209085e-06
global_fit_ye,GEn,Ye,0.00020184,0.0001001723375815983,,1.9018915004361682e-06,1.9018915004361682e-06
global_fit_ye,GEn,Ye,0.00020417,0.00010133101344315898,,1.9239163451309973e-06,1.9239163451309973e-06
global_fit_ye,GEn,Ye,0.00020654,0.00010250305475981923,,1.9461955332623777e-06,1.9461955332623777e-06
global_fit_ye,GEn,Ye,0.00020893,0.00010368866658994577,,1.9687341601456974e-06,1.9687341601456974e-06
global_fit_ye,GEn,Ye,0.00021135,0.00010488794544585522,,1.9915321606489705e-06,1.9915321606489705e-06
global_fit_ye,GEn,Ye,0.0002138,0.00010610109062361334,,2.0145945206782347e-06,2.0145945206782347e-06
global_fit_ye,GEn,Ye,0.00021627,0.00010732820449008909,,2.0379232850843303e-06,2.0379232850843303e-06
global_fit_ye,GEn,Ye,0.00021878,0.00010856958024682122,,2.061523325177646e-06,2.061523325177646e-06
global_fit_ye,GEn,Ye,0.00022131,0.00010982522335709225,,2.085395744054036e-06,2.085395744054036e-06
global_fit_ye,GEn,Ye,0.00022387,0.0001110954299860949,,2.109544469929052e-06,2.109544469929052e-06
global_fit_ye,GEn,Ye,0.00022646,0.00011238029943298616,,2.133972488790204e-06,2.133972488790204e-06
global_fit_ye,GEn,Ye,0.00022909,0.000113679927785384,,2.158682725608322e-06,2.158682725608322e-06
global_fit_ye,GEn,Ye,0.00023174,0.00011499472049141336,,2.1836792861323285e-06,2.1836792861323285e-06
global_fit_ye,GEn,Ye,0.00023442,0.00011632457377959748,,2.2089650955417454e-06,2.2089650955417454e-06
global_fit_ye,GEn,Ye,0.00023714,0.00011766978345787978,,2.2345440752809132e-06,2.2345440752809132e-06
global_fit_ye,GEn,Ye,0.00023988,0.00011903055528716368,,2.260418335918418e-06,2.260418335918418e-06
global_fit_ye,GEn,Ye,0.00024266,0.00012040708175931677,,2.286592734050225e-06,2.286592734050225e-06
global_fit_ye,GEn,Ye,0.00024547,0.00012179946539959141,,2.3130693175297995e-06,2.3130693175297995e-06
global_fit_ye,GEn,Ye,0.00024831,0.0001232080052687149,,2.339853068973588e-06,2.339853068973588e-06
global_fit_ye,GEn,Ye,0.00025119,0.0001246326971123131,,2.3669459061541744e-06,2.3669459061541744e-06
global_fit_ye,GEn,Ye,0.0002541,0.0001260739433196413,,2.3943528762363887e-06,2.3943528762363887e-06
global_fit_ye,GEn,Ye,0.00025704,0.0001275317431182247,,2.422075963099811e-06,2.422075963099811e-06
global_fit_ye,GEn,Ye,0.00026002,0.00012900639187495426,,2.450121078477922e-06,2.450121078477922e-06
global_fit_ye,GEn,Ye,0.00026303,0.00013049809219359005,,2.4784892738314116e-06,2.4784892738314116e-06
global_fit_ye,GEn,Ye,0.00026607,0.00013200704311241532,,2.507186529256018e-06,2.507186529256018e-06
global_fit_ye,GEn,Ye,0.00026915,0.00013353333996987056,,2.536215755334227e-06,2.536215755334227e-06
global_fit_ye,GEn,Ye,0.00027227,0.00013507738149194502,,2.5655809305469102e-06,2.5655809305469102e-06
global_fit_ye,GEn,Ye,0.00027542,0.0001366391705363603,,2.595286106087004e-06,2.595286106087004e-06
global_fit_ye,GEn,Ye,0.00027861,0.00013821900210748118,,2.6253341890960623e-06,2.6253341890960623e-06
global_fit_ye,GEn,Ye,0.00028184,0.0001398169751055621,,2.655730156205992e-06,2.655730156205992e-06
global_fit_ye,GEn,Ye,0.0002851,0.000141433492156655,,2.6864780600810632e-06,2.6864780600810632e-06
global_fit_ye,GEn,Ye,0.0002884,0.0001430686482304218,,2.7175818034626475e-06,2.7175818034626475e-06
global_fit_ye,GEn,Ye,0.00029174,0.0001447227420079651,,2.7490443634497685e-06,2.7490443634497685e-06
global_fit_ye,GEn,Ye,0.00029512,0.00014639587231256478,,2.780871714294892e-06,2.780871714294892e-06
global_fit_ye,GEn,Ye,0.00029854,0.00014808833778279262,,2.8130668322988156e-06,2.8130668322988156e-06
global_fit_ye,GEn,Ye,0.000302,0.00014980033711771572,,2.8456346916991576e-06,2.8456346916991576e-06
global_fit_ye,GEn,Ye,0.00030549,0.00015153207326215663,,2.8785793482004397e-06,2.8785793482004397e-06
global_fit_ye,GEn,Ye,0.00030903,0.00015328373638907677,,2.9119056140088416e-06,2.9119056140088416e-06
global_fit_ye,GEn,Ye,0.00031261,0.0001550557291760568,,2.945616543925643e-06,2.945616543925643e-06
global_fit_ye,GEn,Ye,0.00031623,0.0001568480504090865,,2.9797171104674894e-06,2.9797171104674894e-06
global_fit_ye,GEn,Ye,0.00031989,0.00015866119841020175,,3.014212285685716e-06,3.014212285685716e-06
global_fit_ye,GEn,Ye,0.00032359,0.00016049517192236312,,3.0491070411607522e-06,3.0491070411607522e-06
global_fit_ye,GEn,Ye,0.00032734,0.00016235036473477845,,3.084405262073345e-06,3.084405262073345e-06
global_fit_ye,GEn,Ye,0.00033113,0.00016422687992188008,,3.1201110048441985e-06,3.1201110048441985e-06
global_fit_ye,GEn,Ye,0.00033497,0.00016612511111192653,,3.156230149828684e-06,3.156230149828684e-06
global_fit_ye,GEn,Ye,0.00033884,0.0001680451661656014,,3.1927678433695877e-06,3.1927678433695877e-06
global_fit_ye,GEn,Ye,0.00034277,0.00016998742913830358,,3.229726786818627e-06,3.229726786818627e-06
global_fit_ye,GEn,Ye,0.00034674,0.00017195210779519395,,3.267114124586667e-06,3.267114124586667e-06
global_fit_ye,GEn,Ye,0.00035075,0.00017393950042395644,,3.304932826701941e-06,3.304932826701941e-06
global_fit_ye,GEn,Ye,0.00035481,0.00017594970052938025,,3.343189764645162e-06,3.343189764645162e-06
global_fit_ye,GEn,Ye,0.00035892,0.0001779832059744479,,3.381888903175023e-06,3.381888903175023e-06
global_fit_ye,GEn,Ye,0.00036308,0.00018004011498831045,,3.421035205471702e-06,3.421035205471702e-06
global_fit_ye,GEn,Ye,0.00036728,0.00018212073069648774,,3.4606347305043517e-06,3.4606347305043517e-06
global_fit_ye,GEn,Ye,0.00037154,0.0001842253408670973,,3.5006912474997455e-06,3.5006912474997455e-06
global_fit_ye,GEn,Ye,0.00037584,0.00018635425374514034,,3.5412119116902783e-06,3.5412119116902783e-06
global_fit_ye,GEn,Ye,0.00038019,0.00018850766220665006,,3.5822005873798205e-06,3.5822005873798205e-06
global_fit_ye,GEn,Ye,0.00038459,0.00019068596400830277,,3.6236632335505884e-06,3.6236632335505884e-06
global_fit_ye,GEn,Ye,0.00038905,0.00019288935165458367,,3.665604706385205e-06,3.665604706385205e-06
global_fit_ye,GEn,Ye,0.00039355,0.00019511813373698686,,3.708032167604562e-06,3.708032167604562e-06
global_fit_ye,GEn,Ye,0.00039811,0.0001973726969749124,,3.750949368701905e-06,3.750949368701905e-06
global_fit_ye,GEn,Ye,0.00040272,0.00019965314473925085,,3.7943633679333387e-06,3.7943633679333387e-06
global_fit_ye,GEn,Ye,0.00040738,0.00020195997448477844,,3.838279121868646e-06,3.838279121868646e-06
global_fit_ye,GEn,Ye,0.0004121,0.0002042932783305018,,3.882702475926027e-06,3.882702475926027e-06
global_fit_ye,GEn,Ye,0.00041687,0.00020665355926856356,,3.9276384920413155e-06,3.9276384920413155e-06
global_fit_ye,GEn,Ye,0.0004217,0.00020904110897322924,,3.973095009216683e-06,3.973095009216683e-06
global_fit_ye,GEn,Ye,0.00042658,0.00021145613083374255,,4.0190770903019045e-06,4.0190770903019045e-06
global_fit_ye,GEn,Ye,0.00043152,0.00021389891631078592,,4.065589573668593e-06,4.065589573668593e-06
global_fit_ye,GEn,Ye,0.00043652,0.00021636996239252066,,4.112640403763361e-06,4.112640403763361e-06
global_fit_ye,GEn,Ye,0.00044157,0.0002188693726691865,,4.160235643643823e-06,4.160235643643823e-06
global_fit_ye,GEn,Ye,0.00044668,0.00022139763801310927,,4.208380125210338e-06,4.208380125210338e-06
global_fit_ye,GEn,Ye,0.00045186,0.00022395504921028688,,4.257081670320247e-06,4.257081670320247e-06
global_fit_ye,GEn,Ye,0.00045709,0.00022654191584088002,,4.306345461802915e-06,4.306345461802915e-06
global_fit_ye,GEn,Ye,0.00046238,0.00022915862853859945,,4.3561793209549876e-06,4.3561793209549876e-06
global_fit_ye,GEn,Ye,0.00046774,0.00023180547772216008,,4.406588066396459e-06,4.406588066396459e-06
global_fit_ye,GEn,Ye,0.00047315,0.00023448277326285422,,4.457580881249412e-06,4.457580881249412e-06
global_fit_ye,GEn,Ye,0.00047863,0.00023719089874492183,,4.509161458012507e-06,4.509161458012507e-06
global_fit_ye,GEn,Ye,0.00048417,0.0002399302573476964,,4.561338855093695e-06,4.561338855093695e-06
global_fit_ye,GEn,Ye,0.00048978,0.00024270123883680134,,4.614118879941901e-06,4.614118879941901e-06
global_fit_ye,GEn,Ye,0.00049545,0.0002455040467058793,,4.667509593000578e-06,4.667509593000578e-06
global_fit_ye,GEn,Ye,0.00050119,0.0002483391703131914,,4.721515797980161e-06,4.721515797980161e-06
global_fit_ye,GEn,Ye,0.00050699,0.0002512069130573558,,4.776147553255864e-06,4.776147553255864e-06
global_fit_ye,GEn,Ye,0.00051286,0.0002541076641555407,,4.831409657254427e-06,4.831409657254427e-06
global_fit_ye,GEn,Ye,0.0005188,0.00025704181967055344,,4.887310034339683e-06,4.887310034339683e-06
global_fit_ye,GEn,Ye,0.00052481,0.0002600097755992786,,4.943856607592136e-06,4.943856607592136e-06
global_fit_ye,GEn,Ye,0.00053088,0.0002630119352751513,,5.001056441056773e-06,5.001056441056773e-06
global_fit_ye,GEn,Ye,0.00053703,0.000266048679839788,,5.058917175340913e-06,5.058917175340913e-06
global_fit_ye,GEn,Ye,0.00054325,0.00026912031255931174,,5.117445870324222e-06,5.117445870324222e-06
global_fit_ye,GEn,Ye,0.00054954,0.00027222732900983337,,5.176651442359587e-06,5.176651442359587e-06
global_fit_ye,GEn,Ye,0.0005559,0.0002753701248470304,,5.2365398110619e-06,5.2365398110619e-06
global_fit_ye,GEn,Ye,0.00056234,0.00027854908781574947,,5.297120739389964e-06,5.297120739389964e-06
global_fit_ye,GEn,Ye,0.00056885,0.00028176462108909367,,5.358401288315296e-06,5.358401288315296e-06
global_fit_ye,GEn,Ye,0.00057544,0.00028501721192148886,,5.420389217585215e-06,5.420389217585215e-06
global_fit_ye,GEn,Ye,0.0005821,0.000288307163673713,,5.483093585487487e-06,5.483093585487487e-06
global_fit_ye,GEn,Ye,0.00058884,0.0002916349632603823,,5.546522145245484e-06,5.546522145245484e-06
global_fit_ye,GEn,Ye,0.00059566,0.00029500110543818794,,5.610682799325289e-06,5.610682799325289e-06
global_fit_ye,GEn,Ye,0.00060256,0.00029840588521314683,,5.67558444690273e-06,5.67558444690273e-06
global_fit_ye,GEn,Ye,0.00060954,0.000301849897001701,,5.741235985462398e-06,5.741235985462398e-06
global_fit_ye,GEn,Ye,0.0006166,0.0003053335354676236,,5.807645312512341e-06,5.807645312512341e-06
global_fit_ye,GEn,Ye,0.00062373,0.00030885730370690376,,5.8748214874976714e-06,5.8748214874976714e-06
global_fit_ye,GEn,Ye,0.00063096,0.00031242147030637,,5.942772906743066e-06,5.942772906743066e-06
global_fit_ye,GEn,Ye,0.00063826,0.00031602665539103453,,6.011508956859553e-06,6.011508956859553e-06
global_fit_ye,GEn,Ye,0.00064565,0.0003196733353964319,,6.081039188340368e-06,6.081039188340368e-06
global_fit_ye,GEn,Ye,0.00065313,0.00032336200403914716,,6.151371484010937e-06,6.151371484010937e-06
global_fit_ye,GEn,Ye,0.00066069,0.000327092964507458,,6.222516894357794e-06,6.222516894357794e-06
global_fit_ye,GEn,Ye,0.00066834,0.0003308669009498354,,6.294482129035476e-06,6.294482129035476e-06
global_fit_ye,GEn,Ye,0.00067608,0.0003346841071472853,,6.367279057492149e-06,6.367279057492149e-06
global_fit_ye,GEn,Ye,0.00068391,0.0003385452760199047,,6.44091555457474e-06,6.44091555457474e-06
global_fit_ye,GEn,Ye,0.00069183,0.0003424508009438316,,6.5154024873221145e-06,6.5154024873221145e-06
global_fit_ye,GEn,Ye,0.00069984,0.0003464012747990077,,6.59074872445009e-06,6.59074872445009e-06
global_fit_ye,GEn,Ye,0.00070795,0.00035039708088141773,,6.666964940971921e-06,6.666964940971921e-06
global_fit_ye,GEn,Ye,0.00071614,0.0003544388314473176,,6.744061372280235e-06,6.744061372280235e-06
global_fit_ye,GEn,Ye,0.00072444,0.00035852698929863457,,6.822046311075668e-06,6.822046311075668e-06
global_fit_ye,GEn,Ye,0.00073282,0.0003626621767594521,,6.900931182451545e-06,6.900931182451545e-06
global_fit_ye,GEn,Ye,0.00074131,0.0003668447559012648,,6.980727255027019e-06,6.980727255027019e-06
global_fit_ye,GEn,Ye,0.00074989,0.0003710754388432931,,7.061443767680757e-06,7.061443767680757e-06
global_fit_ye,GEn,Ye,0.00075858,0.0003753546966893061,,7.143091166823209e-06,7.143091166823209e-06
global_fit_ye,GEn,Ye,0.00076736,0.00037968314196705916,,7.225680691101787e-06,7.225680691101787e-06
global_fit_ye,GEn,Ye,0.00077625,0.0003840612450300148,,7.3092227724529384e-06,7.3092227724529384e-06
global_fit_ye,GEn,Ye,0.00078524,0.00038848970746344563,,7.3937294432044376e-06,7.3937294432044376e-06
global_fit_ye,GEn,Ye,0.00079433,0.000392968920805802,,7.479210536327416e-06,7.479210536327416e-06
global_fit_ye,GEn,Ye,0.00080353,0.0003974995646072931,,7.565677664745207e-06,7.565677664745207e-06
global_fit_ye,GEn,Ye,0.00081283,0.00040208224059989174,,7.653141861615992e-06,7.653141861615992e-06
global_fit_ye,GEn,Ye,0.00082224,0.000406717527991014,,7.741615726791435e-06,7.741615726791435e-06
global_fit_ye,GEn,Ye,0.00083176,0.0004114059171189078,,7.831109074355286e-06,7.831109074355286e-06
global_fit_ye,GEn,Ye,0.0008414,0.0004161481857522029,,7.921634485466922e-06,7.921634485466922e-06
global_fit_ye,GEn,Ye,0.00085114,0.00042094484718298216,,8.013204206442792e-06,8.013204206442792e-06
global_fit_ye,GEn,Ye,0.00086099,0.00042579657920656264,,8.105829816841565e-06,8.105829816841565e-06
global_fit_ye,GEn,Ye,0.00087096,0.0004307039591421685,,8.199523880150451e-06,8.199523880150451e-06
global_fit_ye,GEn,Ye,0.00088105,0.0004356675758387455,,8.294297184092267e-06,8.294297184092267e-06
global_fit_ye,GEn,Ye,0.00089125,0.00044068813011197394,,8.390164738999654e-06,8.390164738999654e-06
global_fit_ye,GEn,Ye,0.00090157,0.00044576629807209516,,8.487136097323151e-06,8.487136097323151e-06
global_fit_ye,GEn,Ye,0.00091201,0.00045090266800673184,,8.585226026007222e-06,8.585226026007222e-06
global_fit_ye,GEn,Ye,0.00092257,0.0004560979277570051,,8.68444629577697e-06,8.68444629577697e-06
global_fit_ye,GEn,Ye,0.00093325,0.00046135276496294916,,8.784810668419625e-06,8.784810668419625e-06
global_fit_ye,GEn,Ye,0.00094406,0.0004666677541984878,,8.886331654417196e-06,8.886331654417196e-06
global_fit_ye,GEn,Ye,0.00095499,0.0004720436952613398,,8.989022254559366e-06,8.989022254559366e-06
global_fit_ye,GEn,Ye,0.00096605,0.00047748136146588005,,9.09289696015944e-06,9.09289696015944e-06
global_fit_ye,GEn,Ye,0.00097724,0.00048298113997077824,,9.197968510725985e-06,9.197968510725985e-06
global_fit_ye,GEn,Ye,0.00098855,0.0004885441295467716,,9.304250900482723e-06,9.304250900482723e-06
global_fit_ye,GEn,Ye,0.001,0.0004941706895855959,,9.412270889438818e-06,9.412270889438818e-06
global_fit_ye,GEn,Ye,0.0010116,0.000499861690660089,,9.519795280496568e-06,9.519795280496568e-06
global_fit_ye,GEn,Ye,0.0010233,0.0005056179880498617,,9.631070095165884e-06,9.631070095165884e-06
global_fit_ye,GEn,Ye,0.0010351,0.0005114402683982191,,9.745969235555376e-06,9.745969235555376e-06
global_fit_ye,GEn,Ye,0.0010471,0.0005173290726338125,,9.864374807331055e-06,9.864374807331055e-06
global_fit_ye,GEn,Ye,0.0010593,0.0005232851816764133,,9.98617957371824e-06,9.98617957371824e-06
global_fit_ye,GEn,Ye,0.0010715,0.0005293096738643219,,1.0111287970878968e-05,1.0111287970878968e-05
global_fit_ye,GEn,Ye,0.0010839,0.0005354030385351957,,1.023961214826324e-05,1.023961214826324e-05
global_fit_ye,GEn,Ye,0.0010965,0.0005415660557087421,,1.0371051860501778e-05,1.0371051860501778e-05
global_fit_ye,GEn,Ye,0.0011092,0.0005477996591277073,,1.0505539726941364e-05,1.0505539726941364e-05
global_fit_ye,GEn,Ye,0.001122,0.0005541047331113565,,1.0643005527799084e-05,1.0643005527799084e-05
global_fit_ye,GEn,Ye,0.001135,0.0005604817050573589,,1.0783376015594326e-05,1.0783376015594326e-05
global_fit_ye,GEn,Ye,0.0011482,0.0005669316527405841,,1.0926600795603226e-05,1.0926600795603226e-05
global_fit_ye,GEn,Ye,0.0011614,0.000573455577380912,,1.107262573141141e-05,1.107262573141141e-05
global_fit_ye,GEn,Ye,0.0011749,0.0005800537787094199,,1.1221401175693795e-05,1.1221401175693795e-05
global_fit_ye,GEn,Ye,0.0011885,0.0005867275581834608,,1.137288300135111e-05,1.137288300135111e-05
global_fit_ye,GEn,Ye,0.0012023,0.0005934776315433053,,1.1527037629340004e-05,1.1527037629340004e-05
global_fit_ye,GEn,Ye,0.0012162,0.0006003048449023235,,1.168382790997508e-05,1.168382790997508e-05
global_fit_ye,GEn,Ye,0.0012303,0.0006072100092248075,,1.1843250071031521e-05,1.1843250071031521e-05
global_fit_ye,GEn,Ye,0.0012445,0.0006141942727656258,,1.2005267045446265e-05,1.2005267045446265e-05
global_fit_ye,GEn,Ye,0.0012589,0.0006212581429632562,,1.21698649984455e-05,1.21698649984455e-05
global_fit_ye,GEn,Ye,0.0012735,0.0006284026942568602,,1.2337043338016638e-05,1.2337043338016638e-05
global_fit_ye,GEn,Ye,0.0012882,0.0006356289800864245,,1.2506795016347085e-05,1.2506795016347085e-05
global_fit_ye,GEn,Ye,0.0013032,0.0006429375193433303,,1.2679112440444234e-05,1.2679112440444234e-05
global_fit_ye,GEn,Ye,0.0013183,0.0006503296450733271,,1.28540120397517e-05,1.28540120397517e-05
global_fit_ye,GEn,Ye,0.0013335,0.000657806236992919,,1.3031493337175405e-05,1.3031493337175405e-05
global_fit_ye,GEn,Ye,0.001349,0.0006653679996229542,,1.321158827073754e-05,1.321158827073754e-05
global_fit_ye,GEn,Ye,0.0013646,0.0006730161776241982,,1.3394303573440173e-05,1.3394303573440173e-05
global_fit_ye,GEn,Ye,0.0013804,0.0006807515578761665,,1.3579674772730245e-05,1.3579674772730245e-05
global_fit_ye,GEn,Ye,0.0013964,0.0006885751117407754,,1.3767721122526475e-05,1.3767721122526475e-05
global_fit_ye,GEn,Ye,0.0014125,0.0006964881055143183,,1.3958485709044002e-05,1.3958485709044002e-05
global_fit_ye,GEn,Ye,0.0014289,0.0007044911202300644,,1.415198992416009e-05,1.415198992416009e-05
global_fit_ye,GEn,Ye,0.0014454,0.0007125855197050177,,1.4348300721513924e-05,1.4348300721513924e-05
global_fit_ye,GEn,Ye,0.0014622,0.0007207719746068786,,1.4547459159928559e-05,1.4547459159928559e-05
global_fit_ye,GEn,Ye,0.0014791,0.0007290519564232883,,1.4749502498282599e-05,1.4749502498282599e-05
global_fit_ye,GEn,Ye,0.0014962,0.0007374262333108285,,1.495450561432567e-05,1.495450561432567e-05
global_fit_ye,GEn,Ye,0.0015136,0.0007458957627265395,,1.5162513259692422e-05,1.5162513259692422e-05
global_fit_ye,GEn,Ye,0.0015311,0.0007544618294580716,,1.5373592850251723e-05,1.5373592850251723e-05
global_fit_ye,GEn,Ye,0.0015488,0.0007631255914061059,,1.5587828980913996e-05,1.5587828980913996e-05
global_fit_ye,GEn,Ye,0.0015668,0.0007718877979630361,,1.5805276111557285e-05,1.5805276111557285e-05
global_fit_ye,GEn,Ye,0.0015849,0.0007807499459257178,,1.6026011900104077e-05,1.6026011900104077e-05
global_fit_ye,GEn,Ye,0.0016032,0.0007897129851654628,,1.6250130640130565e-05,1.6250130640130565e-05
global_fit_ye,GEn,Ye,0.0016218,0.0007987777554296084,,1.6477696480472445e-05,1.6477696480472445e-05
global_fit_ye,GEn,Ye,0.0016406,0.0008079457388265504,,1.6708812538269066e-05,1.6708812538269066e-05
global_fit_ye,GEn,Ye,0.0016596,0.0008172180978744581,,1.6943567440151338e-05,1.6943567440151338e-05
global_fit_ye,GEn,Ye,0.0016788,0.0008265958949608744,,1.7182049781570904e-05,1.7182049781570904e-05
global_fit_ye,GEn,Ye,0.0016982,0.0008360803909334245,,1.742436803097596e-05,1.742436803097596e-05
global_fit_ye,GEn,Ye,0.0017179,0.0008456725088428528,,1.7670605751070044e-05,1.7670605751070044e-05
global_fit_ye,GEn,Ye,0.0017378,0.0008553737404774021,,1.7920896067617846e-05,1.7920896067617846e-05
global_fit_ye,GEn,Ye,0.0017579,0.0008651852451725538,,1.817532743281872e-05,1.817532743281872e-05
global_fit_ye,GEn,Ye,0.0017783,0.0008751081347365374,,1.8434022885611778e-05,1.8434022885611778e-05
global_fit_ye,GEn,Ye,0.0017989,0.0008851437079654757,,1.8697095734169206e-05,1.8697095734169206e-05
global_fit_ye,GEn,Ye,0.0018197,0.0008952933211342949,,1.8964664159980207e-05,1.8964664159980207e-05
global_fit_ye,GEn,Ye,0.0018408,0.0009055580753872093,,1.923685084531044e-05,1.923685084531044e-05
global_fit_ye,GEn,Ye,0.0018621,0.0009159394747159325,,1.9513789080991406e-05,1.9513789080991406e-05
global_fit_ye,GEn,Ye,0.0018836,0.0009264387737099958,,1.9795606857741623e-05,1.9795606857741623e-05
global_fit_ye,GEn,Ye,0.0019055,0.0009370566997495214,,2.008242083517294e-05,2.008242083517294e-05
global_fit_ye,GEn,Ye,0.0019275,0.0009477955851225333,,2.037438553463446e-05,2.037438553463446e-05
global_fit_ye,GEn,Ye,0.0019498,0.000958656053095357,,2.06716273731519e-05,2.06716273731519e-05
global_fit_ye,GEn,Ye,0.0019724,0.0009696395449253128,,2.0974293774275373e-05,2.0974293774275373e-05
global_fit_ye,GEn,Ye,0.0019953,0.0009807474014379178,,2.1282532096761553e-05,2.1282532096761553e-05
global_fit_ye,GEn,Ye,0.0020184,0.0009919813405541086,,2.1596495699616856e-05,2.1596495699616856e-05
global_fit_ye,GEn,Ye,0.0020417,0.0010033422135225698,,2.191632213449321e-05,2.191632213449321e-05
global_fit_ye,GEn,Ye,0.0020654,0.001014832090433562,,2.224217617112878e-05,2.224217617112878e-05
global_fit_ye,GEn,Ye,0.0020893,0.0010264520796842826,,2.2574217304617827e-05,2.2574217304617827e-05
global_fit_ye,GEn,Ye,0.0021135,0.0010382038319212146,,2.291258640198858e-05,2.291258640198858e-05
global_fit_ye,GEn,Ye,0.002138,0.0010500882844124248,,2.3257480114474762e-05,2.3257480114474762e-05
global_fit_ye,GEn,Ye,0.0021627,0.0010621076657037721,,2.3609042000426365e-05,2.3609042000426365e-05
global_fit_ye,GEn,Ye,0.0021878,0.0010742623178266087,,2.3967445449336284e-05,2.3967445449336284e-05
global_fit_ye,GEn,Ye,0.0022131,0.0010865537750401842,,2.4332860474588968e-05,2.4332860474588968e-05
global_fit_ye,GEn,Ye,0.0022387,0.001098985653617752,,2.4705486706615672e-05,2.4705486706615672e-05
global_fit_ye,GEn,Ye,0.0022646,0.0011115568980166696,,2.508547069134056e-05,2.508547069134056e-05
global_fit_ye,GEn,Ye,0.0022909,0.001124271104500414,,2.547301135711402e-05,2.547301135711402e-05
global_fit_ye,GEn,Ye,0.0023174,0.001137127843369412,,2.5868299074896237e-05,2.5868299074896237e-05
global_fit_ye,GEn,Ye,0.0023442,0.001150130711780101,,2.6271512820365294e-05,2.6271512820365294e-05
global_fit_ye,GEn,Ye,0.0023714,0.0011632803104364537,,2.6682840959291336e-05,2.6682840959291336e-05
global_fit_ye,GEn,Ye,0.0023988,0.0011765782150708083,,2.7102494113107996e-05,2.7102494113107996e-05
global_fit_ye,GEn,Ye,0.0024266,0.001190025687116842,,2.753065283114279e-05,2.753065283114279e-05
global_fit_ye,GEn,Ye,0.0024547,0.0012036249701071072,,2.7967530078854598e-05,2.7967530078854598e-05
global_fit_ye,GEn,Ye,0.0024831,0.001217377979602336,,2.8413331221538217e-05,2.8413331221538217e-05
global_fit_ye,GEn,Ye,0.0025119,0.0012312852911892892,,2.8868253410658806e-05,2.8868253410658806e-05
global_fit_ye,GEn,Ye,0.002541,0.001245350148499384,,2.9332509631895224e-05,2.9332509631895224e-05
global_fit_ye,GEn,Ye,0.0025704,0.0012595724771367453,,2.9806334689623088e-05,2.9806334689623088e-05
global_fit_ye,GEn,Ye,0.0026002,0.0012739558152359085,,3.0289915052493238e-05,3.0289915052493238e-05
global_fit_ye,GEn,Ye,0.0026303,0.0012885004352534946,,3.078348357984925e-05,3.078348357984925e-05
global_fit_ye,GEn,Ye,0.0026607,0.0013032092369355268,,3.128727469687351e-05,3.128727469687351e-05
global_fit_ye,GEn,Ye,0.0026915,0.0013180837558524649,,3.180150384809791e-05,3.180150384809791e-05
global_fit_ye,GEn,Ye,0.0027227,0.001333124890970902,,3.232640475524435e-05,3.232640475524435e-05
global_fit_ye,GEn,Ye,0.0027542,0.0013483349104388995,,3.286221028457563e-05,3.286221028457563e-05
global_fit_ye,GEn,Ye,0.0027861,0.0013637163246936015,,3.3409164779200245e-05,3.3409164779200245e-05
global_fit_ye,GEn,Ye,0.0028184,0.0013792710197587544,,3.396749157751149e-05,3.396749157751149e-05
global_fit_ye,GEn,Ye,0.002851,0.0013949992871480328,,3.453746323083486e-05,3.453746323083486e-05
global_fit_ye,GEn,Ye,0.002884,0.001410905602969644,,3.51193033035254e-05,3.51193033035254e-05
global_fit_ye,GEn,Ye,0.0029174,0.0014269888719777451,,3.5713274322800026e-05,3.5713274322800026e-05
global_fit_ye,GEn,Ye,0.0029512,0.0014432529568174713,,3.6319628718285213e-05,3.6319628718285213e-05
global_fit_ye,GEn,Ye,0.0029854,0.0014596997341565587,,3.693861874031046e-05,3.693861874031046e-05
global_fit_ye,GEn,Ye,0.00302,0.0014763310786989434,,3.757051628806489e-05,3.757051628806489e-05
global_fit_ye,GEn,Ye,0.0030549,0.0014931492819675,,3.821560378693012e-05,3.821560378693012e-05
global_fit_ye,GEn,Ye,0.0030903,0.0015101543904674445,,3.88741215807888e-05,3.88741215807888e-05
global_fit_ye,GEn,Ye,0.0031261,0.0015273506697971834,,3.954635152339957e-05,3.954635152339957e-05
global_fit_ye,GEn,Ye,0.0031623,0.001544739986301435,,4.023258455157517e-05,4.023258455157517e-05
global_fit_ye,GEn,Ye,0.0031989,0.0015623232132022024,,4.093309156846598e-05,4.093309156846598e-05
global_fit_ye,GEn,Ye,0.0032359,0.0015801032039326067,,4.164816308851284e-05,4.164816308851284e-05
global_fit_ye,GEn,Ye,0.0032734,0.001598082361304432,,4.237806761609435e-05,4.237806761609435e-05
global_fit_ye,GEn,Ye,0.0033113,0.0016162619901487728,,4.3123136416032645e-05,4.3123136416032645e-05
global_fit_ye,GEn,Ye,0.0033497,0.0016346444784023353,,4.388362720100355e-05,4.388362720100355e-05
global_fit_ye,GEn,Ye,0.0033884,0.0016532325905884776,,4.4659883683174914e-05,4.4659883683174914e-05
global_fit_ye,GEn,Ye,0.0034277,0.0016720277773913305,,4.5452177460531104e-05,4.5452177460531104e-05
global_fit_ye,GEn,Ye,0.0034674,0.001691032803416461,,4.62608321386163e-05,4.62608321386163e-05
global_fit_ye,GEn,Ye,0.0035075,0.0017102505046046547,,4.708616627599339e-05,4.708616627599339e-05
global_fit_ye,GEn,Ye,0.0035481,0.0017296822392803373,,4.792849464216628e-05,4.792849464216628e-05
global_fit_ye,GEn,Ye,0.0035892,0.00174932983184121,,4.8788134556299535e-05,4.8788134556299535e-05
global_fit_ye,GEn,Ye,0.0036308,0.0017691960938528688,,4.966541294358967e-05,4.966541294358967e-05
global_fit_ye,GEn,Ye,0.0036728,0.0017892843351362295,,5.0560680494222865e-05,5.0560680494222865e-05
global_fit_ye,GEn,Ye,0.0037154,0.0018095953740562298,,5.147425523156531e-05,5.147425523156531e-05
global_fit_ye,GEn,Ye,0.0037584,0.0018301330215442684,,5.2406491755939015e-05,5.2406491755939015e-05
global_fit_ye,GEn,Ye,0.0038019,0.0018508985859876743,,5.3357731276640294e-05,5.3357731276640294e-05
global_fit_ye,GEn,Ye,0.0038459,0.0018718948636284025,,5.4328328838226125e-05,5.4328328838226125e-05
global_fit_ye,GEn,Ye,0.0038905,0.001893124116993163,,5.531861375741432e-05,5.531861375741432e-05
global_fit_ye,GEn,Ye,0.0039355,0.001914590190348489,,5.632899089379394e-05,5.632899089379394e-05
global_fit_ye,GEn,Ye,0.0039811,0.0019362928251744895,,5.735980274599797e-05,5.735980274599797e-05
global_fit_ye,GEn,Ye,0.0040272,0.001958237312534463,,5.841141844352305e-05,5.841141844352305e-05
global_fit_ye,GEn,Ye,0.0040738,0.0019804244541150695,,5.9484230804246166e-05,5.9484230804246166e-05
global_fit_ye,GEn,Ye,0.004121,0.0020028574536529557,,6.057860541078573e-05,6.057860541078573e-05
global_fit_ye,GEn,Ye,0.0041687,0.0020255396316655266,,6.169495065372526e-05,6.169495065372526e-05
global_fit_ye,GEn,Ye,0.004217,0.002048472194700797,,6.283363068969464e-05,6.283363068969464e-05
global_fit_ye,GEn,Ye,0.0042658,0.002071658468637923,,6.399507346487339e-05,6.399507346487339e-05
global_fit_ye,GEn,Ye,0.0043152,0.0020951006281420084,,6.51796614130451e-05,6.51796614130451e-05
global_fit_ye,GEn,Ye,0.0043652,0.002118802398796489,,6.638781354552118e-05,6.638781354552118e-05
global_fit_ye,GEn,Ye,0.0044157,0.002142766125951412,,6.76199673298191e-05,6.76199673298191e-05
global_fit_ye,GEn,Ye,0.0044668,0.002166993952564411,,6.887652259316562e-05,6.887652259316562e-05
global_fit_ye,GEn,Ye,0.0045186,0.0021914889778994508,,7.015788716129041e-05,7.015788716129041e-05
global_fit_ye,GEn,Ye,0.0045709,0.0022162541551941388,,7.14645565267411e-05,7.14645565267411e-05
global_fit_ye,GEn,Ye,0.0046238,0.0022412925815497404,,7.279693785276042e-05,7.279693785276042e-05
global_fit_ye,GEn,Ye,0.0046774,0.0022666063344193616,,7.415546592559866e-05,7.415546592559866e-05
global_fit_ye,GEn,Ye,0.0047315,0.002292199382589136,,7.554063686308825e-05,7.554063686308825e-05
global_fit_ye,GEn,Ye,0.0047863,0.0023180731529793067,,7.695288294624095e-05,7.695288294624095e-05
global_fit_ye,GEn,Ye,0.0048417,0.002344231964402561,,7.839269852479507e-05,7.839269852479507e-05
global_fit_ye,GEn,Ye,0.0048978,0.002370677846590478,,7.986052441698088e-05,7.986052441698088e-05
global_fit_ye,GEn,Ye,0.0049545,0.002397415122405381,,8.13568940249022e-05,8.13568940249022e-05
global_fit_ye,GEn,Ye,0.0050119,0.002424444810561559,,8.288225597909541e-05,8.288225597909541e-05
global_fit_ye,GEn,Ye,0.0050699,0.0024517712385406236,,8.443716296531009e-05,8.443716296531009e-05
global_fit_ye,GEn,Ye,0.0051286,0.0024793963860516204,,8.602208119650328e-05,8.602208119650328e-05
global_fit_ye,GEn,Ye,0.005188,0.002507324869212716,,8.763753838861256e-05,8.763753838861256e-05
global_fit_ye,GEn,Ye,0.0052481,0.0025355593266811523,,8.928406154440177e-05,8.928406154440177e-05
global_fit_ye,GEn,Ye,0.0053088,0.0025641021233737352,,9.096221222857169e-05,9.096221222857169e-05
global_fit_ye,GEn,Ye,0.0053703,0.002592957416793589,,9.267248529334488e-05,9.267248529334488e-05
global_fit_ye,GEn,Ye,0.0054325,0.0026221275522065666,,9.441546988753986e-05,9.441546988753986e-05
global_fit_ye,GEn,Ye,0.0054954,0.0026516161303437877,,9.619171956605832e-05,9.619171956605832e-05
global_fit_ye,GEn,Ye,0.005559,0.0026814267455767572,,9.800181663481045e-05,9.800181663481045e-05
global_fit_ye,GEn,Ye,0.0056234,0.0027115622280312235,,9.984631467865281e-05,9.984631467865281e-05
global_fit_ye,GEn,Ye,0.0056885,0.002742025915918897,,0.00010172582121916897,0.00010172582121916897
global_fit_ye,GEn,Ye,0.0057544,0.002772821593585919,,0.00010364091661056428,0.00010364091661056428
global_fit_ye,GEn,Ye,0.005821,0.0028039526027615314,,0.00010559228636024101,0.00010559228636024101
global_fit_ye,GEn,Ye,0.0058884,0.0028354217128688827,,0.0001075805570949282,0.0001075805570949282
global_fit_ye,GEn,Ye,0.0059566,0.0028672324522791624,,0.00010960618618819318,0.00010960618618819318
global_fit_ye,GEn,Ye,0.0060256,0.0028993883419734696,,0.00011167002345255334,0.00011167002345255334
global_fit_ye,GEn,Ye,0.0060954,0.002931892895467183,,0.00011377262261243159,0.00011377262261243159
global_fit_ye,GEn,Ye,0.006166,0.002964750601589229,,0.00011591463471842356,0.00011591463471842356
global_fit_ye,GEn,Ye,0.0062373,0.002997964812593812,,0.00011809684101448299,0.00011809684101448299
global_fit_ye,GEn,Ye,0.0063096,0.0030315365077133306,,0.00012031979144776449,0.00012031979144776449
global_fit_ye,GEn,Ye,0.0063826,0.0030654736457915934,,0.00012258433097485046,0.00012258433097485046
global_fit_ye,GEn,Ye,0.0064565,0.0030997760341027842,,0.00012489113660724892,0.00012489113660724892
global_fit_ye,GEn,Ye,0.0065313,0.0031344490747178253,,0.000127240950050835,0.000127240950050835
global_fit_ye,GEn,Ye,0.0066069,0.003169496099102852,,0.00012963444974945602,0.00012963444974945602
global_fit_ye,GEn,Ye,0.0066834,0.003204920644143478,,0.00013207243821539404,0.00013207243821539404
global_fit_ye,GEn,Ye,0.0067608,0.003240727102415962,,0.00013455565330628363,0.00013455565330628363
global_fit_ye,GEn,Ye,0.0068391,0.0032769188757643644,,0.00013708492965051484,0.00013708492965051484
global_fit_ye,GEn,Ye,0.0069183,0.0033135003378649093,,0.00013966100236254963,0.00013966100236254963
global_fit_ye,GEn,Ye,0.0069984,0.003350473891327609,,0.00014228480130460655,0.00014228480130460655
global_fit_ye,GEn,Ye,0.0070795,0.003387844907020065,,0.0001449570182767591,0.0001449570182767591
global_fit_ye,GEn,Ye,0.0071614,0.0034256176476830337,,0.0001476786602348897,0.0001476786602348897
global_fit_ye,GEn,Ye,0.0072444,0.0034637935817568902,,0.0001504504308418857,0.0001504504308418857
global_fit_ye,GEn,Ye,0.0073282,0.0035023789196588933,,0.0001532733772980124,0.0001532733772980124
global_fit_ye,GEn,Ye,0.0074131,0.0035413770048080555,,0.00015614819541336195,0.00015614819541336195
global_fit_ye,GEn,Ye,0.0074989,0.0035807921123257864,,0.0001590758894071293,0.0001590758894071293
global_fit_ye,GEn,Ye,0.0075858,0.003620627495542469,,0.00016205738546399035,0.00016205738546399035
global_fit_ye,GEn,Ye,0.0076736,0.003660888430724459,,0.0001650936873931688,0.0001650936873931688
global_fit_ye,GEn,Ye,0.0077625,0.003701577125384129,,0.00016818571432395923,0.00016818571432395923
global_fit_ye,GEn,Ye,0.0078524,0.003742699791972961,,0.00017133432411323415,0.00017133432411323415
global_fit_ye,GEn,Ye,0.0079433,0.003784260643106224,,0.00017454071886788955,0.00017454071886788955
global_fit_ye,GEn,Ye,0.0080353,0.0038262618360321837,,0.0001778057556436555,0.0001778057556436555
global_fit_ye,GEn,Ye,0.0081283,0.0038687105576595674,,0.00018113058227610659,0.00018113058227610659
global_fit_ye,GEn,Ye,0.0082224,0.003911608917076381,,0.00018451624532415774,0.00018451624532415774
global_fit_ye,GEn,Ye,0.0083176,0.003954961042635173,,0.00018796364228463978,0.00018796364228463978
global_fit_ye,GEn,Ye,0.008414,0.003998770913136376,,0.00019147400592349478,0.00019147400592349478
global_fit_ye,GEn,Ye,0.0085114,0.004043045820652109,,0.0001950485300818393,0.0001950485300818393
global_fit_ye,GEn,Ye,0.0086099,0.004087788751259662,,0.000198688150641986,0.000198688150641986
global_fit_ye,GEn,Ye,0.0087096,0.004133002628659177,,0.0002023941875555256,0.0002023941875555256
global_fit_ye,GEn,Ye,0.0088105,0.004178692451101198,,0.0002061676209411218,0.0002061676209411218
global_fit_ye,GEn,Ye,0.0089125,0.004224863401283378,,0.0002100098770021059,0.0002100098770021059
global_fit_ye,GEn,Ye,0.0090157,0.004271520272404554,,0.0002139219717666953,0.0002139219717666953
global_fit_ye,GEn,Ye,0.0091201,0.004318668016020907,,0.00021790516987946058,0.00021790516987946058
global_fit_ye,GEn,Ye,0.0092257,0.0043663096186630475,,0.00022196083050892305,0.00022196083050892305
global_fit_ye,GEn,Ye,0.0093325,0.00441445097567824,,0.0002260901148969429,0.0002260901148969429
global_fit_ye,GEn,Ye,0.0094406,0.0044630947763982885,,0.00023029431215937157,0.00023029431215937157
global_fit_ye,GEn,Ye,0.0095499,0.004512249070263914,,0.0002345748339287113,0.0002345748339287113
global_fit_ye,GEn,Ye,0.0096605,0.004561915512438655,,0.0002389329605059016,0.0002389329605059016
global_fit_ye,GEn,Ye,0.0097724,0.004612099889373555,,0.00024337003167566656,0.00024337003167566656
global_fit_ye,GEn,Ye,0.0098855,0.004662808291281797,,0.0002478874526684597,0.0002478874526684597
global_fit_ye,GEn,Ye,0.01,0.004714042918209876,,0.0002524866143904321,0.0002524866143904321
global_fit_ye,GEn,Ye,0.010116,0.004765808135378766,,0.0002571687708103027,0.0002571687708103027
global_fit_ye,GEn,Ye,0.010233,0.004818115286243246,,0.0002619357977255297,0.0002619357977255297
global_fit_ye,GEn,Ye,0.010351,0.004870969221274153,,0.0002667892231411198,0.0002667892231411198
global_fit_ye,GEn,Ye,0.010471,0.004924362076273111,,0.00027172972014624837,0.00027172972014624837
global_fit_ye,GEn,Ye,0.010593,0.004978298226398383,,0.00027675876832678685,0.00027675876832678685
global_fit_ye,GEn,Ye,0.010715,0.0050328109245242,,0.0002818796007699621,0.0002818796007699621
global_fit_ye,GEn,Ye,0.010839,0.005087877163700469,,0.00028709208256054756,0.00028709208256054756
global_fit_ye,GEn,Ye,0.010965,0.005143503190793431,,0.000292397873316031,0.000292397873316031
global_fit_ye,GEn,Ye,0.011092,0.005199707707099709,,0.0002977992592129187,0.0002977992592129187
global_fit_ye,GEn,Ye,0.01122,0.005256496399990847,,0.0003032980311729279,0.0003032980311729279
global_fit_ye,GEn,Ye,0.01135,0.005313859236565697,,0.0003088950225789504,0.0003088950225789504
global_fit_ye,GEn,Ye,0.011482,0.005371803331262037,,0.0003145917753637448,0.0003145917753637448
global_fit_ye,GEn,Ye,0.011614,0.005430361996510245,,0.0003203917953617797,0.0003203917953617797
global_fit_ye,GEn,Ye,0.011749,0.005489497620551837,,0.00032629409423622655,0.00032629409423622655
global_fit_ye,GEn,Ye,0.011885,0.005549243629400388,,0.00033230218335086236,0.00033230218335086236
global_fit_ye,GEn,Ye,0.012023,0.005609591979925892,,0.00033841698470714874,0.00033841698470714874
global_fit_ye,GEn,Ye,0.012162,0.005670563418831756,,0.0003446412563313353,0.0003446412563313353
global_fit_ye,GEn,Ye,0.012303,0.005732146623454581,,0.0003509755856257864,0.0003509755856257864
global_fit_ye,GEn,Ye,0.012445,0.005794365521814903,,0.00035742304348880224,0.00035742304348880224
global_fit_ye,GEn,Ye,0.012589,0.005857207439838621,,0.00036398426790887307,0.00036398426790887307
global_fit_ye,GEn,Ye,0.012735,0.005920680206318171,,0.0003706612309196374,0.0003706612309196374
global_fit_ye,GEn,Ye,0.012882,0.005984803349907097,,0.0003774567487635473,0.0003774567487635473
global_fit_ye,GEn,Ye,0.013032,0.006049551694566876,,0.00038437061314637794,0.00038437061314637794
global_fit_ye,GEn,Ye,0.013183,0.0061149633730635524,,0.0003914067864632683,0.0003914067864632683
global_fit_ye,GEn,Ye,0.013335,0.006181043729044268,,0.00039856736703437556,0.00039856736703437556
global_fit_ye,GEn,Ye,0.01349,0.006247766431905668,,0.00040585181839456613,0.00040585181839456613
global_fit_ye,GEn,Ye,0.013646,0.0063151696289770205,,0.00041326448704498273,0.00041326448704498273
global_fit_ye,GEn,Ye,0.013804,0.006383242873910482,,0.00042080619335573016,0.00042080619335573016
global_fit_ye,GEn,Ye,0.013964,0.006451992775360971,,0.00042847875573332324,0.00042847875573332324
global_fit_ye,GEn,Ye,0.014125,0.006521441034071223,,0.0004362854782582085,0.0004362854782582085
global_fit_ye,GEn,Ye,0.014289,0.006591560278519851,,0.000444225871136917,0.000444225871136917
global_fit_ye,GEn,Ye,0.014454,0.00666239034610578,,0.0004523042572010275,0.0004523042572010275
global_fit_ye,GEn,Ye,0.014622,0.006733902073645093,,0.0004605203317628579,0.0004605203317628579
global_fit_ye,GEn,Ye,0.014791,0.006806138874648295,,0.0004688783929149028,0.0004688783929149028
global_fit_ye,GEn,Ye,0.014962,0.006879086837291479,,0.00047737934617386615,0.00047737934617386615
global_fit_ye,GEn,Ye,0.015136,0.0069527341084157914,,0.0004860238044732682,0.0004860238044732682
global_fit_ye,GEn,Ye,0.015311,0.007027124207501824,,0.0004948163695961884,0.0004948163695961884
global_fit_ye,GEn,Ye,0.015488,0.007102244445514298,,0.0005037578519610796,0.0005037578519610796
global_fit_ye,GEn,Ye,0.015668,0.007178082246665034,,0.0005128486690013238,0.0005128486690013238
global_fit_ye,GEn,Ye,0.015849,0.0072546822250931665,,0.0005220938272688472,0.0005220938272688472
global_fit_ye,GEn,Ye,0.016032,0.007332030974289877,,0.0005314937505409567,0.0005314937505409567
global_fit_ye,GEn,Ye,0.016218,0.00741011517603595,,0.0005410490389973692,0.0005410490389973692
global_fit_ye,GEn,Ye,0.016406,0.007488960906449463,,0.000550763019403904,0.000550763019403904
global_fit_ye,GEn,Ye,0.016596,0.007568573257316564,,0.0005606378569620905,0.0005606378569620905
global_fit_ye,GEn,Ye,0.016788,0.00764896109955387,,0.0005706753250042098,0.0005706753250042098
global_fit_ye,GEn,Ye,0.016982,0.007730129442174789,,0.0005808774735861881,0.0005808774735861881
global_fit_ye,GEn,Ye,0.017179,0.007812063676030949,,0.0005912445258409125,0.0005912445258409125
global_fit_ye,GEn,Ye,0.017378,0.007894790724711286,,0.0006017800808686913,0.0006017800808686913
global_fit_ye,GEn,Ye,0.017579,0.00797831737389361,,0.0006124859665767706,0.0006124859665767706
global_fit_ye,GEn,Ye,0.017783,0.008062629160403604,,0.0006233622878201127,0.0006233622878201127
global_fit_ye,GEn,Ye,0.017989,0.008147753530549352,,0.0006344126959436027,0.0006344126959436027
global_fit_ye,GEn,Ye,0.018197,0.008233697131315056,,0.0006456389868779291,0.0006456389868779291
global_fit_ye,GEn,Ye,0.018408,0.008320444669330717,,0.0006570410472133198,0.0006570410472133198
global_fit_ye,GEn,Ye,0.018621,0.008408024128458206,,0.0006686224888756134,0.0006686224888756134
global_fit_ye,GEn,Ye,0.018836,0.008496442962905415,,0.0006803850752886689,0.0006803850752886689
global_fit_ye,GEn,Ye,0.019055,0.008585661472928998,,0.0006923265711489547,0.0006923265711489547
global_fit_ye,GEn,Ye,0.019275,0.008675755059366835,,0.0007044543187419535,0.0007044543187419535
global_fit_ye,GEn,Ye,0.019498,0.008766684625551073,,0.0007167661216512497,0.0007167661216512497
global_fit_ye,GEn,Ye,0.019724,0.008858455747469083,,0.0007292634094222016,0.0007292634094222016
global_fit_ye,GEn,Ye,0.019953,0.008951074887381965,,0.0007419475982834153,0.0007419475982834153
global_fit_ye,GEn,Ye,0.020184,0.009044572272830903,,0.0007548221585289433,0.0007548221585289433
global_fit_ye,GEn,Ye,0.020417,0.009138955938415584,,0.0007678884903020691,0.0007678884903020691
global_fit_ye,GEn,Ye,0.020654,0.009234182368361508,,0.0007811436125078096,0.0007811436125078096
global_fit_ye,GEn,Ye,0.020893,0.00933030808291014,,0.0007945930366171829,0.0007945930366171829
global_fit_ye,GEn,Ye,0.021135,0.009427314215821181,,0.0008082358233767851,0.0008082358233767851
global_fit_ye,GEn,Ye,0.02138,0.009525204032869236,,0.0008220729343145935,0.0008220729343145935
global_fit_ye,GEn,Ye,0.021627,0.009624024002385476,,0.0008361076978372478,0.0008361076978372478
global_fit_ye,GEn,Ye,0.021878,0.009723703241103214,,0.0008503364221858045,0.0008503364221858045
global_fit_ye,GEn,Ye,0.022131,0.009824327830623567,,0.0008647646403259163,0.0008647646403259163
global_fit_ye,GEn,Ye,0.022387,0.00992585753374814,,0.0008793907897622109,0.0008793907897622109
global_fit_ye,GEn,Ye,0.022646,0.010028315975691971,,0.0008942154870963996,0.0008942154870963996
global_fit_ye,GEn,Ye,0.022909,0.010131661477399993,,0.0009092369492304101,0.0009092369492304101
global_fit_ye,GEn,Ye,0.023174,0.010235972529270169,,0.0009244604081830741,0.0009244604081830741
global_fit_ye,GEn,Ye,0.023442,0.01034122636340499,,0.0009398842838421725,0.0009398842838421725
global_fit_ye,GEn,Ye,0.023714,0.010447399043422496,,0.0009555053210386782,0.0009555053210386782
global_fit_ye,GEn,Ye,0.023988,0.010554551720005426,,0.0009713297116028927,0.0009713297116028927
global_fit_ye,GEn,Ye,0.024266,0.010662631560265014,,0.0009873513441841586,0.0009873513441841586
global_fit_ye,GEn,Ye,0.024547,0.010771680720927471,,0.0010035747574142944,0.0010035747574142944
global_fit_ye,GEn,Ye,0.024831,0.010881694113520395,,0.0010199972007449505,0.0010199972007449505
global_fit_ye,GEn,Ye,0.025119,0.010992664688784978,,0.0010366177651437811,0.0010366177651437811
global_fit_ye,GEn,Ye,0.02541,0.011104616537418404,,0.0010534373476380405,0.0010534373476380405
global_fit_ye,GEn,Ye,0.025704,0.01121756300946653,,0.0010704559703647236,0.0010704559703647236
global_fit_ye,GEn,Ye,0.026002,0.011331477258620378,,0.0010876706888977232,0.0010876706888977232
global_fit_ye,GEn,Ye,0.026303,0.011446393354463921,,0.0011050825072806754,0.0011050825072806754
global_fit_ye,GEn,Ye,0.026607,0.01156232438818636,,0.0011226914180143624,0.0011226914180143624
global_fit_ye,GEn,Ye,0.026915,0.011679242370043242,,0.0011404924508930268,0.0011404924508930268
global_fit_ye,GEn,Ye,0.027227,0.011797150018323627,,0.0011584854389582236,0.0011584854389582236
global_fit_ye,GEn,Ye,0.027542,0.0119160915472265,,0.0011766706124077713,0.0011766706124077713
global_fit_ye,GEn,Ye,0.027861,0.012036037791858982,,0.0011950446905858523,0.0011950446905858523
global_fit_ye,GEn,Ye,0.028184,0.012157000450940656,,0.001213604699571593,0.001213604699571593
global_fit_ye,GEn,Ye,0.02851,0.01227900587313825,,0.0012323528479799262,0.0012323528479799262
global_fit_ye,GEn,Ye,0.02884,0.012402042187435028,,0.0012512838359423231,0.0012512838359423231
global_fit_ye,GEn,Ye,0.029174,0.0125261023161074,,0.001270394673888127,0.001270394673888127
global_fit_ye,GEn,Ye,0.029512,0.012651197564137932,,0.0012896842131035697,0.0012896842131035697
global_fit_ye,GEn,Ye,0.029854,0.012777339116279192,,0.0013091485328874657,0.0013091485328874657
global_fit_ye,GEn,Ye,0.0302,0.01290451963478327,,0.001328786473981451,0.001328786473981451
global_fit_ye,GEn,Ye,0.030549,0.013032794502763548,,0.001348596833696586,0.001348596833696586
global_fit_ye,GEn,Ye,0.030903,0.013162095319285081,,0.001368571213735993,0.001368571213735993
global_fit_ye,GEn,Ye,0.031261,0.013292458526085633,,0.0013887092776361358,0.0013887092776361358
global_fit_ye,GEn,Ye,0.031623,0.013423894774516621,,0.001409007101125541,0.001409007101125541
global_fit_ye,GEn,Ye,0.031989,0.013556414591712262,,0.001429461678496006,0.001429461678496006
global_fit_ye,GEn,Ye,0.032359,0.013690010085303081,,0.0014500690889816194,0.0014500690889816194
global_fit_ye,GEn,Ye,0.032734,0.013824654360210131,,0.001470821454892521,0.001470821454892521
global_fit_ye,GEn,Ye,0.033113,0.013960403284383997,,0.0014917187152390786,0.0014917187152390786
global_fit_ye,GEn,Ye,0.033497,0.01409721074152223,,0.0015127519791982688,0.0015127519791982688
global_fit_ye,GEn,Ye,0.033884,0.014235162196005291,,0.0015339254286259316,0.0015339254286259316
global_fit_ye,GEn,Ye,0.034277,0.014374143568055255,,0.0015552218837333626,0.0015552218837333626
global_fit_ye,GEn,Ye,0.034674,0.014514249522177416,,0.0015766446843466222,0.0015766446843466222
global_fit_ye,GEn,Ye,0.035075,0.014655471469980997,,0.0015981890417274423,0.0015981890417274423
global_fit_ye,GEn,Ye,0.035481,0.014797788284281686,,0.0016198458318483332,0.0016198458318483332
global_fit_ye,GEn,Ye,0.035892,0.01494119009755967,,0.0016416083073056058,0.0016416083073056058
global_fit_ye,GEn,Ye,0.036308,0.015085694129859792,,0.0016634715491282096,0.0016634715491282096
global_fit_ye,GEn,Ye,0.036728,0.015231349170037387,,0.0016854342594007548,0.0016854342594007548
global_fit_ye,GEn,Ye,0.037154,0.015378063785513001,,0.001707481669744962,0.001707481669744962
global_fit_ye,GEn,Ye,0.037584,0.015525936723419675,,0.0017296170850568213,0.0017296170850568213
global_fit_ye,GEn,Ye,0.038019,0.015674925772203956,,0.0017518275254904444,0.0017518275254904444
global_fit_ye,GEn,Ye,0.038459,0.01582503840864632,,0.0017741090550001208,0.0017741090550001208
global_fit_ye,GEn,Ye,0.038905,0.015976230308234186,,0.0017964493546262865,0.0017964493546262865
global_fit_ye,GEn,Ye,0.039355,0.016128602611777763,,0.0018188504686954604,0.0018188504686954604
global_fit_ye,GEn,Ye,0.039811,0.016282067668572982,,0.001841296176343205,0.001841296176343205
global_fit_ye,GEn,Ye,0.040272,0.016436675053381783,,0.0018637838355642779,0.0018637838355642779
global_fit_ye,GEn,Ye,0.040738,0.016592422581757492,,0.0018863078257256572,0.0018863078257256572
global_fit_ye,GEn,Ye,0.04121,0.01674928123721209,,0.0019088529995628745,0.0019088529995628745
global_fit_ye,GEn,Ye,0.041687,0.01690728344469094,,0.0019314196584777745,0.0019314196584777745
global_fit_ye,GEn,Ye,0.04217,0.017066399105678694,,0.0019539926127814787,0.0019539926127814787
global_fit_ye,GEn,Ye,0.042658,0.017226687890578622,,0.001976570557312293,0.001976570557312293
global_fit_ye,GEn,Ye,0.043152,0.017388082957095662,,0.001999140048332785,0.001999140048332785
global_fit_ye,GEn,Ye,0.043652,0.017550606799439157,,0.0020216928215046775,0.0020216928215046775
global_fit_ye,GEn,Ye,0.044157,0.017714302040868123,,0.0020442251889710287,0.0020442251889710287
global_fit_ye,GEn,Ye,0.044668,0.017879126893004898,,0.0020667254351869188,0.0020667254351869188
global_fit_ye,GEn,Ye,0.045186,0.018045028947649564,,0.00208917723486626,0.00208917723486626
global_fit_ye,GEn,Ye,0.045709,0.018212125120963957,,0.002111585278650463,0.002111585278650463
global_fit_ye,GEn,Ye,0.046238,0.01838035425432985,,0.002133933398400908,0.002133933398400908
global_fit_ye,GEn,Ye,0.046774,0.01854967108609299,,0.002156208787194361,0.002156208787194361
global_fit_ye,GEn,Ye,0.047315,0.018720185632920366,,0.002178413084854286,0.002178413084854286
global_fit_ye,GEn,Ye,0.047863,0.01889179404541321,,0.0022005269525103037,0.0022005269525103037
global_fit_ye,GEn,Ye,0.048417,0.01906455736962586,,0.0022225464986641323,0.0022225464986641323
global_fit_ye,GEn,Ye,0.048978,0.019238419213507572,,0.0022444571553389926,0.0022444571553389926
global_fit_ye,GEn,Ye,0.049545,0.019413432354138314,,0.00226625613464516,0.00226625613464516
global_fit_ye,GEn,Ye,0.050119,0.019589548004067578,,0.0022879280074145953,0.0022879280074145953
global_fit_ye,GEn,Ye,0.050699,0.01976681944354203,,0.0023094702160239297,0.0023094702160239297
global_fit_ye,GEn,Ye,0.051286,0.019945196692925715,,0.0023308673555810064,0.0023308673555810064
global_fit_ye,GEn,Ye,0.05188,0.02012468939901517,,0.002352110926963726,0.002352110926963726
global_fit_ye,GEn,Ye,0.052481,0.020305289636010956,,0.0023731907626476766,0.0023731907626476766
global_fit_ye,GEn,Ye,0.053088,0.02048705170860768,,0.002394105644926473,0.002394105644926473
global_fit_ye,GEn,Ye,0.053703,0.020669869096319543,,0.002414833050707442,0.002414833050707442
global_fit_ye,GEn,Ye,0.054325,0.020853803948076295,,0.0024353709883759896,0.0024353709883759896
global_fit_ye,GEn,Ye,0.054954,0.02103884769034516,,0.0024557095888668172,0.0024557095888668172
global_fit_ye,GEn,Ye,0.05559,0.021225008832673194,,0.0024758416462138245,0.0024758416462138245
global_fit_ye,GEn,Ye,0.056234,0.021412222591162385,,0.0024957500725867094,0.0024957500725867094
global_fit_ye,GEn,Ye,0.056885,0.02160055210063212,,0.0025154342368922627,0.0025154342368922627
global_fit_ye,GEn,Ye,0.057544,0.0217899399221591,,0.0025348788399675295,0.0025348788399675295
global_fit_ye,GEn,Ye,0.05821,0.021980449649087453,,0.002554080931972272,0.002554080931972272
global_fit_ye,GEn,Ye,0.058884,0.022172005498858623,,0.0025730270027594935,0.0025730270027594935
global_fit_ye,GEn,Ye,0.059566,0.022364622009201095,,0.0025917076254762727,0.0025917076254762727
global_fit_ye,GEn,Ye,0.060256,0.02255828792745407,,0.0026101151685603624,0.0026101151685603624
global_fit_ye,GEn,Ye,0.060954,0.022753017327000753,,0.002628241237307128,0.002628241237307128
global_fit_ye,GEn,Ye,0.06166,0.02294879011681452,,0.0026460792223647186,0.0026460792223647186
global_fit_ye,GEn,Ye,0.062373,0.02314567143721497,,0.002663627802419495,0.002663627802419495
global_fit_ye,GEn,Ye,0.063096,0.02334348645501845,,0.0026808581614420762,0.0026808581614420762
global_fit_ye,GEn,Ye,0.063826,0.02354241128303231,,0.0026977846458743258,0.0026977846458743258
global_fit_ye,GEn,Ye,0.064565,0.02374232081943283,,0.002714385407419561,0.002714385407419561
global_fit_ye,GEn,Ye,0.065313,0.023943209650190884,,0.0027306550111996257,0.0027306550111996257
global_fit_ye,GEn,Ye,0.066069,0.024145142777186823,,0.002746591837264865,0.002746591837264865
global_fit_ye,GEn,Ye,0.066834,0.024348044727146242,,0.0027621836286195315,0.0027621836286195315
global_fit_ye,GEn,Ye,0.067608,0.024551926232582094,,0.0027774243896603584,0.0027774243896603584
global_fit_ye,GEn,Ye,0.068391,0.024756781078927006,,0.0027923065543958097,0.0027923065543958097
global_fit_ye,GEn,Ye,0.069183,0.02496259457557721,,0.002806825985914031,0.002806825985914031
global_fit_ye,GEn,Ye,0.069984,0.02516937678698429,,0.0028209769716683805,0.0028209769716683805
global_fit_ye,GEn,Ye,0.070795,0.025377047662000395,,0.0028347458067394206,0.0028347458067394206
global_fit_ye,GEn,Ye,0.071614,0.025585746348859455,,0.002848143121828887,0.002848143121828887
global_fit_ye,GEn,Ye,0.072444,0.025795252805376312,,0.002861141628032934,0.002861141628032934
global_fit_ye,GEn,Ye,0.073282,0.02600578086055841,,0.002873759504223645,0.002873759504223645
global_fit_ye,GEn,Ye,0.074131,0.02621712375886817,,0.0028859703199551976,0.0028859703199551976
global_fit_ye,GEn,Ye,0.074989,0.026429389296693893,,0.0028977843793835042,0.0028977843793835042
global_fit_ye,GEn,Ye,0.075858,0.0266424667508033,,0.002909183460087017,0.002909183460087017
global_fit_ye,GEn,Ye,0.076736,0.026856465430835332,,0.0029201797753815465,0.0029201797753815465
global_fit_ye,GEn,Ye,0.077625,0.02707124779295946,,0.0029307543849431926,0.0029307543849431926
global_fit_ye,GEn,Ye,0.078524,0.027286879947840077,,0.0029409123018103627,0.0029409123018103627
global_fit_ye,GEn,Ye,0.079433,0.02750335188558745,,0.0029506520288806646,0.0029506520288806646
global_fit_ye,GEn,Ye,0.080353,0.027720591368586636,,0.002959963042100408,0.002959963042100408
global_fit_ye,GEn,Ye,0.081283,0.027938657242175508,,0.0029688514730510608,0.0029688514730510608
global_fit_ye,GEn,Ye,0.082224,0.028157475943440303,,0.002977307751574175,0.002977307751574175
global_fit_ye,GEn,Ye,0.083176,0.02837704336909946,,0.002985331477253105,0.002985331477253105
global_fit_ye,GEn,Ye,0.08414,0.028597275184593467,,0.0029929139890501814,0.0029929139890501814
global_fit_ye,GEn,Ye,0.085114,0.02881830251329263,,0.003000069313314137,0.003000069313314137
global_fit_ye,GEn,Ye,0.086099,0.029040057126169253,,0.003006789761321922,0.003006789761321922
global_fit_ye,GEn,Ye,0.087096,0.029262444833053645,,0.0030130684802017068,0.0030130684802017068
global_fit_ye,GEn,Ye,0.088105,0.029485467161537608,,0.0030189062284640055,0.0030189062284640055
global_fit_ye,GEn,Ye,0.089125,0.029709183924062098,,0.0030243098280814088,0.0030243098280814088
global_fit_ye,GEn,Ye,0.090157,0.029933514909724162,,0.003029274206329359,0.003029274206329359
global_fit_ye,GEn,Ye,0.091201,0.030158453134178757,,0.0030337995502012945,0.0030337995502012945
global_fit_ye,GEn,Ye,0.092257,0.030383983587449665,,0.003037888475600251,0.003037888475600251
global_fit_ye,GEn,Ye,0.093325,0.030610098963653132,,0.0030415420897403358,0.0030415420897403358
global_fit_ye,GEn,Ye,0.094406,0.030836715100213304,,0.003044755557007858,0.003044755557007858
global_fit_ye,GEn,Ye,0.095499,0.031063892299872622,,0.003047539240475715,0.003047539240475715
global_fit_ye,GEn,Ye,0.096605,0.031291545182467594,,0.003049888417954205,0.003049888417954205
global_fit_ye,GEn,Ye,0.097724,0.03151966440575318,,0.003051805223268777,0.003051805223268777
global_fit_ye,GEn,Ye,0.098855,0.0317483189620528,,0.0030533024856343725,0.0030533024856343725
global_fit_ye,GEn,Ye,0.1,0.03197734262917238,,0.00305436656332876,0.00305436656332876
global_fit_ye,GEn,Ye,0.10116,0.03220663713951606,,0.0030549960804190685,0.0030549960804190685
global_fit_ye,GEn,Ye,0.10233,0.03243658916254861,,0.0030552318020000617,0.0030552318020000617
global_fit_ye,GEn,Ye,0.10351,0.032667192682348814,,0.0030550782979908925,0.0030550782979908925
global_fit_ye,GEn,Ye,0.10471,0.032897633906969495,,0.0030544651655737835,0.0030544651655737835
global_fit_ye,GEn,Ye,0.10593,0.033127893083758665,,0.003053398160479446,0.003053398160479446
global_fit_ye,GEn,Ye,0.10715,0.03335957579582882,,0.0030520324984589955,0.0030520324984589955
global_fit_ye,GEn,Ye,0.10839,0.03359106201181463,,0.0030502225262888207,0.0030502225262888207
global_fit_ye,GEn,Ye,0.10965,0.03382230910498721,,0.003047976383353567,0.003047976383353567
global_fit_ye,GEn,Ye,0.11092,0.03405414176009338,,0.0030453726931545526,0.0030453726931545526
global_fit_ye,GEn,Ye,0.1122,0.03428654545378162,,0.0030424183735918387,0.0030424183735918387
global_fit_ye,GEn,Ye,0.1135,0.03451868211894895,,0.0030390465073292902,0.0030390465073292902
global_fit_ye,GEn,Ye,0.11482,0.03475052405322582,,0.0030352623579471944,0.0030352623579471944
global_fit_ye,GEn,Ye,0.11614,0.03498374482880036,,0.0030312209613179058,0.0030312209613179058
global_fit_ye,GEn,Ye,0.11749,0.0352157962251618,,0.0030267090428630463,0.0030267090428630463
global_fit_ye,GEn,Ye,0.11885,0.03544836327774245,,0.0030218799318532416,0.0030218799318532416
global_fit_ye,GEn,Ye,0.12023,0.03568056400081674,,0.003016668522247701,0.003016668522247701
global_fit_ye,GEn,Ye,0.12162,0.035913263670443125,,0.003011154783830322,0.003011154783830322
global_fit_ye,GEn,Ye,0.12303,0.036145564570344485,,0.003005274066453585,0.003005274066453585
global_fit_ye,GEn,Ye,0.12445,0.03637833277091961,,0.0029991065191410362,0.0029991065191410362
global_fit_ye,GEn,Ye,0.12589,0.03661068406318483,,0.0029925872440758347,0.0029925872440758347
global_fit_ye,GEn,Ye,0.12735,0.03684259078811634,,0.0029857259219732684,0.0029857259219732684
global_fit_ye,GEn,Ye,0.12882,0.037074923746757006,,0.0029786010746403494,0.0029786010746403494
global_fit_ye,GEn,Ye,0.13032,0.037305898607971004,,0.002971079292848137,0.002971079292848137
global_fit_ye,GEn,Ye,0.13183,0.037537259795853595,,0.002963311199991311,0.002963311199991311
global_fit_ye,GEn,Ye,0.13335,0.037769012976502425,,0.0029553047190110492,0.0029553047190110492
global_fit_ye,GEn,Ye,0.1349,0.03799935032836664,,0.002946928183037921,0.002946928183037921
global_fit_ye,GEn,Ye,0.13646,0.038230039725260616,,0.0029383302147452145,0.0029383302147452145
global_fit_ye,GEn,Ye,0.13804,0.03846016534721901,,0.002929450869506902,0.002929450869506902
global_fit_ye,GEn,Ye,0.13964,0.03868972112545457,,0.002920297433853247,0.002920297433853247
global_fit_ye,GEn,Ye,0.14125,0.03891959442074689,,0.002910948347825712,0.002910948347825712
global_fit_ye,GEn,Ye,0.14289,0.03914794016533791,,0.002901275761162799,0.002901275761162799
global_fit_ye,GEn,Ye,0.14454,0.0393765778325491,,0.0028914253203808533,0.0028914253203808533
global_fit_ye,GEn,Ye,0.14622,0.03960364808630695,,0.00288127048491008,0.00288127048491008
global_fit_ye,GEn,Ye,0.14791,0.03983097793779889,,0.002870954640243079,0.002870954640243079
global_fit_ye,GEn,Ye,0.14962,0.040057633078228384,,0.002860419830390102,0.002860419830390102
global_fit_ye,GEn,Ye,0.15136,0.04028265187660537,,0.0028496095241526856,0.0028496095241526856
global_fit_ye,GEn,Ye,0.15311,0.040507895974087035,,0.002838665318447451,0.002838665318447451
global_fit_ye,GEn,Ye,0.15488,0.04073240740316112,,0.002827528791420608,0.002827528791420608
global_fit_ye,GEn,Ye,0.15668,0.04095522874155228,,0.0028161457016846474,0.0028161457016846474
global_fit_ye,GEn,Ye,0.15849,0.041178234828504655,,0.0028046543862358694,0.0028046543862358694
global_fit_ye,GEn,Ye,0.16032,0.04140045827378285,,0.002792998016252549,0.002792998016252549
global_fit_ye,GEn,Ye,0.16218,0.041620932710689916,,0.002781123276229815,0.002781123276229815
global_fit_ye,GEn,Ye,0.16406,0.04184059472191745,,0.0027691018038713652,0.0027691018038713652
global_fit_ye,GEn,Ye,0.16596,0.04205942610960817,,0.002756943867172157,0.002756943867172157
global_fit_ye,GEn,Ye,0.16788,0.04227740887189616,,0.0027446576460740018,0.0027446576460740018
global_fit_ye,GEn,Ye,0.16982,0.042494525207597035,,0.002732251878318815,0.002732251878318815
global_fit_ye,GEn,Ye,0.17179,0.04270980824716108,,0.0027196728601723936,0.0027196728601723936
global_fit_ye,GEn,Ye,0.17378,0.04292419078453134,,0.002706992303991694,0.002706992303991694
global_fit_ye,GEn,Ye,0.17579,0.043137662147918684,,0.002694217983889282,0.002694217983889282
global_fit_ye,GEn,Ye,0.17783,0.04334923522886155,,0.002681297810071867,0.002681297810071867
global_fit_ye,GEn,Ye,0.17989,0.04355987111815491,,0.002668301880976951,0.002668301880976951
global_fit_ye,GEn,Ye,0.18197,0.04376954694790773,,0.0026552370050609273,0.0026552370050609273
global_fit_ye,GEn,Ye,0.18408,0.04397727535681375,,0.0026420533167730528,0.0026420533167730528
global_fit_ye,GEn,Ye,0.18621,0.04418401936099781,,0.0026288173705011947,0.0026288173705011947
global_fit_ye,GEn,Ye,0.18836,0.04438976944776036,,0.002615537526702586,0.002615537526702586
global_fit_ye,GEn,Ye,0.19055,0.044592529261470414,,0.002602105807300945,0.002602105807300945
global_fit_ye,GEn,Ye,0.19275,0.044795248270366225,,0.002588703758424231,0.002588703758424231
global_fit_ye,GEn,Ye,0.19498,0.044995947335301316,,0.0025752236026547744,0.0025752236026547744
global_fit_ye,GEn,Ye,0.19724,0.045194593419065114,,0.0025616738938492086,0.0025616738938492086
global_fit_ye,GEn,Ye,0.19953,0.04539117878326265,,0.0025480624504928824,0.0025480624504928824
global_fit_ye,GEn,Ye,0.20184,0.04558668992811412,,0.002534453776291811,0.002534453776291811
global_fit_ye,GEn,Ye,0.20417,0.045781113029318844,,0.0025208547162491528,0.0025208547162491528
global_fit_ye,GEn,Ye,0.20654,0.045972434107883105,,0.0025071613626729107,0.0025071613626729107
global_fit_ye,GEn,Ye,0.20893,0.04616264589156194,,0.0024934914923816064,0.0024934914923816064
global_fit_ye,GEn,Ye,0.21135,0.046350723369514166,,0.002479798329886703,0.002479798329886703
global_fit_ye,GEn,Ye,0.2138,0.04653666754143546,,0.0024660883268000644,0.0024660883268000644
global_fit_ye,GEn,Ye,0.21627,0.04672147088047444,,0.0024524219469094265,0.0024524219469094265
global_fit_ye,GEn,Ye,0.21878,0.04690310719419622,,0.0024387002186086956,0.0024387002186086956
global_fit_ye,GEn,Ye,0.22131,0.04708357425349999,,0.0024250352564356165,0.0024250352564356165
global_fit_ye,GEn,Ye,0.22387,0.04726186607856539,,0.002411381204071795,0.002411381204071795
global_fit_ye,GEn,Ye,0.22646,0.04743796853616497,,0.002397743862365127,0.002397743862365127
global_fit_ye,GEn,Ye,0.22909,0.04761085989311005,,0.002384079279850516,0.002384079279850516
global_fit_ye,GEn,Ye,0.23174,0.04778256015588382,,0.002370496114527074,0.002370496114527074
global_fit_ye,GEn,Ye,0.23442,0.04795204390970717,,0.002356949121748637,0.002356949121748637
global_fit_ye,GEn,Ye,0.23714,0.04811828905637136,,0.0023433940825689104,0.0023433940825689104
global_fit_ye,GEn,Ye,0.23988,0.04828332176740513,,0.002329937209897796,0.002329937209897796
global_fit_ye,GEn,Ye,0.24266,0.04844511013314772,,0.002316484391984429,0.002316484391984429
global_fit_ye,GEn,Ye,0.24547,0.04860466046712444,,0.0023030916376020195,0.0023030916376020195
global_fit_ye,GEn,Ye,0.24831,0.048761963645390836,,0.002289764209212777,0.002289764209212777
global_fit_ye,GEn,Ye,0.25119,0.04891600426919715,,0.002276459317228686,0.002276459317228686
global_fit_ye,GEn,Ye,0.2541,0.049067797389621075,,0.002263230159274322,0.002263230159274322
global_fit_ye,GEn,Ye,0.25704,0.04921734115013744,,0.0022500815851629534,0.0022500815851629534
global_fit_ye,GEn,Ye,0.26002,0.04936361103639743,,0.002236972719272721,0.002236972719272721
global_fit_ye,GEn,Ye,0.26303,0.0495076297578482,,0.002223954002427072,0.002223954002427072
global_fit_ye,GEn,Ye,0.26607,0.049649397172601764,,0.0022110309296053308,0.0022110309296053308
global_fit_ye,GEn,Ye,0.26915,0.04978788612613329,,0.0021981623543419746,0.0021981623543419746
global_fit_ye,GEn,Ye,0.27227,0.04992311464235298,,0.0021853531128946833,0.0021853531128946833
global_fit_ye,GEn,Ye,0.27542,0.050056091310937995,,0.002172653035967991,0.002172653035967991
global_fit_ye,GEn,Ye,0.27861,0.05018580311533909,,0.0021600217690385553,0.0021600217690385553
global_fit_ye,GEn,Ye,0.28184,0.050312254960267686,,0.002147464742163777,0.002147464742163777
global_fit_ye,GEn,Ye,0.2851,0.05043647148083189,,0.0021350286025684224,0.0021350286025684224
global_fit_ye,GEn,Ye,0.2884,0.05055744381414911,,0.0021226747889772674,0.0021226747889772674
global_fit_ye,GEn,Ye,0.29174,0.050675189336904326,,0.002110407267938529,0.002110407267938529
global_fit_ye,GEn,Ye,0.29512,0.05078966119882945,,0.002098230367288822,0.002098230367288822
global_fit_ye,GEn,Ye,0.29854,0.050900943782916194,,0.0020861487598154605,0.0020861487598154605
global_fit_ye,GEn,Ye,0.302,0.05100902679701293,,0.0020741654780968306,0.0020741654780968306
global_fit_ye,GEn,Ye,0.30549,0.051114908032992956,,0.002062325026893649,0.002062325026893649
global_fit_ye,GEn,Ye,0.30903,0.05121656508970916,,0.002050550025594123,0.002050550025594123
global_fit_ye,GEn,Ye,0.31261,0.05131504811091792,,0.0020388840841982173,0.0020388840841982173
global_fit_ye,GEn,Ye,0.31623,0.051410399124155244,,0.0020273316161141855,0.0020273316161141855
global_fit_ye,GEn,Ye,0.31989,0.051502612591980135,,0.0020158949613591427,0.0020158949613591427
global_fit_ye,GEn,Ye,0.32359,0.051591637090098875,,0.0020045777588309248,0.0020045777588309248
global_fit_ye,GEn,Ye,0.32734,0.051676614877717464,,0.0019933445904596067,0.0019933445904596067
global_fit_ye,GEn,Ye,0.33113,0.05175844962983146,,0.0019822370023403024,0.0019822370023403024
global_fit_ye,GEn,Ye,0.33497,0.05183619518123238,,0.0019712199994687566,0.0019712199994687566
global_fit_ye,GEn,Ye,0.33884,0.05191192963073738,,0.0019603724380789183,0.0019603724380789183
global_fit_ye,GEn,Ye,0.34277,0.05198259175197325,,0.0019495841574528928,0.0019495841574528928
global_fit_ye,GEn,Ye,0.34674,0.05205030406876873,,0.001938933368805821,0.001938933368805821
global_fit_ye,GEn,Ye,0.35075,0.0521149778751366,,0.0019284222310565282,0.0019284222310565282
global_fit_ye,GEn,Ye,0.35481,0.05217572614148492,,0.0019180163015776054,0.0019180163015776054
global_fit_ye,GEn,Ye,0.35892,0.05223251590247818,,0.0019077198038661162,0.0019077198038661162
global_fit_ye,GEn,Ye,0.36308,0.052285448477002304,,0.0018975345842225453,0.0018975345842225453
global_fit_ye,GEn,Ye,0.36728,0.052335465300951345,,0.0018874991495453537,0.0018874991495453537
global_fit_ye,GEn,Ye,0.37154,0.052380679057924616,,0.0018775450963695868,0.0018775450963695868
global_fit_ye,GEn,Ye,0.37584,0.052423088818170496,,0.0018677453487626896,0.0018677453487626896
global_fit_ye,GEn,Ye,0.38019,0.05246173936006082,,0.0018580670155424147,0.0018580670155424147
global_fit_ye,GEn,Ye,0.38459,0.05249660639953845,,0.0018485125303192315,0.0018485125303192315
global_fit_ye,GEn,Ye,0.38905,0.052526879440100094,,0.0018390511286075588,0.0018390511286075588
global_fit_ye,GEn,Ye,0.39355,0.05255440927817727,,0.0018297513490270435,0.0018297513490270435
global_fit_ye,GEn,Ye,0.39811,0.05257735057706131,,0.0018205493830997148,0.0018205493830997148
global_fit_ye,GEn,Ye,0.40272,0.05259676287247819,,0.0018114805299168871,0.0018114805299168871
global_fit_ye,GEn,Ye,0.40738,0.05261258681894296,,0.0018025460791069494,0.0018025460791069494
global_fit_ye,GEn,Ye,0.4121,0.05262398912894243,,0.0017937164274043722,0.0017937164274043722
global_fit_ye,GEn,Ye,0.41687,0.052631939111160014,,0.0017850259343990718,0.0017850259343990718
global_fit_ye,GEn,Ye,0.4217,0.052635570921543945,,0.0017764440734173062,0.0017764440734173062
global_fit_ye,GEn,Ye,0.42658,0.052635808758774896,,0.0017680051192852115,0.0017680051192852115
global_fit_ye,GEn,Ye,0.43152,0.05263179643411468,,0.0017596792186342213,0.0017596792186342213
global_fit_ye,GEn,Ye,0.43652,0.052623573603475575,,0.0017514684409968473,0.0017514684409968473
global_fit_ye,GEn,Ye,0.44157,0.052612133038903434,,0.0017434057425654299,0.0017434057425654299
global_fit_ye,GEn,Ye,0.44668,0.05259663137813409,,0.0017354620503415926,0.0017354620503415926
global_fit_ye,GEn,Ye,0.45186,0.05257616757518595,,0.0017276092364639538,0.0017276092364639538
global_fit_ye,GEn,Ye,0.45709,0.052552599738468306,,0.0017199092529061246,0.0017199092529061246
global_fit_ye,GEn,Ye,0.46238,0.05252513649386747,,0.0017123337679422748,0.0017123337679422748
global_fit_ye,GEn,Ye,0.46774,0.05249293021380205,,0.001704855355793194,0.001704855355793194
global_fit_ye,GEn,Ye,0.47315,0.052457813274536684,,0.0016975342757899498,0.0016975342757899498
global_fit_ye,GEn,Ye,0.47863,0.05241805347908292,,0.0016903137354112223,0.0016903137354112223
global_fit_ye,GEn,Ye,0.48417,0.0523745892206246,,0.0016832248250639153,0.0016832248250639153
global_fit_ye,GEn,Ye,0.48978,0.05232663107541589,,0.0016762408648934763,0.0016762408648934763
global_fit_ye,GEn,Ye,0.49545,0.0522751435829739,,0.0016693910580367897,0.0016693910580367897
global_fit_ye,GEn,Ye,0.50119,0.05221931208066543,,0.0016626499568851566,0.0016626499568851566
global_fit_ye,GEn,Ye,0.50699,0.05216002332051053,,0.0016560463041731044,0.0016560463041731044
global_fit_ye,GEn,Ye,0.51286,0.05209654281559664,,0.001649554124231757,0.001649554124231757
global_fit_ye,GEn,Ye,0.5188,0.05202890158361858,,0.001643175646000438,0.001643175646000438
global_fit_ye,GEn,Ye,0.52481,0.05195719895609842,,0.0016369122549976152,0.0016369122549976152
global_fit_ye,GEn,Ye,0.53088,0.0518823372590296,,0.0016307917960452288,0.0016307917960452288
global_fit_ye,GEn,Ye,0.53703,0.05180273796005254,,0.001624763522546143,0.001624763522546143
global_fit_ye,GEn,Ye,0.54325,0.05171927710633381,,0.001618854850168337,0.001618854850168337
global_fit_ye,GEn,Ye,0.54954,0.05163208641926664,,0.0016130678127887603,0.0016130678127887603
global_fit_ye,GEn,Ye,0.5559,0.05154120124756599,,0.0016074033140696961,0.0016074033140696961
global_fit_ye,GEn,Ye,0.56234,0.05144588115425922,,0.0016018381798432305,0.0016018381798432305
global_fit_ye,GEn,Ye,0.56885,0.05134707646276719,,0.0015963985984109956,0.0015963985984109956
global_fit_ye,GEn,Ye,0.57544,0.05124399612308823,,0.0015910611693743912,0.0015910611693743912
global_fit_ye,GEn,Ye,0.5821,0.051137578794165466,,0.0015858525531861536,0.0015858525531861536
global_fit_ye,GEn,Ye,0.58884,0.05102710666368219,,0.0015807494151358792,0.0015807494151358792
global_fit_ye,GEn,Ye,0.59566,0.05091263579573648,,0.0015757532132040545,0.0015757532132040545
global_fit_ye,GEn,Ye,0.60256,0.050794311629530735,,0.0015708658222311509,0.0015708658222311509
global_fit_ye,GEn,Ye,0.60954,0.05067216159366963,,0.0015660889288974034,0.0015660889288974034
global_fit_ye,GEn,Ye,0.6166,0.05054635899987837,,0.0015614237504894967,0.0015614237504894967
global_fit_ye,GEn,Ye,0.62373,0.050417687940270045,,0.0015568952518302006,0.0015568952518302006
global_fit_ye,GEn,Ye,0.63096,0.05028396694594427,,0.0015524345478790027,0.0015524345478790027
global_fit_ye,GEn,Ye,0.63826,0.050147606176639443,,0.0015481134958216462,0.0015481134958216462
global_fit_ye,GEn,Ye,0.64565,0.050007196533416405,,0.001543887044228328,0.001543887044228328
global_fit_ye,GEn,Ye,0.65313,0.04986278676893829,,0.0015397569238260744,0.0015397569238260744
global_fit_ye,GEn,Ye,0.66069,0.04971526071642277,,0.001535747622502772,0.001535747622502772
global_fit_ye,GEn,Ye,0.66834,0.049563983374141134,,0.0015318377127350692,0.0015318377127350692
global_fit_ye,GEn,Ye,0.67608,0.04940905729696254,,0.0015280291549150643,0.0015280291549150643
global_fit_ye,GEn,Ye,0.68391,0.04925058476057378,,0.0015243231848970148,0.0015243231848970148
global_fit_ye,GEn,Ye,0.69183,0.04908866768049284,,0.0015207218885701194,0.0015207218885701194
global_fit_ye,GEn,Ye,0.69984,0.04892340753434951,,0.001517226627943024,0.001517226627943024
global_fit_ye,GEn,Ye,0.70795,0.0487542176082701,,0.001513817225684907,0.001513817225684907
global_fit_ye,GEn,Ye,0.71614,0.048582579998603166,,0.0015105382932789511,0.0015105382932789511
global_fit_ye,GEn,Ye,0.72444,0.04840657504503413,,0.0015073278036387516,0.0015073278036387516
global_fit_ye,GEn,Ye,0.73282,0.04822834486076828,,0.0015042501438238217,0.0015042501438238217
global_fit_ye,GEn,Ye,0.74131,0.04804595737752928,,0.0015012443753306284,0.0015012443753306284
global_fit_ye,GEn,Ye,0.74989,0.047860859902929466,,0.0014983539297016976,0.0014983539297016976
global_fit_ye,GEn,Ye,0.75858,0.04767187385506208,,0.0014955390327868814,0.0014955390327868814
global_fit_ye,GEn,Ye,0.76736,0.04748041817488279,,0.0014928422860878408,0.0014928422860878408
global_fit_ye,GEn,Ye,0.77625,0.04728529108529899,,0.0014902248343485022,0.0014902248343485022
global_fit_ye,GEn,Ye,0.78524,0.04708727715246505,,0.0014877087740815841,0.0014877087740815841
global_fit_ye,GEn,Ye,0.79433,0.04688646491162489,,0.0014852951696425498,0.0014852951696425498
global_fit_ye,GEn,Ye,0.80353,0.04668234789612285,,0.001482966179314738,0.001482966179314738
global_fit_ye,GEn,Ye,0.81283,0.046475686791148905,,0.001480743008494908,0.001480743008494908
global_fit_ye,GEn,Ye,0.82224,0.04626596318418277,,0.0014786081002919195,0.0014786081002919195
global_fit_ye,GEn,Ye,0.83176,0.04605330287193489,,0.0014765629791706131,0.0014765629791706131
global_fit_ye,GEn,Ye,0.8414,0.045837239242746124,,0.0014745905759844739,0.0014745905759844739
global_fit_ye,GEn,Ye,0.85114,0.04561910405330195,,0.0014727305518214403,0.0014727305518214403
global_fit_ye,GEn,Ye,0.86099,0.045398379395861235,,0.001470965443275509,0.001470965443275509
global_fit_ye,GEn,Ye,0.87096,0.045174613999377985,,0.0014692785282685277,0.0014692785282685277
global_fit_ye,GEn,Ye,0.88105,0.04494796563332865,,0.001467671844745929,0.001467671844745929
global_fit_ye,GEn,Ye,0.89125,0.04471910841903007,,0.001466165502424494,0.001466165502424494
global_fit_ye,GEn,Ye,0.90157,0.0444876049629154,,0.0014647426777218543,0.0014647426777218543
global_fit_ye,GEn,Ye,0.91201,0.04425358735664543,,0.0014634056673626847,0.0014634056673626847
global_fit_ye,GEn,Ye,0.92257,0.044017185635964975,,0.0014621561261053359,0.0014621561261053359
global_fit_ye,GEn,Ye,0.93325,0.04377849038599812,,0.0014609958477077606,0.0014609958477077606
global_fit_ye,GEn,Ye,0.94406,0.04353713923955192,,0.001459908913068192,0.001459908913068192
global_fit_ye,GEn,Ye,0.95499,0.04329375853973974,,0.0014589150827679445,0.0014589150827679445
global_fit_ye,GEn,Ye,0.96605,0.043047975180898576,,0.0014579985528169527,0.0014579985528169527
global_fit_ye,GEn,Ye,0.97724,0.04279991006913554,,0.0014571614028648658,0.0014571614028648658
global_fit_ye,GEn,Ye,0.98855,0.04255018357205858,,0.0014564226003776278,0.0014564226003776278
global_fit_ye,GEn,Ye,1.0,0.04229792232823775,,0.0014557498099586198,0.0014557498099586198
global_fit_ye,GEn,Ye,1.0116,0.04204280619764206,,0.0014551284819856124,0.0014551284819856124
global_fit_ye,GEn,Ye,1.0233,0.041787379007629216,,0.0014546449797978008,0.0014546449797978008
global_fit_ye,GEn,Ye,1.0351,0.04153171234951205,,0.0014543000257626814,0.0014543000257626814
global_fit_ye,GEn,Ye,1.0471,0.04127116147205538,,0.0014539289324963195,0.0014539289324963195
global_fit_ye,GEn,Ye,1.0593,0.04100599558687684,,0.0014535359163931898,0.0014535359163931898
global_fit_ye,GEn,Ye,1.0715,0.04074557927317507,,0.0014534515121699002,0.0014534515121699002
global_fit_ye,GEn,Ye,1.0839,0.0404807651398768,,0.0014533485595580225,0.0014533485595580225
global_fit_ye,GEn,Ye,1.0965,0.04021179621303242,,0.0014532314793987853,0.0014532314793987853
global_fit_ye,GEn,Ye,1.1092,0.03994328771589317,,0.0014532636753211516,0.0014532636753211516
global_fit_ye,GEn,Ye,1.122,0.0396752791291642,,0.0014534458972345113,0.0014534458972345113
global_fit_ye,GEn,Ye,1.135,0.039403551956874575,,0.0014536209103634666,0.0014536209103634666
global_fit_ye,GEn,Ye,1.1482,0.039128306241438426,,0.0014537927954299742,0.0014537927954299742
global_fit_ye,GEn,Ye,1.1614,0.0388581016151631,,0.0014542755277407748,0.0014542755277407748
global_fit_ye,GEn,Ye,1.1749,0.03858048156414098,,0.0014546042545174904,0.0014546042545174904
global_fit_ye,GEn,Ye,1.1885,0.0383039257071185,,0.0014550918605674655,0.0014550918605674655
global_fit_ye,GEn,Ye,1.2023,0.0380244546099154,,0.0014555854967731347,0.0014555854967731347
global_fit_ye,GEn,Ye,1.2162,0.037746226299188904,,0.0014562413740905038,0.0014562413740905038
global_fit_ye,GEn,Ye,1.2303,0.037465372503592914,,0.0014569081541042856,0.0014569081541042856
global_fit_ye,GEn,Ye,1.2445,0.03718591538728901,,0.0014577406569944622,0.0014577406569944622
global_fit_ye,GEn,Ye,1.2589,0.03690410958720356,,0.0014585890040585674,0.0014585890040585674
global_fit_ye,GEn,Ye,1.2735,0.036620138517358576,,0.001459456863972746,0.001459456863972746
global_fit_ye,GEn,Ye,1.2882,0.03633783114992663,,0.0014604937274595076,0.0014604937274595076
global_fit_ye,GEn,Ye,1.3032,0.036050033296041874,,0.0014614104867836514,0.0014614104867836514
global_fit_ye,GEn,Ye,1.3183,0.03576412279045473,,0.001462499897028462,0.001462499897028462
global_fit_ye,GEn,Ye,1.3335,0.035480127733180856,,0.0014637626150435276,0.0014637626150435276
global_fit_ye,GEn,Ye,1.349,0.035191189060642086,,0.001464914387633769,0.001464914387633769
global_fit_ye,GEn,Ye,1.3646,0.03490438205127106,,0.0014662448122605154,0.0014662448122605154
global_fit_ye,GEn,Ye,1.3804,0.03461636770325343,,0.001467611975906771,0.001467611975906771
global_fit_ye,GEn,Ye,1.3964,0.03432732201972784,,0.0014690181050689708,0.0014690181050689708
global_fit_ye,GEn,Ye,1.4125,0.0340405781124055,,0.0014706070434419485,0.0014706070434419485
global_fit_ye,GEn,Ye,1.4289,0.03374983653880743,,0.0014721022235620663,0.0014721022235620663
global_fit_ye,GEn,Ye,1.4454,0.03346157973582886,,0.001473781091099632,0.001473781091099632
global_fit_ye,GEn,Ye,1.4622,0.033169684181902304,,0.0014753744774102689,0.0014753744774102689
global_fit_ye,GEn,Ye,1.4791,0.03288046336052039,,0.0014771555031165586,0.0014771555031165586
global_fit_ye,GEn,Ye,1.4962,0.0325909104130857,,0.0014789918768906357,0.0014789918768906357
global_fit_ye,GEn,Ye,1.5136,0.032298266788029086,,0.0014807513300873802,0.0014807513300873802
global_fit_ye,GEn,Ye,1.5311,0.03200850274796112,,0.0014827037931751518,0.0014827037931751518
global_fit_ye,GEn,Ye,1.5488,0.03171878172077058,,0.0014847175083742285,0.0014847175083742285
global_fit_ye,GEn,Ye,1.5668,0.03142644692727498,,0.001486665779585667,0.001486665779585667
global_fit_ye,GEn,Ye,1.5849,0.031137177078693828,,0.0014888102748758674,0.0014888102748758674
global_fit_ye,GEn,Ye,1.6032,0.030848270150074953,,0.0014910246263809543,0.0014910246263809543
global_fit_ye,GEn,Ye,1.6218,0.030557207419332575,,0.0014931806678429827,0.0014931806678429827
global_fit_ye,GEn,Ye,1.6406,0.03026678125501487,,0.0014954105654789581,0.0014954105654789581
global_fit_ye,GEn,Ye,1.6596,0.02997710350939438,,0.0014977181457689252,0.0014977181457689252
global_fit_ye,GEn,Ye,1.6788,0.029688245767169087,,0.001500103229105495,0.001500103229105495
global_fit_ye,GEn,Ye,1.6982,0.029400294436662335,,0.0015025697596302632,0.0015025697596302632
global_fit_ye,GEn,Ye,1.7179,0.029110925539276227,,0.0015049937908528212,0.0015049937908528212
global_fit_ye,GEn,Ye,1.7378,0.02882271106261281,,0.001507504055710275,0.001507504055710275
global_fit_ye,GEn,Ye,1.7579,0.028535708306232723,,0.0015101024122462265,0.0015101024122462265
global_fit_ye,GEn,Ye,1.7783,0.028247717901945628,,0.001512667947005529,0.001512667947005529
global_fit_ye,GEn,Ye,1.7989,0.02796115294893557,,0.0015153265936898106,0.0015153265936898106
global_fit_ye,GEn,Ye,1.8197,0.02767608437489001,,0.0015180790980086638,0.0015180790980086638
global_fit_ye,GEn,Ye,1.8408,0.02739040837892389,,0.001520808200726457,0.001520808200726457
global_fit_ye,GEn,Ye,1.8621,0.027106401582474796,,0.001523636272742366,0.001523636272742366
global_fit_ye,GEn,Ye,1.8836,0.026824123921299556,,0.0015265652644805739,0.0015265652644805739
global_fit_ye,GEn,Ye,1.9055,0.02653955043607398,,0.0015293620759525845,0.0015293620759525845
global_fit_ye,GEn,Ye,1.9275,0.026258923968104933,,0.0015323810269131416,0.0015323810269131416
global_fit_ye,GEn,Ye,1.9498,0.025978272278333034,,0.0015353904969293219,0.0015353904969293219
global_fit_ye,GEn,Ye,1.9724,0.025697732234850917,,0.0015383938664170391,0.0015383938664170391
global_fit_ye,GEn,Ye,1.9953,0.025417442700131243,,0.0015413948172223156,0.0015413948172223156
global_fit_ye,GEn,Ye,2.0184,0.02513939343533441,,0.001544510505417815,0.001544510505417815
global_fit_ye,GEn,Ye,2.0417,0.024863591142748675,,0.0015477408978028886,0.0015477408978028886
global_fit_ye,GEn,Ye,2.0654,0.024586523815052257,,0.0015508634448521098,0.0015508634448521098
global_fit_ye,GEn,Ye,2.0893,0.024311883412009204,,0.0015541058090892577,0.0015541058090892577
global_fit_ye,GEn,Ye,2.1135,0.024037978145738492,,0.0015573591315946077,0.0015573591315946077
global_fit_ye,GEn,Ye,2.138,0.023764930743089968,,0.0015606259824803136,0.0015606259824803136
global_fit_ye,GEn,Ye,2.1627,0.02349446937912086,,0.0015640180545471005,0.0015640180545471005
global_fit_ye,GEn,Ye,2.1878,0.02322339655514915,,0.001567319285643218,0.001567319285643218
global_fit_ye,GEn,Ye,2.2131,0.02295504734879812,,0.0015707499712204211,0.0015707499712204211
global_fit_ye,GEn,Ye,2.2387,0.02268787854707742,,0.0015742040364900949,0.0015742040364900949
global_fit_ye,GEn,Ye,2.2646,0.022421978044514308,,0.0015776833152303838,0.0015776833152303838
global_fit_ye,GEn,Ye,2.2909,0.022155952622168743,,0.001581086159562064,0.001581086159562064
global_fit_ye,GEn,Ye,2.3174,0.02189286513056769,,0.0015846250717865985,0.0015846250717865985
global_fit_ye,GEn,Ye,2.3442,0.02163128841868161,,0.001588196900255001,0.001588196900255001
global_fit_ye,GEn,Ye,2.3714,0.021369895304635903,,0.00159170082184799,0.00159170082184799
global_fit_ye,GEn,Ye,2.3988,0.02111156633621219,,0.001595346232460428,0.001595346232460428
global_fit_ye,GEn,Ye,2.4266,0.02085361282336405,,0.0015989294012893473,0.0015989294012893473
global_fit_ye,GEn,Ye,2.4547,0.020597474457269515,,0.0016025549572495246,0.0016025549572495246
global_fit_ye,GEn,Ye,2.4831,0.020343215339738336,,0.0016062253651107088,0.0016062253651107088
global_fit_ye,GEn,Ye,2.5119,0.020089628736277843,,0.0016098427383897977,0.0016098427383897977
global_fit_ye,GEn,Ye,2.541,0.019838066875951663,,0.0016135095244101123,0.0016135095244101123
global_fit_ye,GEn,Ye,2.5704,0.019588567164781842,,0.0016172279625288014,0.0016172279625288014
global_fit_ye,GEn,Ye,2.6002,0.01934000475261337,,0.0016209010241972893,0.0016209010241972893
global_fit_ye,GEn,Ye,2.6303,0.01909363440229398,,0.0016246303564621284,0.0016246303564621284
global_fit_ye,GEn,Ye,2.6607,0.018849478526188394,,0.001628416582574408,0.001628416582574408
global_fit_ye,GEn,Ye,2.6915,0.018606476299928117,,0.0016321653580428984,0.0016321653580428984
global_fit_ye,GEn,Ye,2.7227,0.018364725391414465,,0.0016358798771219166,0.0016358798771219166
global_fit_ye,GEn,Ye,2.7542,0.018125364612205475,,0.0016396580448741905,0.0016396580448741905
global_fit_ye,GEn,Ye,2.7861,0.01788738432366698,,0.0016434067650996178,0.0016434067650996178
global_fit_ye,GEn,Ye,2.8184,0.017650868207035125,,0.0016471285518279057,0.0016471285518279057
global_fit_ye,GEn,Ye,2.851,0.017416873223533583,,0.0016509194986625763,0.0016509194986625763
global_fit_ye,GEn,Ye,2.884,0.017184451353257097,,0.0016546881837007142,0.0016546881837007142
global_fit_ye,GEn,Ye,2.9174,0.016953673189315448,,0.0016584368507738612,0.0016584368507738612
global_fit_ye,GEn,Ye,2.9512,0.01672460107428841,,0.0016621681736719738,0.0016621681736719738
global_fit_ye,GEn,Ye,2.9854,0.01649729696097501,,0.0016658848387719949,0.0016658848387719949
global_fit_ye,GEn,Ye,3.02,0.01627181494656038,,0.0016695884465496046,0.0016695884465496046
global_fit_ye,GEn,Ye,3.0549,0.016049064938680562,,0.0016733706249704603,0.0016733706249704603
global_fit_ye,GEn,Ye,3.0903,0.015827371925730322,,0.00167705497955067,0.00167705497955067
global_fit_ye,GEn,Ye,3.1261,0.015607650820924163,,0.001680732734505141,0.001680732734505141
global_fit_ye,GEn,Ye,3.1623,0.015389940576159116,,0.0016844059614850935,0.0016844059614850935
global_fit_ye,GEn,Ye,3.1989,0.015174283420771876,,0.0016880764036506664,0.0016880764036506664
global_fit_ye,GEn,Ye,3.2359,0.014960711416325321,,0.0016917454978004765,0.0016917454978004765
global_fit_ye,GEn,Ye,3.2734,0.014748519384516384,,0.0016953299081054324,0.0016953299081054324
global_fit_ye,GEn,Ye,3.3113,0.014538505219757508,,0.0016989174737873714,0.0016989174737873714
global_fit_ye,GEn,Ye,3.3497,0.014329987949291753,,0.0017024254959650729,0.0017024254959650729
global_fit_ye,GEn,Ye,3.3884,0.014124421343218584,,0.0017060235397633216,0.0017060235397633216
global_fit_ye,GEn,Ye,3.4277,0.013919749843084727,,0.001709462773401864,0.001709462773401864
global_fit_ye,GEn,Ye,3.4674,0.013717405909043691,,0.00171291246749761,0.00171291246749761
global_fit_ye,GEn,Ye,3.5075,0.013517395670859376,,0.0017163729909356004,0.0017163729909356004
global_fit_ye,GEn,Ye,3.5481,0.013319103240720432,,0.0017197645535080204,0.0017197645535080204
global_fit_ye,GEn,Ye,3.5892,0.01312258129101299,,0.001723089720037666,0.001723089720037666
global_fit_ye,GEn,Ye,3.6308,0.012927875720824083,,0.0017263508022130922,0.0017263508022130922
global_fit_ye,GEn,Ye,3.6728,0.012735615070907539,,0.0017296290631995778,0.0017296290631995778
global_fit_ye,GEn,Ye,3.7154,0.012544663635792172,,0.0017327678746965793,0.0017327678746965793
global_fit_ye,GEn,Ye,3.7584,0.012356202194811892,,0.0017359268693585628,0.0017359268693585628
global_fit_ye,GEn,Ye,3.8019,0.012169686856705728,,0.0017390290226063686,0.0017390290226063686
global_fit_ye,GEn,Ye,3.8459,0.011985148846053569,,0.0017420762676254706,0.0017420762676254706
global_fit_ye,GEn,Ye,3.8905,0.011802100643502586,,0.0017449939837158037,0.0017449939837158037
global_fit_ye,GEn,Ye,3.9355,0.011621606147288218,,0.0017479362878917068,0.0017479362878917068
global_fit_ye,GEn,Ye,3.9811,0.011442675632370631,,0.001750753870738428,0.001750753870738428
global_fit_ye,GEn,Ye,4.0272,0.011265835827683294,,0.0017535235181613384,0.0017535235181613384
global_fit_ye,GEn,Ye,4.0738,0.011091102396955793,,0.0017562464536087649,0.0017562464536087649
global_fit_ye,GEn,Ye,4.121,0.010918040704394753,,0.0017588513533032303,0.0017588513533032303
global_fit_ye,GEn,Ye,4.1687,0.010747129557628082,,0.0017614129200123152,0.0017614129200123152
global_fit_ye,GEn,Ye,4.217,0.010577951258662656,,0.0017638605156700454,0.0017638605156700454
global_fit_ye,GEn,Ye,4.2658,0.010410960068072775,,0.001766267771505869,0.001766267771505869
global_fit_ye,GEn,Ye,4.3152,0.010245750511191006,,0.0017685649812883841,0.0017685649812883841
global_fit_ye,GEn,Ye,4.3652,0.010082356174376344,,0.0017707545191194545,0.0017707545191194545
global_fit_ye,GEn,Ye,4.4157,0.009921188522678115,,0.001772907625082795,0.001772907625082795
global_fit_ye,GEn,Ye,4.4668,0.009761865729907605,,0.0017749560715080443,0.0017749560715080443
global_fit_ye,GEn,Ye,4.5186,0.009604046990637143,,0.0017768339476521636,0.0017768339476521636
global_fit_ye,GEn,Ye,4.5709,0.009448494525322499,,0.001778679936730607,0.001778679936730607
global_fit_ye,GEn,Ye,4.6238,0.009294846509369068,,0.0017804269783270861,0.0017804269783270861
global_fit_ye,GEn,Ye,4.6774,0.009142779782754422,,0.001782010548471927,0.001782010548471927
global_fit_ye,GEn,Ye,4.7315,0.008992993962353278,,0.0017835653026748491,0.0017835653026748491
global_fit_ye,GEn,Ye,4.7863,0.008844828165972145,,0.0017849600332975981,0.0017849600332975981
global_fit_ye,GEn,Ye,4.8417,0.00869862839584885,,0.0017862646958164093,0.0017862646958164093
global_fit_ye,GEn,Ye,4.8978,0.008554095594632553,,0.0017874142991244426,0.0017874142991244426
global_fit_ye,GEn,Ye,4.9545,0.008411550157047448,,0.0017884758544662008,0.0017884758544662008
global_fit_ye,GEn,Ye,5.0119,0.008270706025251429,,0.0017893872401847097,0.0017893872401847097
global_fit_ye,GEn,Ye,5.0699,0.008131864150442382,,0.0017902141679839814,0.0017902141679839814
global_fit_ye,GEn,Ye,5.1286,0.007994749406331615,,0.0017908956876914522,0.0017908956876914522
global_fit_ye,GEn,Ye,5.188,0.007859374919868118,,0.0017914354743307182,0.0017914354743307182
global_fit_ye,GEn,Ye,5.2481,0.007725755747381548,,0.001791832854713102,0.001791832854713102
global_fit_ye,GEn,Ye,5.3088,0.007594156727045138,,0.0017921511376513268,0.0017921511376513268
global_fit_ye,GEn,Ye,5.3703,0.007464075045242926,,0.001792274290493085,0.001792274290493085
global_fit_ye,GEn,Ye,5.4325,0.007335776544087817,,0.0017922633673295451,0.0017922633673295451
global_fit_ye,GEn,Ye,5.4954,0.007209265639972979,,0.0017921194015782667,0.0017921194015782667
global_fit_ye,GEn,Ye,5.559,0.007084546061548896,,0.0017918461128130596,0.0017918461128130596
global_fit_ye,GEn,Ye,5.6234,0.006961399736104014,,0.001791388041964613,0.001791388041964613
global_fit_ye,GEn,Ye,5.6885,0.0068400559969486185,,0.0017908041684747394,0.0017908041684747394
global_fit_ye,GEn,Ye,5.7544,0.006720304772383497,,0.0017900416374590866,0.0017900416374590866
global_fit_ye,GEn,Ye,5.821,0.006602361653587106,,0.0017891571755786052,0.0017891571755786052
global_fit_ye,GEn,Ye,5.8884,0.006486021957059617,,0.001788099242618688,0.001788099242618688
global_fit_ye,GEn,Ye,5.9566,0.006371297229532461,,0.0017868711177436679,0.0017868711177436679
global_fit_ye,GEn,Ye,6.0256,0.006258192209311466,,0.0017854750362897385,0.0017854750362897385
global_fit_ye,GEn,Ye,6.0954,0.006146710846611947,,0.0017839133830500548,0.0017839133830500548
global_fit_ye,GEn,Ye,6.166,0.006036857362288367,,0.0017821908121207013,0.0017821908121207013
global_fit_ye,GEn,Ye,6.2373,0.005928802632821046,,0.0017803600468657757,0.0017803600468657757
global_fit_ye,GEn,Ye,6.3096,0.00582203420533461,,0.0017782700286515063,0.0017782700286515063
global_fit_ye,GEn,Ye,6.3826,0.0057170620456941865,,0.0017760773163341904,0.0017760773163341904
global_fit_ye,GEn,Ye,6.4565,0.0056135532540434255,,0.0017736840532476446,0.0017736840532476446
global_fit_ye,GEn,Ye,6.5313,0.005511518127848197,,0.0017710949609540403,0.0017710949609540403
global_fit_ye,GEn,Ye,6.6069,0.005411109840511737,,0.0017683603351381619,0.0017683603351381619
global_fit_ye,GEn,Ye,6.6834,0.005312175485263629,,0.0017654375357200524,0.0017654375357200524
global_fit_ye,GEn,Ye,6.7608,0.005214719765665789,,0.0017623278843036034,0.0017623278843036034
global_fit_ye,GEn,Ye,6.8391,0.005118741081972259,,0.0017590374519389762,0.0017590374519389762
global_fit_ye,GEn,Ye,6.9183,0.005024241625132578,,0.0017555679146304603,0.0017555679146304603
global_fit_ye,GEn,Ye,6.9984,0.004931217593950633,,0.0017519254790717735,0.0017519254790717735
global_fit_ye,GEn,Ye,7.0795,0.004839541294289561,,0.0017480663981211677,0.0017480663981211677
global_fit_ye,GEn,Ye,7.1614,0.0047494608609976235,,0.0017440865342101802,0.0017440865342101802
global_fit_ye,GEn,Ye,7.2444,0.004660607887390996,,0.0017398560360445466,0.0017398560360445466
global_fit_ye,GEn,Ye,7.3282,0.004573336845994825,,0.0017355103055498385,0.0017355103055498385
global_fit_ye,GEn,Ye,7.4131,0.004487296691900157,,0.0017309239798796604,0.0017309239798796604
global_fit_ye,GEn,Ye,7.4989,0.004402713148867975,,0.0017261872805359676,0.0017261872805359676
global_fit_ye,GEn,Ye,7.5858,0.0043193667838371174,,0.001721221569392794,0.001721221569392794
global_fit_ye,GEn,Ye,7.6736,0.004237465318962703,,0.0017161142938512098,0.0017161142938512098
global_fit_ye,GEn,Ye,7.7625,0.004156799955003435,,0.0017107877886216676,0.0017107877886216676
global_fit_ye,GEn,Ye,7.8524,0.004077469916175231,,0.0017052884157065322,0.0017052884157065322
global_fit_ye,GEn,Ye,7.9433,0.003999468450826034,,0.0016996211205366639,0.0016996211205366639
global_fit_ye,GEn,Ye,8.0353,0.003922697406554166,,0.0016937515186604246,0.0016937515186604246
global_fit_ye,GEn,Ye,8.1283,0.0038472450342464737,,0.001687723889658606,0.001687723889658606
global_fit_ye,GEn,Ye,8.2224,0.003773015660364034,,0.0016815044870104909,0.0016815044870104909
global_fit_ye,GEn,Ye,8.3176,0.0037000080015645352,,0.0016750995722059005,0.0016750995722059005
global_fit_ye,GEn,Ye,8.414,0.003628136892506978,,0.0016684788690516804,0.0016684788690516804
global_fit_ye,GEn,Ye,8.5114,0.0035575601121221856,,0.0016617211914204803,0.0016617211914204803
global_fit_ye,GEn,Ye,8.6099,0.0034881885542948766,,0.0016547952484826027,0.0016547952484826027
global_fit_ye,GEn,Ye,8.7096,0.0034199427164176154,,0.001647672481712066,0.001647672481712066
global_fit_ye,GEn,Ye,8.8105,0.003352821325435798,,0.0016403586381134314,0.0016403586381134314
global_fit_ye,GEn,Ye,8.9125,0.0032868902068411182,,0.0016328957122272517,0.0016328957122272517
global_fit_ye,GEn,Ye,9.0157,0.0032220727657943367,,0.001625255112141983,0.001625255112141983
global_fit_ye,GEn,Ye,9.1201,0.003158365040715006,,0.0016174438004501119,0.0016174438004501119
global_fit_ye,GEn,Ye,9.2257,0.0030957604982999104,,0.0016094687275122147,0.0016094687275122147
global_fit_ye,GEn,Ye,9.3325,0.003034253766972071,,0.001601336317464319,0.001601336317464319
global_fit_ye,GEn,Ye,9.4406,0.002973778469341,,0.0015930211198453995,0.0015930211198453995
global_fit_ye,GEn,Ye,9.5499,0.002914388227674036,,0.001584562924938693,0.001584562924938693
global_fit_ye,GEn,Ye,9.6605,0.002856019987080982,,0.0015759367489850346,0.0015759367489850346
global_fit_ye,GEn,Ye,9.7724,0.002798668231864177,,0.0015671508947850466,0.0015671508947850466
global_fit_ye,GEn,Ye,9.8855,0.0027423801814356556,,0.0015582420654026126,0.0015582420654026126
global_fit_ye,GEn,Ye,10.0,0.002687043940277636,,0.0015491581932119253,0.0015491581932119253
global_fit_ye,GEn,Ye,10.116,0.0026326085445644415,,0.001539879893714692,0.001539879893714692
global_fit_ye,GEn,Ye,10.233,0.0025793112847830877,,0.0015305565453692315,0.0015305565453692315
global_fit_ye,GEn,Ye,10.351,0.0025271299400001076,,0.0015211917409028138,0.0015211917409028138
global_fit_ye,GEn,Ye,10.471,0.0024756008604455916,,0.0015115169912615358,0.0015115169912615358
global_fit_ye,GEn,Ye,10.593,0.002424742854348731,,0.0015015497055839461,0.0015015497055839461
global_fit_ye,GEn,Ye,10.715,0.0023754060740918083,,0.0014918276249730666,0.0014918276249730666
global_fit_ye,GEn,Ye,10.839,0.0023267218312069044,,0.0014818263302891878,0.0014818263302891878
global_fit_ye,GEn,Ye,10.965,0.0022787064676164327,,0.0014715621351650018,0.0014715621351650018
global_fit_ye,GEn,Ye,11.092,0.002231751847355626,,0.0014612979389693253,0.0014612979389693253
global_fit_ye,GEn,Ye,11.22,0.0021858343893443803,,0.001451035824160073,0.001451035824160073
global_fit_ye,GEn,Ye,11.35,0.0021405759165752224,,0.0014405392731615557,0.0014405392731615557
global_fit_ye,GEn,Ye,11.482,0.002095987622956149,,0.0014298224836749155,0.0014298224836749155
global_fit_ye,GEn,Ye,11.614,0.0020527445400403527,,0.001419360966708562,0.001419360966708562
global_fit_ye,GEn,Ye,11.749,0.0020098233921525387,,0.0014084653155729072,0.0014084653155729072
global_fit_ye,GEn,Ye,11.885,0.0019678880807569494,,0.0013976063365977126,0.0013976063365977126
global_fit_ye,GEn,Ye,12.023,0.0019266116138336978,,0.0013865671300760467,0.0013865671300760467
global_fit_ye,GEn,Ye,12.162,0.0018862928119933856,,0.0013755751122540968,0.0013755751122540968
global_fit_ye,GEn,Ye,12.303,0.0018466239405245958,,0.0013644218032143713,0.0013644218032143713
global_fit_ye,GEn,Ye,12.445,0.0018078836882875157,,0.0013533259821029875,0.0013533259821029875
global_fit_ye,GEn,Ye,12.589,0.001769782513624738,,0.0013420864290628449,0.0013420864290628449
global_fit_ye,GEn,Ye,12.735,0.0017323225892411005,,0.0013307158391535228,0.0013307158391535228
global_fit_ye,GEn,Ye,12.882,0.0016957548838906896,,0.0013194206292495912,0.0013194206292495912
global_fit_ye,GEn,Ye,13.032,0.0016595732232273649,,0.0013078200944147314,0.0013078200944147314
global_fit_ye,GEn,Ye,13.183,0.0016242687631703512,,0.0012963108388282434,0.0012963108388282434
global_fit_ye,GEn,Ye,13.335,0.0015898173567872474,,0.0012848926305506596,0.0012848926305506596
global_fit_ye,GEn,Ye,13.49,0.001555758,,0.00127320725,0.00127320725
global_fit_ye,GEn,Ye,13.646,0.0015225348660045347,,0.0012616274682532404,0.0012616274682532404
global_fit_ye,GEn,Ye,13.804,0.0014899192692153234,,0.0012499807093734852,0.0012499807093734852
global_fit_ye,GEn,Ye,13.964,0.0014579084930164301,,0.001238277410277601,0.001238277410277601
global_fit_ye,GEn,Ye,14.125,0.0014266915375727768,,0.0012266927006190664,0.0012266927006190664
global_fit_ye,GEn,Ye,14.289,0.0013958736654848482,,0.001214901609437251,0.001214901609437251
global_fit_ye,GEn,Ye,14.454,0.0013658295416607838,,0.0012032412311840902,0.0012032412311840902
global_fit_ye,GEn,Ye,14.622,0.0013361881846847606,,0.001191399660001175,0.001191399660001175
global_fit_ye,GEn,Ye,14.791,0.0013072990621509851,,0.0011796994385752536,0.0011796994385752536
global_fit_ye,GEn,Ye,14.962,0.0012789766369895646,,0.001167990381715872,0.001167990381715872
global_fit_ye,GEn,Ye,15.136,0.001251057817569456,,0.001156134629831757,0.001156134629831757
global_fit_ye,GEn,Ye,15.311,0.0012238576089281048,,0.001144434774553767,0.001144434774553767
global_fit_ye,GEn,Ye,15.488,0.00119720635677905,,0.0011327494286388436,0.0011327494286388436
global_fit_ye,GEn,Ye,15.668,0.0011709549022728563,,0.001120948740973736,0.001120948740973736
global_fit_ye,GEn,Ye,15.849,0.0011453869121768607,,0.0011093160650217824,0.0011093160650217824
global_fit_ye,GEn,Ye,16.032,0.001120347739102068,,0.0010977185515806146,0.0010977185515806146
global_fit_ye,GEn,Ye,16.218,0.0010957006858358853,,0.0010860339244888727,0.0010860339244888727
global_fit_ye,GEn,Ye,16.406,0.0010715762721533193,,0.0010744018790564594,0.0010744018790564594
global_fit_ye,GEn,Ye,16.596,0.0010479668659888852,,0.0010628282552453934,0.0010628282552453934
global_fit_ye,GEn,Ye,16.788,0.001024864197695941,,0.00105131816939293,0.00105131816939293
global_fit_ye,GEn,Ye,16.982,0.0010022602410405925,,0.0010398768720292343,0.0010398768720292343
global_fit_ye,GEn,Ye,17.179,0.0009800371456992034,,0.0010283939375392045,0.0010283939375392045
global_fit_ye,GEn,Ye,17.378,0.0009583035150674251,,0.0010169940724884545,0.0010169940724884545
global_fit_ye,GEn,Ye,17.579,0.0009370506127192708,,0.0010056813018743378,0.0010056813018743378
global_fit_ye,GEn,Ye,17.783,0.0009161708965663598,,0.0009943520724719314,0.0009943520724719314
global_fit_ye,GEn,Ye,17.989,0.0008957609428736952,,0.0009831223440262638,0.0009831223440262638
global_fit_ye,GEn,Ye,18.197,0.0008758121218548285,,0.0009719953000918956,0.0009719953000918956
global_fit_ye,GEn,Ye,18.408,0.0008562256782613078,,0.0009608737087929394,0.0009608737087929394
global_fit_ye,GEn,Ye,18.621,0.0008370884089181657,,0.0009498651467555806,0.0009498651467555806
global_fit_ye,GEn,Ye,18.836,0.0008183909526252063,,0.0009389722915282826,0.0009389722915282826
global_fit_ye,GEn,Ye,19.055,0.0007999625141581045,,0.0009280095568669278,0.0009280095568669278
global_fit_ye,GEn,Ye,19.275,0.0007820449517773807,,0.0009172672394213097,0.0009172672394213097
global_fit_ye,GEn,Ye,19.498,0.0007644696376263658,,0.000906561226477022,0.000906561226477022
global_fit_ye,GEn,Ye,19.724,0.000747235243431302,,0.0008958991502770997,0.0008958991502770997
global_fit_ye,GEn,Ye,19.953,0.0007303398160400521,,0.000885288382938198,0.000885288382938198
global_fit_ye,GEn,Ye,20.184,0.0007138493887688586,,0.0008748194145639375,0.0008748194145639375
global_fit_ye,GEn,Ye,20.417,0.0006977547233329015,,0.0008644930205453124,0.0008644930205453124
global_fit_ye,GEn,Ye,20.654,0.000681918926949328,,0.0008541498139470055,0.0008541498139470055
global_fit_ye,GEn,Ye,20.893,0.0006664689551294466,,0.00084395747613485,0.00084395747613485
global_fit_ye,GEn,Ye,21.135,0.0006513359681532442,,0.0008338396505771298,0.0008338396505771298
global_fit_ye,GEn,Ye,21.38,0.0006365167188797792,,0.0008238014916753779,0.0008238014916753779
global_fit_ye,GEn,Ye,21.627,0.0006220635462827111,,0.0008139207114049862,0.0008139207114049862
global_fit_ye,GEn,Ye,21.878,0.0006078596319064904,,0.0008040542196823321,0.0008040542196823321
global_fit_ye,GEn,Ye,22.131,0.0005940108845949987,,0.0007943503092086672,0.0007943503092086672
global_fit_ye,GEn,Ye,22.387,0.0005804578003542078,,0.0007847401784750565,0.0007847401784750565
global_fit_ye,GEn,Ye,22.646,0.0005671965211738187,,0.0007752272439931449,0.0007752272439931449
global_fit_ye,GEn,Ye,22.909,0.0005541762174314009,,0.0007657499238232419,0.0007657499238232419
global_fit_ye,GEn,Ye,23.174,0.0005414880405673702,,0.0007564425173017768,0.0007564425173017768
global_fit_ye,GEn,Ye,23.442,0.0005290793081757185,,0.0007472413367075321,0.0007472413367075321
global_fit_ye,GEn,Ye,23.714,0.0005169033937263386,,0.000738088324770146,0.000738088324770146
global_fit_ye,GEn,Ye,23.988,0.0005050419335227003,,0.0007291079456778526,0.0007291079456778526
global_fit_ye,GEn,Ye,24.266,0.0004934070969181022,,0.0007201827131688958,0.0007201827131688958
global_fit_ye,GEn,Ye,24.547,0.0004820367571595614,,0.0007113745182949612,0.0007113745182949612
global_fit_ye,GEn,Ye,24.831,0.00047092617649833026,,0.000702684723767139,0.000702684723767139
global_fit_ye,GEn,Ye,25.119,0.0004600349757119914,,0.0006940608587161751,0.0006940608587161751
global_fit_ye,GEn,Ye,25.41,0.00044939658083553583,,0.0006855599782573772,0.0006855599782573772
global_fit_ye,GEn,Ye,25.704,0.0004390060922741575,,0.0006771827468372926,0.0006771827468372926
global_fit_ye,GEn,Ye,26.002,0.00042882658454123057,,0.0006688796152756622,0.0006688796152756622
global_fit_ye,GEn,Ye,26.303,0.0004188875478318607,,0.0006607031914550881,0.0006607031914550881
global_fit_ye,GEn,Ye,26.607,0.00040918408530614674,,0.0006526534211751485,0.0006526534211751485
global_fit_ye,GEn,Ye,26.915,0.00039968232723818105,,0.0006446836177277287,0.0006446836177277287
global_fit_ye,GEn,Ye,27.227,0.00039038047166318313,,0.0006367965951172031,0.0006367965951172031
global_fit_ye,GEn,Ye,27.542,0.00038130341812644747,,0.0006290396675591285,0.0006290396675591285
global_fit_ye,GEn,Ye,27.861,0.00037242021958879305,,0.0006213685453715531,0.0006213685453715531
global_fit_ye,GEn,Ye,28.184,0.0003637286042500978,,0.0006137852305667943,0.0006137852305667943
global_fit_ye,GEn,Ye,28.51,0.0003552504999716563,,0.0006063334026697323,0.0006063334026697323
global_fit_ye,GEn,Ye,28.84,0.00034695755087737367,,0.0005989709211780771,0.0005989709211780771
global_fit_ye,GEn,Ye,29.174,0.0003388473084975105,,0.0005916995144577325,0.0005916995144577325
global_fit_ye,GEn,Ye,29.512,0.00033091718098547304,,0.0005845201294288323,0.0005845201294288323
global_fit_ye,GEn,Ye,29.854,0.00032316455767247344,,0.0005774335454670191,0.0005774335454670191
global_fit_ye,GEn,Ye,30.2,0.00031558681268637585,,0.0005704414393924566,0.0005704414393924566
global_fit_ye,GEn,Ye,30.549,0.00030820082027963004,,0.0005635797550467337,0.0005635797550467337
global_fit_ye,GEn,Ye,30.903,0.00030096373217910886,,0.0005567763496994511,0.0005567763496994511
global_fit_ye,GEn,Ye,31.261,0.0002938931395731615,,0.0005500677796797683,0.0005500677796797683
global_fit_ye,GEn,Ye,31.623,0.0002869861307771691,,0.000543454578791033,0.000543454578791033
global_fit_ye,GEn,Ye,31.989,0.00028023981880865835,,0.0005369361822231399,0.0005369361822231399
global_fit_ye,GEn,Ye,32.359,0.00027365125042421015,,0.0005305124244713539,0.0005305124244713539
global_fit_ye,GEn,Ye,32.734,0.0002672016180321519,,0.0005241516958101685,0.0005241516958101685
global_fit_ye,GEn,Ye,33.113,0.00026090498250627036,,0.0005178864294121606,0.0005178864294121606
global_fit_ye,GEn,Ye,33.497,0.00025474350559752417,,0.0005116853532542318,0.0005116853532542318
global_fit_ye,GEn,Ye,33.884,0.0002487444216471221,,0.0005056084792665025,0.0005056084792665025
global_fit_ye,GEn,Ye,34.277,0.00024286160746055297,,0.0004995666591290139,0.0004995666591290139
global_fit_ye,GEn,Ye,34.674,0.00023712178918063593,,0.0004936194368089001,0.0004936194368089001
global_fit_ye,GEn,Ye,35.075,0.0002315218844304596,,0.000487764451932191,0.000487764451932191
global_fit_ye,GEn,Ye,35.481,0.0002260464242012218,,0.0004819739485096296,0.0004819739485096296
global_fit_ye,GEn,Ye,35.892,0.00022069363907437133,,0.0004762489923127962,0.0004762489923127962
global_fit_ye,GEn,Ye,36.308,0.00021546178120366663,,0.00047058903917382894,0.00047058903917382894
global_fit_ye,GEn,Ye,36.728,0.00021036032429716989,,0.0004650191058551348,0.0004650191058551348
global_fit_ye,GEn,Ye,37.154,0.0002053645212182321,,0.0004594886988143851,0.0004594886988143851
global_fit_ye,GEn,Ye,37.584,0.00020049456639210122,,0.00045404703165885453,0.00045404703165885453
global_fit_ye,GEn,Ye,38.019,0.00019573738141307108,,0.0004486689825472295,0.0004486689825472295
global_fit_ye,GEn,Ye,38.459,0.0001910910278761925,,0.0004433539166596832,0.0004433539166596832
global_fit_ye,GEn,Ye,38.905,0.00018654412887235395,,0.000438079086876974,0.000438079086876974
global_fit_ye,GEn,Ye,39.355,0.00018211393636843935,,0.00043288829774915403,0.00043288829774915403
global_fit_ye,GEn,Ye,39.811,0.000177779898644396,,0.0004277378154814749,0.0004277378154814749
global_fit_ye,GEn,Ye,40.272,0.00017354946671793484,,0.0004226481872018426,0.0004226481872018426
global_fit_ye,GEn,Ye,40.738,0.00016942063712959706,,0.00041761880972071016,0.00041761880972071016
global_fit_ye,GEn,Ye,41.21,0.00016538345785297142,,0.00041262853556483435,0.00041262853556483435
global_fit_ye,GEn,Ye,41.687,0.00016144437109236304,,0.0004076974202087177,0.0004076974202087177
global_fit_ye,GEn,Ye,42.17,0.00015759403308129941,,0.00040280500897810965,0.00040280500897810965
global_fit_ye,GEn,Ye,42.658,0.00015383824003225582,,0.00039796992675962664,0.00039796992675962664
global_fit_ye,GEn,Ye,43.152,0.00015016812110069653,,0.00039317296778657094,0.00039317296778657094
global_fit_ye,GEn,Ye,43.652,0.00014658238430963975,,0.0003884139123936224,0.0003884139123936224
global_fit_ye,GEn,Ye,44.157,0.00014308605883702938,,0.0003837094256737204,0.0003837094256737204
global_fit_ye,GEn,Ye,44.668,0.000139670972245438,,0.0003790419525646423,0.0003790419525646423
global_fit_ye,GEn,Ye,45.186,0.00013632978634346178,,0.00037439433304796633,0.00037439433304796633
global_fit_ye,GEn,Ye,45.709,0.00013307327120279256,,0.00036979952390282507,0.00036979952390282507
global_fit_ye,GEn,Ye,46.238,0.00012989384025723552,,0.00036524009537209636,0.00036524009537209636
global_fit_ye,GEn,Ye,46.774,0.00012678473627135287,,0.0003607006538524047,0.0003607006538524047
global_fit_ye,GEn,Ye,47.315,0.0001237554236354753,,0.00035621133635445497,0.00035621133635445497
global_fit_ye,GEn,Ye,47.863,0.00012079398652789531,,0.0003517415602004236,0.0003517415602004236
global_fit_ye,GEn,Ye,48.417,0.00011790431298704664,,0.00034730601670858024,0.00034730601670858024
global_fit_ye,GEn,Ye,48.978,0.00011508032037884516,,0.00034289005051479357,0.00034289005051479357
global_fit_ye,GEn,Ye,49.545,0.00011232553825455354,,0.00033850775788281276,0.00033850775788281276
global_fit_ye,GEn,Ye,50.119,0.00010963419413712764,,0.00033414526000904646,0.00033414526000904646
global_fit_ye,GEn,Ye,50.699,0.00010700947299649363,,0.0003298158756516984,0.0003298158756516984
global_fit_ye,GEn,Ye,51.286,0.00010444588259098509,,0.00032550609631211837,0.00032550609631211837
global_fit_ye,GEn,Ye,51.88,0.00010194242073847197,,0.00032121667546911395,0.00032121667546911395
global_fit_ye,GEn,Ye,52.481,9.949806850339733e-05,,0.0003169474656991664,0.0003169474656991664
global_fit_ye,GEn,Ye,53.088,9.7115368627046e-05,,0.0003127107091160151,0.0003127107091160151
global_fit_ye,GEn,Ye,53.703,9.478594986540493e-05,,0.00030848297386872064,0.00030848297386872064
global_fit_ye,GEn,Ye,54.325,9.251246914578973e-05,,0.00030427665743139955,0.00030427665743139955
global_fit_ye,GEn,Ye,54.954,9.029385542482296e-05,,0.00030009175864223237,0.00030009175864223237
global_fit_ye,GEn,Ye,55.59,8.812905121951986e-05,,0.0002959288014600796,0.0002959288014600796
global_fit_ye,GEn,Ye,56.234,8.601397620938482e-05,,0.00029177790613643006,0.00029177790613643006
global_fit_ye,GEn,Ye,56.885,8.39507582730506e-05,,0.00028765021850121807,0.00028765021850121807
global_fit_ye,GEn,Ye,57.544,8.193553385776237e-05,,0.0002835365243472733,0.0002835365243472733
global_fit_ye,GEn,Ye,58.21,7.997022162387559e-05,,0.00027944713308666647,0.00027944713308666647
global_fit_ye,GEn,Ye,58.884,7.805113669517235e-05,,0.0002753737459713706,0.0002753737459713706
global_fit_ye,GEn,Ye,59.566,7.617748217623356e-05,,0.00027131727838194215,0.00027131727838194215
global_fit_ye,GEn,Ye,60.256,7.434845148345698e-05,,0.00026727917133242805,0.00026727917133242805
global_fit_ye,GEn,Ye,60.954,7.256323046451798e-05,,0.00026326066544984797,0.00026326066544984797
global_fit_ye,GEn,Ye,61.66,7.08209993740644e-05,,0.0002592632055403152,0.0002592632055403152
global_fit_ye,GEn,Ye,62.373,6.912313882460793e-05,,0.00025529625219417284,0.00025529625219417284
global_fit_ye,GEn,Ye,63.096,6.746223569042044e-05,,0.00025133681464082155,0.00025133681464082155
global_fit_ye,GEn,Ye,63.826,6.58440383083282e-05,,0.0002474107535883658,0.0002474107535883658
global_fit_ye,GEn,Ye,64.565,6.426356116368879e-05,,0.00024350410678916252,0.00024350410678916252
global_fit_ye,GEn,Ye,65.313,6.272020006740346e-05,,0.00023961884500188363,0.00023961884500188363
global_fit_ye,GEn,Ye,66.069,6.121516081817776e-05,,0.0002357644415686171,0.0002357644415686171
global_fit_ye,GEn,Ye,66.834,5.974583385217748e-05,,0.00023193558020878497,0.00023193558020878497
global_fit_ye,GEn,Ye,67.608,5.831158281914716e-05,,0.00022813446783416576,0.00022813446783416576
global_fit_ye,GEn,Ye,68.391,5.691176546021759e-05,,0.00022436356691275436,0.00022436356691275436
global_fit_ye,GEn,Ye,69.183,5.554574548656091e-05,,0.00022062514238687747,0.00022062514238687747
global_fit_ye,GEn,Ye,69.984,5.421286260670172e-05,,0.00021692147269840778,0.00021692147269840778
global_fit_ye,GEn,Ye,70.795,5.2910985820795825e-05,,0.00021324906860672291,0.00021324906860672291
global_fit_ye,GEn,Ye,71.614,5.164246588773969e-05,,0.00020962247260598204,0.00020962247260598204
global_fit_ye,GEn,Ye,72.444,5.040238207702884e-05,,0.0002060267812010382,0.0002060267812010382
global_fit_ye,GEn,Ye,73.282,4.919434558925119e-05,,0.0002024817210005176,0.0002024817210005176
global_fit_ye,GEn,Ye,74.131,4.801372092429614e-05,,0.00019897350043311386,0.00019897350043311386
global_fit_ye,GEn,Ye,74.989,4.686259838871257e-05,,0.00019551590403479543,0.00019551590403479543
global_fit_ye,GEn,Ye,75.858,4.5737937375764885e-05,,0.0001921014866002199,0.0001921014866002199
global_fit_ye,GEn,Ye,76.736,4.464164947530628e-05,,0.0001887433300140132,0.0001887433300140132
global_fit_ye,GEn,Ye,77.625,4.357085389812708e-05,,0.00018543478502886938,0.00018543478502886938
global_fit_ye,GEn,Ye,78.524,4.252622632021162e-05,,0.00018218383816330456,0.00018218383816330456
global_fit_ye,GEn,Ye,79.433,4.1507231167113474e-05,,0.0001789934348864138,0.0001789934348864138
global_fit_ye,GEn,Ye,80.353,4.051234254207104e-05,,0.00017586252692452963,0.00017586252692452963
global_fit_ye,GEn,Ye,81.283,3.9542097784160226e-05,,0.00017279875533967738,0.00017279875533967738
global_fit_ye,GEn,Ye,82.224,3.859504798020643e-05,,0.00016980113134581164,0.00016980113134581164
global_fit_ye,GEn,Ye,83.176,3.7670761001344626e-05,,0.0001668731474399583,0.0001668731474399583
global_fit_ye,GEn,Ye,84.14,3.6767935723514984e-05,,0.00016401456131292036,0.00016401456131292036
global_fit_ye,GEn,Ye,85.114,3.588790684046407e-05,,0.00016123672661156593,0.00016123672661156593
global_fit_ye,GEn,Ye,86.099,3.502934612678047e-05,,0.00015853925732690658,0.00015853925732690658
global_fit_ye,GEn,Ye,87.096,3.4191044378241796e-05,,0.00015592237328499508,0.00015592237328499508
global_fit_ye,GEn,Ye,88.105,3.337264063089886e-05,,0.00015338995384534234,0.00015338995384534234
global_fit_ye,GEn,Ye,89.125,3.2574520666973325e-05,,0.00015094952891454784,0.00015094952891454784
global_fit_ye,GEn,Ye,90.157,3.1795533771195344e-05,,0.0001486016537030411,0.0001486016537030411
global_fit_ye,GEn,Ye,91.201,3.103533664839941e-05,,0.00014635069991942182,0.00014635069991942182
global_fit_ye,GEn,Ye,92.257,3.029355370018866e-05,,0.0001442008970367944,0.0001442008970367944
global_fit_ye,GEn,Ye,93.325,2.9569832467102943e-05,,0.00014215694649725988,0.00014215694649725988
global_fit_ye,GEn,Ye,94.406,2.8863206910402492e-05,,0.0001402206014665113,0.0001402206014665113
global_fit_ye,GEn,Ye,95.499,2.817396191292619e-05,,0.0001383999505464661,0.0001383999505464661
global_fit_ye,GEn,Ye,96.605,2.7501161432893257e-05,,0.0001366973487008678,0.0001366973487008678
global_fit_ye,GEn,Ye,97.724,2.6844517038400066e-05,,0.00013511869338290975,0.00013511869338290975
global_fit_ye,GEn,Ye,98.855,2.62042430416736e-05,,0.00013367273669690288,0.00013367273669690288
global_fit_ye,GEn,Ye,100.0,2.5578960537960238e-05,,0.00013236062738194993,0.00013236062738194993
global_fit_ye,GEn,Ye,101.16,2.4967931086541692e-05,,0.00013086138736403768,0.00013086138736403768
global_fit_ye,GEn,Ye,102.33,2.437331897392256e-05,,0.0001293204769777491,0.0001293204769777491
global_fit_ye,GEn,Ye,103.51,2.3794663713640904e-05,,0.00012774816411786457,0.00012774816411786457
global_fit_ye,GEn,Ye,104.71,2.322710977646722e-05,,0.0001261287332173866,0.0001261287332173866
global_fit_ye,GEn,Ye,105.93,2.2670686031175828e-05,,0.0001244706270780701,0.0001244706270780701
global_fit_ye,GEn,Ye,107.15,2.213359838964114e-05,,0.0001228267208534705,0.0001228267208534705
global_fit_ye,GEn,Ye,108.39,2.160705851727449e-05,,0.000121155590705052,0.000121155590705052
global_fit_ye,GEn,Ye,109.65,2.1091061789640694e-05,,0.00011946271364558516,0.00011946271364558516
global_fit_ye,GEn,Ye,110.92,2.0589271206662948e-05,,0.00011777419977594716,0.00011777419977594716
global_fit_ye,GEn,Ye,112.2,2.0101270597043778e-05,,0.00011609279609373468,0.00011609279609373468
global_fit_ye,GEn,Ye,113.5,1.9623207617407094e-05,,0.00011440075794369271,0.00011440075794369271
global_fit_ye,GEn,Ye,114.82,1.915504560891956e-05,,0.00011270162816928631,0.00011270162816928631
global_fit_ye,GEn,Ye,116.14,1.870313176451675e-05,,0.00011103661141331363,0.00011103661141331363
global_fit_ye,GEn,Ye,117.49,1.8257462397754246e-05,,0.00010935000772300813,0.00010935000772300813
global_fit_ye,GEn,Ye,118.85,1.7824273177657877e-05,,0.00010768203037965345,0.00010768203037965345
global_fit_ye,GEn,Ye,120.23,1.7400297679204314e-05,,0.00010601596940224236,0.00010601596940224236
global_fit_ye,GEn,Ye,121.62,1.698823420806646e-05,,0.0001043711288022652,0.0001043711288022652
global_fit_ye,GEn,Ye,123.03,1.6585033805377563e-05,,0.0001027314464503994,0.0001027314464503994
global_fit_ye,GEn,Ye,124.45,1.619319730572288e-05,,0.00010111486117201108,0.00010111486117201108
global_fit_ye,GEn,Ye,125.89,1.5809869258951454e-05,,9.950602671273728e-05,9.950602671273728e-05
global_fit_ye,GEn,Ye,127.35,1.543496062005723e-05,,9.790638197082232e-05,9.790638197082232e-05
global_fit_ye,GEn,Ye,128.82,1.5070699404719422e-05,,9.633225428870458e-05,9.633225428870458e-05
global_fit_ye,GEn,Ye,130.32,1.471225229857853e-05,,9.475465571510341e-05,9.475465571510341e-05
global_fit_ye,GEn,Ye,131.83,1.4364093149167374e-05,,9.320410523647844e-05,9.320410523647844e-05
global_fit_ye,GEn,Ye,133.35,1.4025877734621708e-05,,9.168041892482627e-05,9.168041892482627e-05
global_fit_ye,GEn,Ye,134.9,1.3693245799183132e-05,,9.015682135906359e-05,9.015682135906359e-05
global_fit_ye,GEn,Ye,136.46,1.3370201571313481e-05,,8.866112693275631e-05,8.866112693275631e-05
global_fit_ye,GEn,Ye,138.04,1.3054541170359546e-05,,8.718043607109811e-05,8.718043607109811e-05
global_fit_ye,GEn,Ye,139.64,1.2746155002843547e-05,,8.571545578518969e-05,8.571545578518969e-05
global_fit_ye,GEn,Ye,141.25,1.2446678725730921e-05,,8.427869926987635e-05,8.427869926987635e-05
global_fit_ye,GEn,Ye,142.89,1.2152432017229072e-05,,8.284659144385132e-05,8.284659144385132e-05
global_fit_ye,GEn,Ye,144.54,1.1866740482934936e-05,,8.144308419989276e-05,8.144308419989276e-05
global_fit_ye,GEn,Ye,146.22,1.1586158326446499e-05,,8.004585243270802e-05,8.004585243270802e-05
global_fit_ye,GEn,Ye,147.91,1.1313782445110546e-05,,7.86773691758644e-05,7.86773691758644e-05
global_fit_ye,GEn,Ye,149.62,1.1047858485252041e-05,,7.732679179664467e-05,7.732679179664467e-05
global_fit_ye,GEn,Ye,151.36,1.0786846323783017e-05,,7.598436210833447e-05,7.598436210833447e-05
global_fit_ye,GEn,Ye,153.11,1.0533515113087361e-05,,7.467065940834176e-05,7.467065940834176e-05
global_fit_ye,GEn,Ye,154.88,1.0286274977494138e-05,,7.33755342337226e-05,7.33755342337226e-05
global_fit_ye,GEn,Ye,156.68,1.00437311453783e-05,,7.209003359131397e-05,7.209003359131397e-05
global_fit_ye,GEn,Ye,158.49,9.808354045273474e-06,,7.083281412559024e-05,7.083281412559024e-05
global_fit_ye,GEn,Ye,160.32,9.578707606715878e-06,,6.959458712446469e-05,6.959458712446469e-05
global_fit_ye,GEn,Ye,162.18,9.353519696214308e-06,,6.836697127666184e-05,6.836697127666184e-05
global_fit_ye,GEn,Ye,164.06,9.133901137666801e-06,,6.715891012570044e-05,6.715891012570044e-05
global_fit_ye,GEn,Ye,165.96,8.919729405735878e-06,,6.597032955842952e-05,6.597032955842952e-05
global_fit_ye,GEn,Ye,167.88,8.710881301481477e-06,,6.480124446513721e-05,6.480124446513721e-05
global_fit_ye,GEn,Ye,169.82,8.507238478645653e-06,,6.365153997504903e-05,6.365153997504903e-05
global_fit_ye,GEn,Ye,171.79,8.307717080613316e-06,,6.251388887712665e-05,6.251388887712665e-05
global_fit_ye,GEn,Ye,173.78,8.11322949564016e-06,,6.139586367023661e-05,6.139586367023661e-05
global_fit_ye,GEn,Ye,175.79,7.923656340071744e-06,,6.029731656300909e-05,6.029731656300909e-05
global_fit_ye,GEn,Ye,177.83,7.738014702327273e-06,,5.921145313375309e-05,5.921145313375309e-05
global_fit_ye,GEn,Ye,179.89,7.557112202281309e-06,,5.814512016362341e-05,5.814512016362341e-05
global_fit_ye,GEn,Ye,181.97,7.380833316632695e-06,,5.709811628990909e-05,5.709811628990909e-05
global_fit_ye,GEn,Ye,184.08,7.208282776814841e-06,,5.606417719614098e-05,5.606417719614098e-05
global_fit_ye,GEn,Ye,186.21,7.040180082384753e-06,,5.5049476823183335e-05,5.5049476823183335e-05
global_fit_ye,GEn,Ye,188.36,6.876413029501287e-06,,5.405377347191967e-05,5.405377347191967e-05
global_fit_ye,GEn,Ye,190.55,6.71546277574161e-06,,5.306573327287543e-05,5.306573327287543e-05
global_fit_ye,GEn,Ye,192.75,6.55940237468946e-06,,5.21022255523637e-05,5.21022255523637e-05
global_fit_ye,GEn,Ye,194.98,6.406738963223568e-06,,5.1152019060997e-05,5.1152019060997e-05
global_fit_ye,GEn,Ye,197.24,6.257433108661581e-06,,5.021529971421516e-05,5.021529971421516e-05
global_fit_ye,GEn,Ye,199.53,6.1114405803826445e-06,,4.9292211653746214e-05,4.9292211653746214e-05
global_fit_ye,GEn,Ye,201.84,5.969310847786743e-06,,4.838766234338399e-05,4.838766234338399e-05
global_fit_ye,GEn,Ye,204.17,5.830933765039709e-06,,4.750131909054754e-05,4.750131909054754e-05
global_fit_ye,GEn,Ye,206.54,5.695107601088992e-06,,4.6623850979787285e-05,4.6623850979787285e-05
global_fit_ye,GEn,Ye,208.93,5.562905938441786e-06,,4.576447104641202e-05,4.576447104641202e-05
global_fit_ye,GEn,Ye,211.35,5.433713712659767e-06,,4.4918578510053e-05,4.4918578510053e-05
global_fit_ye,GEn,Ye,213.8,5.307482740873901e-06,,4.408622320665115e-05,4.408622320665115e-05
global_fit_ye,GEn,Ye,216.27,5.1846417820894836e-06,,4.3271379695198486e-05,4.3271379695198486e-05
global_fit_ye,GEn,Ye,218.78,5.064171956734821e-06,,4.246596521065537e-05,4.246596521065537e-05
global_fit_ye,GEn,Ye,221.31,4.946962014822732e-06,,4.16777981166627e-05,4.16777981166627e-05
global_fit_ye,GEn,Ye,223.87,4.8324866347322866e-06,,4.090288036188247e-05,4.090288036188247e-05
global_fit_ye,GEn,Ye,226.46,4.720694822246475e-06,,4.0141156598310004e-05,4.0141156598310004e-05
global_fit_ye,GEn,Ye,229.09,4.6111378519255774e-06,,3.938914023508541e-05,3.938914023508541e-05
global_fit_ye,GEn,Ye,231.74,4.504580593684388e-06,,3.865371971324377e-05,3.865371971324377e-05
global_fit_ye,GEn,Ye,234.42,4.40055775015011e-06,,3.79312792611774e-05,3.79312792611774e-05
global_fit_ye,GEn,Ye,237.14,4.298658944085541e-06,,3.721859656939184e-05,3.721859656939184e-05
global_fit_ye,GEn,Ye,239.88,4.199567928006818e-06,,3.6521922554709457e-05,3.6521922554709457e-05
global_fit_ye,GEn,Ye,242.66,4.102524520231758e-06,,3.583495789877738e-05,3.583495789877738e-05
global_fit_ye,GEn,Ye,245.47,4.007838633364028e-06,,3.5160731121425705e-05,3.5160731121425705e-05
global_fit_ye,GEn,Ye,248.31,3.915459895538079e-06,,3.449908278311393e-05,3.449908278311393e-05
global_fit_ye,GEn,Ye,251.19,3.8250345920429115e-06,,3.384718561481372e-05,3.384718561481372e-05
global_fit_ye,GEn,Ye,254.1,3.7368368333616776e-06,,3.32077585744834e-05,3.32077585744834e-05
global_fit_ye,GEn,Ye,257.04,3.650816469240169e-06,,3.2580619702133945e-05,3.2580619702133945e-05
global_fit_ye,GEn,Ye,260.02,3.566650318655085e-06,,3.1963162541860815e-05,3.1963162541860815e-05
global_fit_ye,GEn,Ye,263.03,3.4845809642892626e-06,,3.135782036402256e-05,3.135782036402256e-05
global_fit_ye,GEn,Ye,266.07,3.4045591414843685e-06,,3.076440974708098e-05,3.076440974708098e-05
global_fit_ye,GEn,Ye,269.15,3.326290471390177e-06,,3.0180515444849494e-05,3.0180515444849494e-05
global_fit_ye,GEn,Ye,272.27,3.249750968088545e-06,,2.960615246873697e-05,2.960615246873697e-05
global_fit_ye,GEn,Ye,275.42,3.1751470851079983e-06,,2.9043432808596413e-05,2.9043432808596413e-05
global_fit_ye,GEn,Ye,278.61,3.102208770259943e-06,,2.8490121103113096e-05,2.8490121103113096e-05
global_fit_ye,GEn,Ye,281.84,3.030911692097036e-06,,2.7946193826409834e-05,2.7946193826409834e-05
global_fit_ye,GEn,Ye,285.1,2.961437437072344e-06,,2.741356014581551e-05,2.741356014581551e-05
global_fit_ye,GEn,Ye,288.4,2.8935390741710634e-06,,2.689014058369736e-05,2.689014058369736e-05
global_fit_ye,GEn,Ye,291.74,2.827191252376698e-06,,2.6375892557441135e-05,2.6375892557441135e-05
global_fit_ye,GEn,Ye,295.12,2.762367018173646e-06,,2.5870776280124605e-05,2.5870776280124605e-05
global_fit_ye,GEn,Ye,298.54,2.699041402112912e-06,,2.537473159925712e-05,2.537473159925712e-05
global_fit_ye,GEn,Ye,302.0,2.6371873791518645e-06,,2.488769097318145e-05,2.488769097318145e-05
global_fit_ye,GEn,Ye,305.49,2.5769455150917607e-06,,2.441117983405013e-05,2.441117983405013e-05
global_fit_ye,GEn,Ye,309.03,2.5179477442570936e-06,,2.394187474128577e-05,2.394187474128577e-05
global_fit_ye,GEn,Ye,312.61,2.4603403304734117e-06,,2.348134928417384e-05,2.348134928417384e-05
global_fit_ye,GEn,Ye,316.23,2.40409683377094e-06,,2.302950603253346e-05,2.302950603253346e-05
global_fit_ye,GEn,Ye,319.89,2.3491892892070346e-06,,2.2586248319296827e-05,2.2586248319296827e-05
global_fit_ye,GEn,Ye,323.59,2.2955912991372392e-06,,2.2151480123369212e-05,2.2151480123369212e-05
global_fit_ye,GEn,Ye,327.34,2.243138803626878e-06,,2.1723772119135394e-05,2.1723772119135394e-05
global_fit_ye,GEn,Ye,331.13,2.1919511713283125e-06,,2.130443050972503e-05,2.130443050972503e-05
global_fit_ye,GEn,Ye,334.97,2.141873326178365e-06,,2.089208614969536e-05,2.089208614969536e-05
global_fit_ye,GEn,Ye,338.84,2.093138502692709e-06,,2.0489158226321053e-05,2.0489158226321053e-05
global_fit_ye,GEn,Ye,342.77,2.045348978401748e-06,,2.0091903064916132e-05,2.0091903064916132e-05
global_fit_ye,GEn,Ye,346.74,1.9987332937642986e-06,,1.9702686176391815e-05,1.9702686176391815e-05
global_fit_ye,GEn,Ye,350.75,1.953264213678552e-06,,1.932137367804818e-05,1.932137367804818e-05
global_fit_ye,GEn,Ye,354.81,1.908807504999839e-06,,1.8946769319269206e-05,1.8946769319269206e-05
global_fit_ye,GEn,Ye,358.92,1.8653484098007217e-06,,1.8578851546351625e-05,1.8578851546351625e-05
global_fit_ye,GEn,Ye,363.08,1.8228706175387561e-06,,1.8217572360429907e-05,1.8217572360429907e-05
global_fit_ye,GEn,Ye,367.28,1.7814558739742354e-06,,1.7863860660060786e-05,1.7863860660060786e-05
global_fit_ye,GEn,Ye,371.54,1.7408900298359898e-06,,1.751569363692825e-05,1.751569363692825e-05
global_fit_ye,GEn,Ye,375.84,1.7013477358163782e-06,,1.7174935945808976e-05,1.7174935945808976e-05
global_fit_ye,GEn,Ye,380.19,1.6627160138955965e-06,,1.684055122793351e-05,1.684055122793351e-05
global_fit_ye,GEn,Ye,384.59,1.6249782138947617e-06,,1.6512480640571902e-05,1.6512480640571902e-05
global_fit_ye,GEn,Ye,389.05,1.5880364468241029e-06,,1.6189830451849777e-05,1.6189830451849777e-05
global_fit_ye,GEn,Ye,393.55,1.552039653610552e-06,,1.5874217836407476e-05,1.5874217836407476e-05
global_fit_ye,GEn,Ye,398.11,1.5168109316370257e-06,,1.5563932235066614e-05,1.5563932235066614e-05
global_fit_ye,GEn,Ye,402.72,1.4824146818285752e-06,,1.525972954215153e-05,1.525972954215153e-05
global_fit_ye,GEn,Ye,407.38,1.4488344771868756e-06,,1.4961526180609219e-05,1.4961526180609219e-05
global_fit_ye,GEn,Ye,412.1,1.4159847216972288e-06,,1.4668532023883715e-05,1.4668532023883715e-05
global_fit_ye,GEn,Ye,416.87,1.3839217696364242e-06,,1.4381419968045019e-05,1.4381419968045019e-05
global_fit_ye,GEn,Ye,421.7,1.3525651429198775e-06,,1.4099431432541156e-05,1.4099431432541156e-05
global_fit_ye,GEn,Ye,426.58,1.3219660490155494e-06,,1.382318867411548e-05,1.382318867411548e-05
global_fit_ye,GEn,Ye,431.52,1.2920480539018915e-06,,1.3551972308831951e-05,1.3551972308831951e-05
global_fit_ye,GEn,Ye,436.52,1.2628010022587589e-06,,1.3285747279745896e-05,1.3285747279745896e-05
global_fit_ye,GEn,Ye,441.57,1.234269525553859e-06,,1.3025065993735062e-05,1.3025065993735062e-05
global_fit_ye,GEn,Ye,446.68,1.2063834696062804e-06,,1.2769260040787583e-05,1.2769260040787583e-05
global_fit_ye,GEn,Ye,451.86,1.179079425516458e-06,,1.2517728925176728e-05,1.2517728925176728e-05
global_fit_ye,GEn,Ye,457.09,1.1524526951509497e-06,,1.2271553110007575e-05,1.2271553110007575e-05
global_fit_ye,GEn,Ye,462.38,1.126438078436689e-06,,1.2030108409897141e-05,1.2030108409897141e-05
global_fit_ye,GEn,Ye,467.74,1.1009774655907862e-06,,1.1792840177182566e-05,1.1792840177182566e-05
global_fit_ye,GEn,Ye,473.15,1.0761550687126357e-06,,1.156071502567338e-05,1.156071502567338e-05
global_fit_ye,GEn,Ye,478.63,1.051867172513734e-06,,1.13326825627397e-05,1.13326825627397e-05
global_fit_ye,GEn,Ye,484.17,1.0281494311337323e-06,,1.1109185033757743e-05,1.1109185033757743e-05
global_fit_ye,GEn,Ye,489.78,1.0049493169498944e-06,,1.0889717667450555e-05,1.0889717667450555e-05
global_fit_ye,GEn,Ye,495.45,9.822994796668534e-07,,1.067468765203834e-05,1.067468765203834e-05
global_fit_ye,GEn,Ye,501.19,9.601496524801688e-07,,1.0463609237676266e-05,1.0463609237676266e-05
global_fit_ye,GEn,Ye,506.99,9.385297695380834e-07,,1.0256861538142815e-05,1.0256861538142815e-05
global_fit_ye,GEn,Ye,512.86,9.173925380840525e-07,,1.005397936478078e-05,1.005397936478078e-05
global_fit_ye,GEn,Ye,518.8,8.96730117207203e-07,,9.854934574294638e-06,9.854934574294638e-06
global_fit_ye,GEn,Ye,524.81,8.765347294068138e-07,,9.659686709034309e-06,9.659686709034309e-06
global_fit_ye,GEn,Ye,530.88,8.568307194436024e-07,,9.468554801297614e-06,9.468554801297614e-06
global_fit_ye,GEn,Ye,537.03,8.375443734398152e-07,,9.280774043566641e-06,9.280774043566641e-06
global_fit_ye,GEn,Ye,543.25,8.187010083192327e-07,,9.096668784030369e-06,9.096668784030369e-06
global_fit_ye,GEn,Ye,549.54,8.002925286160249e-07,,8.91619562955255e-06,8.91619562955255e-06
global_fit_ye,GEn,Ye,555.9,7.823106411356662e-07,,8.739306204129498e-06,8.739306204129498e-06
global_fit_ye,GEn,Ye,562.34,7.647200436312176e-07,,8.565649804245512e-06,8.565649804245512e-06
global_fit_ye,GEn,Ye,568.85,7.475415843479784e-07,,8.395500230984971e-06,8.395500230984971e-06
global_fit_ye,GEn,Ye,575.44,7.307415177832115e-07,,8.228520534667656e-06,8.228520534667656e-06
global_fit_ye,GEn,Ye,582.1,7.143385776264151e-07,,8.064961930279908e-06,8.064961930279908e-06
global_fit_ye,GEn,Ye,588.84,6.983009893691601e-07,,7.904502515006344e-06,7.904502515006344e-06
global_fit_ye,GEn,Ye,595.66,6.826228109218285e-07,,7.747114402178117e-06,7.747114402178117e-06
global_fit_ye,GEn,Ye,602.56,6.672981507062032e-07,,7.592766189123049e-06,7.592766189123049e-06
global_fit_ye,GEn,Ye,609.54,6.523208979201244e-07,,7.441424663769173e-06,7.441424663769173e-06
global_fit_ye,GEn,Ye,616.6,6.376850188509739e-07,,7.293054982897478e-06,7.293054982897478e-06
global_fit_ye,GEn,Ye,623.73,6.234043934612609e-07,,7.1478484788990605e-06,7.1478484788990605e-06
global_fit_ye,GEn,Ye,630.96,6.094129978533815e-07,,7.005083365846776e-06,7.005083365846776e-06
global_fit_ye,GEn,Ye,638.26,5.95764334061633e-07,,6.865407587040637e-06,6.865407587040637e-06
global_fit_ye,GEn,Ye,645.65,5.824143883742167e-07,,6.728342952900201e-06,6.728342952900201e-06
global_fit_ye,GEn,Ye,653.13,5.693587001963788e-07,,6.59386945425546e-06,6.59386945425546e-06
global_fit_ye,GEn,Ye,660.69,5.566096513073173e-07,,6.462159264799107e-06,6.462159264799107e-06
global_fit_ye,GEn,Ye,668.34,5.441447320411397e-07,,6.332978637988276e-06,6.332978637988276e-06
global_fit_ye,GEn,Ye,676.08,5.319592574457623e-07,,6.206303776147073e-06,6.206303776147073e-06
global_fit_ye,GEn,Ye,683.91,5.200485880546116e-07,,6.0821059643218605e-06,6.0821059643218605e-06
global_fit_ye,GEn,Ye,691.83,5.084080251731732e-07,,5.9603563000678355e-06,5.9603563000678355e-06
global_fit_ye,GEn,Ye,699.84,4.970326177794751e-07,,5.841025707540645e-06,5.841025707540645e-06
global_fit_ye,GEn,Ye,707.95,4.859040860455276e-07,,5.723921399256575e-06,5.723921399256575e-06
global_fit_ye,GEn,Ye,716.14,4.7504531462189535e-07,,5.609338344465222e-06,5.609338344465222e-06
global_fit_ye,GEn,Ye,724.44,4.6441178451862443e-07,,5.496774593385986e-06,5.496774593385986e-06
global_fit_ye,GEn,Ye,732.82,4.5403829694016763e-07,,5.3866654509279215e-06,5.3866654509279215e-06
global_fit_ye,GEn,Ye,741.31,4.438827232314887e-07,,5.278535997704487e-06,5.278535997704487e-06
global_fit_ye,GEn,Ye,749.89,4.339657588788192e-07,,5.172651437780407e-06,5.172651437780407e-06
global_fit_ye,GEn,Ye,758.58,4.2426015238384646e-07,,5.068710012307069e-06,5.068710012307069e-06
global_fit_ye,GEn,Ye,767.36,4.1478488023076654e-07,,4.966957700890278e-06,4.966957700890278e-06
global_fit_ye,GEn,Ye,776.25,4.055141505555901e-07,,4.867106914656151e-06,4.867106914656151e-06
global_fit_ye,GEn,Ye,785.24,3.9645511570317124e-07,,4.769264520275514e-06,4.769264520275514e-06
global_fit_ye,GEn,Ye,794.33,3.876039847259285e-07,,4.6734022987007754e-06,4.6734022987007754e-06
global_fit_ye,GEn,Ye,803.53,3.7894736529636726e-07,,4.579379103308418e-06,4.579379103308418e-06
global_fit_ye,GEn,Ye,812.83,3.7049142056252405e-07,,4.487288024143481e-06,4.487288024143481e-06
global_fit_ye,GEn,Ye,822.24,3.6222342342080274e-07,,4.396991138690704e-06,4.396991138690704e-06
global_fit_ye,GEn,Ye,831.76,3.541403418140264e-07,,4.308470065311639e-06,4.308470065311639e-06
global_fit_ye,GEn,Ye,841.4,3.462307322935412e-07,,4.221602217776632e-06,4.221602217776632e-06
global_fit_ye,GEn,Ye,851.14,3.385083492550416e-07,,4.136571688888361e-06,4.136571688888361e-06
global_fit_ye,GEn,Ye,860.99,3.309614037008141e-07,,4.05325104104984e-06,4.05325104104984e-06
global_fit_ye,GEn,Ye,870.96,3.2357931317404186e-07,,3.9715259966574965e-06,3.9715259966574965e-06
global_fit_ye,GEn,Ye,881.05,3.1635964960451244e-07,,3.891382032504044e-06,3.891382032504044e-06
global_fit_ye,GEn,Ye,891.25,3.0930679757810373e-07,,3.812888375386905e-06,3.812888375386905e-06
global_fit_ye,GEn,Ye,901.57,3.02410885301207e-07,,3.7359369463918337e-06,3.7359369463918337e-06
global_fit_ye,GEn,Ye,912.01,2.956692946552698e-07,,3.660509924709685e-06,3.660509924709685e-06
global_fit_ye,GEn,Ye,922.57,2.8907937685871253e-07,,3.5865887135397316e-06,3.5865887135397316e-06
global_fit_ye,GEn,Ye,933.25,2.826385747700309e-07,,3.514154024120927e-06,3.514154024120927e-06
global_fit_ye,GEn,Ye,944.06,2.7633834015639845e-07,,3.4431130660498084e-06,3.4431130660498084e-06
global_fit_ye,GEn,Ye,954.99,2.7018225967435987e-07,,3.373523418725022e-06,3.373523418725022e-06
global_fit_ye,GEn,Ye,966.05,2.6416212870424177e-07,,3.305295000200303e-06,3.305295000200303e-06
global_fit_ye,GEn,Ye,977.24,2.5827586119949275e-07,,3.238413265063806e-06,3.238413265063806e-06
global_fit_ye,GEn,Ye,988.55,2.5252633112636205e-07,,3.1729259975281114e-06,3.1729259975281114e-06
global_fit_ye,GEn,Ye,1000.0,2.469008995898389e-07,,3.10868691808724e-06,3.10868691808724e-06
global_fit_ye,GEn,Ye,1011.6,2.4139313032779306e-07,,3.0456248120219427e-06,3.0456248120219427e-06
global_fit_ye,GEn,Ye,1023.3,2.3602472928995292e-07,,2.984024822781779e-06,2.984024822781779e-06
global_fit_ye,GEn,Ye,1035.1,2.3079196876786508e-07,,2.9238515739708332e-06,2.9238515739708332e-06
global_fit_ye,GEn,Ye,1047.1,2.2564827583571222e-07,,2.8645249775268953e-06,2.8645249775268953e-06
global_fit_ye,GEn,Ye,1059.3,2.205943676462678e-07,,2.8060625958458192e-06,2.8060625958458192e-06
global_fit_ye,GEn,Ye,1071.5,2.1571126979232369e-07,,2.749505493283505e-06,2.749505493283505e-06
global_fit_ye,GEn,Ye,1083.9,2.10913635201008e-07,,2.69377645130484e-06,2.69377645130484e-06
global_fit_ye,GEn,Ye,1096.5,2.0620188089991948e-07,,2.638889669097394e-06,2.638889669097394e-06
global_fit_ye,GEn,Ye,1109.2,2.0161271286987127e-07,,2.5853221828837186e-06,2.5853221828837186e-06
global_fit_ye,GEn,Ye,1122.0,1.971425736893342e-07,,2.533039445753749e-06,2.533039445753749e-06
global_fit_ye,GEn,Ye,1135.0,1.9275418191513458e-07,,2.4815711345009728e-06,2.4815711345009728e-06
global_fit_ye,GEn,Ye,1148.2,1.8844765437039574e-07,,2.4309256410581306e-06,2.4309256410581306e-06
global_fit_ye,GEn,Ye,1161.4,1.8428635364918354e-07,,2.3819289173439985e-06,2.3819289173439985e-06
global_fit_ye,GEn,Ye,1174.9,1.8017181755914572e-07,,2.3333182226166895e-06,2.3333182226166895e-06
global_fit_ye,GEn,Ye,1188.5,1.761663257681699e-07,,2.2859050718047117e-06,2.2859050718047117e-06
global_fit_ye,GEn,Ye,1202.3,1.722379649085519e-07,,2.2392842140961535e-06,2.2392842140961535e-06
global_fit_ye,GEn,Ye,1216.2,1.6841417636301346e-07,,2.1938190262205376e-06,2.1938190262205376e-06
global_fit_ye,GEn,Ye,1230.3,1.6466499258026053e-07,,2.149127695685199e-06,2.149127695685199e-06
global_fit_ye,GEn,Ye,1244.5,1.6101597285655963e-07,,2.1055500263779296e-06,2.1055500263779296e-06
global_fit_ye,GEn,Ye,1258.9,1.574389769652891e-07,,2.0627259820197187e-06,2.0627259820197187e-06
global_fit_ye,GEn,Ye,1273.5,1.539336548143819e-07,,2.0206562264831673e-06,2.0206562264831673e-06
global_fit_ye,GEn,Ye,1288.2,1.5052274527864843e-07,,1.979646562914576e-06,1.979646562914576e-06
global_fit_ye,GEn,Ye,1303.2,1.4715819982914912e-07,,1.9390712548567305e-06,1.9390712548567305e-06
global_fit_ye,GEn,Ye,1318.3,1.438853464758501e-07,,1.899532291417154e-06,1.899532291417154e-06
global_fit_ye,GEn,Ye,1333.5,1.4070125761395456e-07,,1.8609988736409675e-06,1.8609988736409675e-06
global_fit_ye,GEn,Ye,1349.0,1.3756236162422888e-07,,1.8229003201891857e-06,1.8229003201891857e-06
global_fit_ye,GEn,Ye,1364.6,1.3450944363214137e-07,,1.7857821139064474e-06,1.7857821139064474e-06
global_fit_ye,GEn,Ye,1380.4,1.3152070094199664e-07,,1.7493609973015027e-06,1.7493609973015027e-06
global_fit_ye,GEn,Ye,1396.4,1.2859535179361026e-07,,1.7136317427749262e-06,1.7136317427749262e-06
global_fit_ye,GEn,Ye,1412.5,1.2575042389611422e-07,,1.678826621778053e-06,1.678826621778053e-06
global_fit_ye,GEn,Ye,1428.9,1.2294885515307193e-07,,1.6444571086787094e-06,1.6444571086787094e-06
global_fit_ye,GEn,Ye,1445.4,1.202248752737828e-07,,1.6109842093658506e-06,1.6109842093658506e-06
global_fit_ye,GEn,Ye,1462.2,1.1754374382519771e-07,,1.577948480038419e-06,1.577948480038419e-06
global_fit_ye,GEn,Ye,1479.1,1.1493729052362781e-07,,1.5457814186756551e-06,1.5457814186756551e-06
global_fit_ye,GEn,Ye,1496.2,1.1238804163274453e-07,,1.514253272754114e-06,1.514253272754114e-06
global_fit_ye,GEn,Ye,1513.6,1.0988057036426539e-07,,1.4831603516494243e-06,1.4831603516494243e-06
global_fit_ye,GEn,Ye,1531.1,1.0744346119880433e-07,,1.4528927918156155e-06,1.4528927918156155e-06
global_fit_ye,GEn,Ye,1548.8,1.0506080366937559e-07,,1.4232401565360318e-06,1.4232401565360318e-06
global_fit_ye,GEn,Ye,1566.8,1.0271854073486354e-07,,1.3940163827535485e-06,1.3940163827535485e-06
global_fit_ye,GEn,Ye,1584.9,1.0044240718988032e-07,,1.365574032048932e-06,1.365574032048932e-06
global_fit_ye,GEn,Ye,1603.2,9.821788052503574e-08,,1.3377206339535737e-06,1.3377206339535737e-06
global_fit_ye,GEn,Ye,1621.8,9.60321563479377e-08,,1.3102860963331594e-06,1.3102860963331594e-06
global_fit_ye,GEn,Ye,1640.6,9.389693367744158e-08,,1.2834326826852361e-06,1.2834326826852361e-06
global_fit_ye,GEn,Ye,1659.6,9.181120383435802e-08,,1.2571507048128987e-06,1.2571507048128987e-06
global_fit_ye,GEn,Ye,1678.8,8.977399819511458e-08,,1.2314305845549628e-06,1.2314305845549628e-06
global_fit_ye,GEn,Ye,1698.2,8.778431561145696e-08,,1.2062625045610451e-06,1.2062625045610451e-06
global_fit_ye,GEn,Ye,1717.9,8.583117261376462e-08,,1.1814991119453903e-06,1.1814991119453903e-06
global_fit_ye,GEn,Ye,1737.8,8.39242716452171e-08,,1.1572765880878582e-06,1.1572765880878582e-06
global_fit_ye,GEn,Ye,1757.9,8.20626150987786e-08,,1.133584987515289e-06,1.133584987515289e-06
global_fit_ye,GEn,Ye,1778.3,8.023617857539846e-08,,1.110289063306529e-06,1.110289063306529e-06
global_fit_ye,GEn,Ye,1798.9,7.845360924215492e-08,,1.08751119910898e-06,1.08751119910898e-06
global_fit_ye,GEn,Ye,1819.7,7.67139119859146e-08,,1.065241184545689e-06,1.065241184545689e-06
global_fit_ye,GEn,Ye,1840.8,7.500795858049195e-08,,1.0433549537274037e-06,1.0433549537274037e-06
global_fit_ye,GEn,Ye,1862.1,7.334347177807317e-08,,1.0219629672185474e-06,1.0219629672185474e-06
global_fit_ye,GEn,Ye,1883.6,7.171944258254496e-08,,1.0010544883418533e-06,1.0010544883418533e-06
global_fit_ye,GEn,Ye,1905.5,7.01202342433793e-08,,9.804134418661572e-07,9.804134418661572e-07
global_fit_ye,GEn,Ye,1927.5,6.856766610500333e-08,,9.603476232968903e-07,9.603476232968903e-07
global_fit_ye,GEn,Ye,1949.8,6.704631077426022e-08,,9.40644245321364e-07,9.40644245321364e-07
global_fit_ye,GEn,Ye,1972.4,6.555591864338026e-08,,9.213017278429249e-07,9.213017278429249e-07
global_fit_ye,GEn,Ye,1995.3,6.409621248077019e-08,,9.023187430335487e-07,9.023187430335487e-07
global_fit_ye,GEn,Ye,2018.4,6.267308500909421e-08,,8.837807179214417e-07,8.837807179214417e-07
global_fit_ye,GEn,Ye,2041.7,6.1285589068382e-08,,8.656770905576831e-07,8.656770905576831e-07
global_fit_ye,GEn,Ye,2065.4,5.992119697900142e-08,,8.478332213117805e-07,8.478332213117805e-07
global_fit_ye,GEn,Ye,2089.3,5.8591390502510896e-08,,8.304132791698653e-07,8.304132791698653e-07
global_fit_ye,GEn,Ye,2113.5,5.7289802497849155e-08,,8.133298577841698e-07,8.133298577841698e-07
global_fit_ye,GEn,Ye,2138.0,5.6016085602554986e-08,,7.965798174512267e-07,7.965798174512267e-07
global_fit_ye,GEn,Ye,2162.7,5.4774918820225055e-08,,7.802322335824364e-07,7.802322335824364e-07
global_fit_ye,GEn,Ye,2187.8,5.355563069122021e-08,,7.64136847508182e-07,7.64136847508182e-07
global_fit_ye,GEn,Ye,2213.1,5.236778248468174e-08,,7.48432181948191e-07,7.48432181948191e-07
global_fit_ye,GEn,Ye,2238.7,5.1205930460899604e-08,,7.330424493841947e-07,7.330424493841947e-07
global_fit_ye,GEn,Ye,2264.6,5.0069654918040586e-08,,7.179638191526571e-07,7.179638191526571e-07
global_fit_ye,GEn,Ye,2290.9,4.895428635207022e-08,,7.031308449095827e-07,7.031308449095827e-07
global_fit_ye,GEn,Ye,2317.4,4.7868090017950545e-08,,6.88664296361407e-07,6.88664296361407e-07
global_fit_ye,GEn,Ye,2344.2,4.68062460667726e-08,,6.744964629536312e-07,6.744964629536312e-07
global_fit_ye,GEn,Ye,2371.4,4.57644454569814e-08,,6.60567315945549e-07,6.60567315945549e-07
global_fit_ye,GEn,Ye,2398.8,4.475012721088444e-08,,6.469856011098206e-07,6.469856011098206e-07
global_fit_ye,GEn,Ye,2426.6,4.3755257388698784e-08,,6.336371758018188e-07,6.336371758018188e-07
global_fit_ye,GEn,Ye,2454.7,4.278325313587504e-08,,6.205728434659758e-07,6.205728434659758e-07
global_fit_ye,GEn,Ye,2483.1,4.1833672786059536e-08,,6.077880082634516e-07,6.077880082634516e-07
global_fit_ye,GEn,Ye,2511.9,4.090281139988806e-08,,5.952304045213316e-07,5.952304045213316e-07
global_fit_ye,GEn,Ye,2541.0,3.9993718819784715e-08,,5.829456848585301e-07,5.829456848585301e-07
global_fit_ye,GEn,Ye,2570.4,3.910592280664528e-08,,5.70928708323558e-07,5.70928708323558e-07
global_fit_ye,GEn,Ye,2600.2,3.8236053183884354e-08,,5.591317243141367e-07,5.591317243141367e-07
global_fit_ye,GEn,Ye,2630.3,3.738680420935367e-08,,5.475952619106315e-07,5.475952619106315e-07
global_fit_ye,GEn,Ye,2660.7,3.655771324001559e-08,,5.363144466371945e-07,5.363144466371945e-07
global_fit_ye,GEn,Ye,2691.5,3.5745696012768397e-08,,5.252449737927366e-07,5.252449737927366e-07
global_fit_ye,GEn,Ye,2722.7,3.495056627604255e-08,,5.14385743306459e-07,5.14385743306459e-07
global_fit_ye,GEn,Ye,2754.2,3.417462752507076e-08,,5.037716764956405e-07,5.037716764956405e-07
global_fit_ye,GEn,Ye,2786.1,3.341503722728288e-08,,4.933621784079383e-07,4.933621784079383e-07
global_fit_ye,GEn,Ye,2818.4,3.267159791178829e-08,,4.831556279340077e-07,4.831556279340077e-07
global_fit_ye,GEn,Ye,2851.0,3.194633708318448e-08,,4.7318311083827946e-07,4.7318311083827946e-07
global_fit_ye,GEn,Ye,2884.0,3.1236650013602355e-08,,4.634074654643354e-07,4.634074654643354e-07
global_fit_ye,GEn,Ye,2917.4,3.054232238545363e-08,,4.5382654958832776e-07,4.5382654958832776e-07
global_fit_ye,GEn,Ye,2951.2,2.986313902586613e-08,,4.4443810726969475e-07,4.4443810726969475e-07
global_fit_ye,GEn,Ye,2985.4,2.9198861487635e-08,,4.352398935535651e-07,4.352398935535651e-07
global_fit_ye,GEn,Ye,3020.0,2.8549269485006545e-08,,4.2622950686597745e-07,4.2622950686597745e-07
global_fit_ye,GEn,Ye,3054.9,2.7915942984335805e-08,,4.1743178125867063e-07,4.1743178125867063e-07
global_fit_ye,GEn,Ye,3090.3,2.7294932841573544e-08,,4.087886404791072e-07,4.087886404791072e-07
global_fit_ye,GEn,Ye,3126.1,2.6687886969494635e-08,,4.0032567763607434e-07,4.0032567763607434e-07
global_fit_ye,GEn,Ye,3162.3,2.6094555665096524e-08,,3.9204025751575147e-07,3.9204025751575147e-07
global_fit_ye,GEn,Ye,3198.9,2.551469785889358e-08,,3.8392954416470223e-07,3.8392954416470223e-07
global_fit_ye,GEn,Ye,3235.9,2.4948061254532056e-08,,3.7599081453828346e-07,3.7599081453828346e-07
global_fit_ye,GEn,Ye,3273.4,2.4392907936385314e-08,,3.6819876825539764e-07,3.6819876825539764e-07
global_fit_ye,GEn,Ye,3311.3,2.3850579498211463e-08,,3.605745433460917e-07,3.605745433460917e-07
global_fit_ye,GEn,Ye,3349.7,2.331943095327913e-08,,3.530940437074473e-07,3.530940437074473e-07
global_fit_ye,GEn,Ye,3388.4,2.2802045263270207e-08,,3.457972531633934e-07,3.457972531633934e-07
global_fit_ye,GEn,Ye,3427.7,2.2294121231472627e-08,,3.3861994442934385e-07,3.3861994442934385e-07
global_fit_ye,GEn,Ye,3467.4,2.1798188920220268e-08,,3.316011178907366e-07,3.316011178907366e-07
global_fit_ye,GEn,Ye,3507.5,2.1313987714765147e-08,,3.2473779603290695e-07,3.2473779603290695e-07
global_fit_ye,GEn,Ye,3548.1,2.084009332647166e-08,,3.1800896464271137e-07,3.1800896464271137e-07
global_fit_ye,GEn,Ye,3589.2,2.037637198629192e-08,,3.114133454490096e-07,3.114133454490096e-07
global_fit_ye,GEn,Ye,3630.8,1.9922681050248046e-08,,3.049494902520949e-07,3.049494902520949e-07
global_fit_ye,GEn,Ye,3672.8,1.9479941759434286e-08,,2.986321685001658e-07,2.986321685001658e-07
global_fit_ye,GEn,Ye,3715.4,1.9045846735476794e-08,,2.9242681857589275e-07,2.9242681857589275e-07
global_fit_ye,GEn,Ye,3758.4,1.862233366653554e-08,,2.863638050691628e-07,2.863638050691628e-07
global_fit_ye,GEn,Ye,3801.9,1.8208192320021682e-08,,2.804252675351943e-07,2.804252675351943e-07
global_fit_ye,GEn,Ye,3845.9,1.78032704443545e-08,,2.74609513218658e-07,2.74609513218658e-07
global_fit_ye,GEn,Ye,3890.5,1.7406518997137228e-08,,2.689009481206642e-07,2.689009481206642e-07
global_fit_ye,GEn,Ye,3935.5,1.701960121769647e-08,,2.6332591171369933e-07,2.6332591171369933e-07
global_fit_ye,GEn,Ye,3981.1,1.6640598314402494e-08,,2.578553287862135e-07,2.578553287862135e-07
global_fit_ye,GEn,Ye,4027.2,1.6270243753984172e-08,,2.525012000483225e-07,2.525012000483225e-07
global_fit_ye,GEn,Ye,4073.8,1.590837278615657e-08,,2.472615550063559e-07,2.472615550063559e-07
global_fit_ye,GEn,Ye,4121.0,1.5554071922619932e-08,,2.421227212224195e-07,2.421227212224195e-07
global_fit_ye,GEn,Ye,4168.7,1.520798164924779e-08,,2.370953192090828e-07,2.370953192090828e-07
global_fit_ye,GEn,Ye,4217.0,1.4869235843586782e-08,,2.3216629537112513e-07,2.3216629537112513e-07
global_fit_ye,GEn,Ye,4265.8,1.453842060952903e-08,,2.2734540245887314e-07,2.2734540245887314e-07
global_fit_ye,GEn,Ye,4315.2,1.4214715254017818e-08,,2.226202987211435e-07,2.226202987211435e-07
global_fit_ye,GEn,Ye,4365.2,1.3898019533935415e-08,,2.179899518117454e-07,2.179899518117454e-07
global_fit_ye,GEn,Ye,4415.7,1.3588848324176441e-08,,2.1346293870958883e-07,2.1346293870958883e-07
global_fit_ye,GEn,Ye,4466.8,1.3286441907594737e-08,,2.090278079830776e-07,2.090278079830776e-07
global_fit_ye,GEn,Ye,4518.6,1.2990121970211266e-08,,2.0467439542365367e-07,2.0467439542365367e-07
global_fit_ye,GEn,Ye,4570.9,1.2700954463872858e-08,,2.0041988211379354e-07,2.0041988211379354e-07
global_fit_ye,GEn,Ye,4623.8,1.2418232555029972e-08,,1.96253675115241e-07,1.96253675115241e-07
global_fit_ye,GEn,Ye,4677.4,1.214133103781059e-08,,1.9216626778373496e-07,1.9216626778373496e-07
global_fit_ye,GEn,Ye,4731.5,1.1871195719350946e-08,,1.8817310536850559e-07,1.8817310536850559e-07
global_fit_ye,GEn,Ye,4786.3,1.1606694052535254e-08,,1.8425665937777417e-07,1.8425665937777417e-07
global_fit_ye,GEn,Ye,4841.7,1.134823006534716e-08,,1.8042378137037265e-07,1.8042378137037265e-07
global_fit_ye,GEn,Ye,4897.8,1.109523976378546e-08,,1.766658994313841e-07,1.766658994313841e-07
global_fit_ye,GEn,Ye,4954.5,1.0848093129384948e-08,,1.729892540568265e-07,1.729892540568265e-07
global_fit_ye,GEn,Ye,5011.9,1.0606250164485863e-08,,1.6938570475813503e-07,1.6938570475813503e-07
global_fit_ye,GEn,Ye,5069.9,1.0370049997239884e-08,,1.65860992810639e-07,1.65860992810639e-07
global_fit_ye,GEn,Ye,5128.6,1.0138981860363985e-08,,1.6240733293627503e-07,1.6240733293627503e-07
global_fit_ye,GEn,Ye,5188.0,9.912966954159704e-09,,1.5902389981443574e-07,1.5902389981443574e-07
global_fit_ye,GEn,Ye,5248.1,9.6919322989326e-09,,1.5570979339565857e-07,1.5570979339565857e-07
global_fit_ye,GEn,Ye,5308.8,9.476156357341161e-09,,1.524698439311053e-07,1.524698439311053e-07
global_fit_ye,GEn,Ye,5370.3,9.264829991160658e-09,,1.4929145707258183e-07,1.4929145707258183e-07
global_fit_ye,GEn,Ye,5432.5,9.058245247521931e-09,,1.4617958114304549e-07,1.4617958114304549e-07
global_fit_ye,GEn,Ye,5495.4,8.856318652907715e-09,,1.4313322774574958e-07,1.4313322774574958e-07
global_fit_ye,GEn,Ye,5559.0,8.65896783685048e-09,,1.4015140624411658e-07,1.4015140624411658e-07
global_fit_ye,GEn,Ye,5623.4,8.465808869626942e-09,,1.3722821286187653e-07,1.3722821286187653e-07
global_fit_ye,GEn,Ye,5688.5,8.277081325447027e-09,,1.3436777271170106e-07,1.3436777271170106e-07
global_fit_ye,GEn,Ye,5754.4,8.092416438502959e-09,,1.315644994076958e-07,1.315644994076958e-07
global_fit_ye,GEn,Ye,5821.0,7.912031501299411e-09,,1.2882215802390608e-07,1.2882215802390608e-07
global_fit_ye,GEn,Ye,5888.4,7.735578650365195e-09,,1.2613537723026644e-07,1.2613537723026644e-07
global_fit_ye,GEn,Ye,5956.6,7.562998022397034e-09,,1.2350350717234162e-07,1.2350350717234162e-07
global_fit_ye,GEn,Ye,6025.6,7.394232711978986e-09,,1.2092579885006076e-07,1.2092579885006076e-07
global_fit_ye,GEn,Ye,6095.4,7.229218992789441e-09,,1.1840156445260626e-07,1.1840156445260626e-07
global_fit_ye,GEn,Ye,6166.0,7.067896414547257e-09,,1.1593002495930089e-07,1.1593002495930089e-07
global_fit_ye,GEn,Ye,6237.3,6.910423881369394e-09,,1.135140636054973e-07,1.135140636054973e-07
global_fit_ye,GEn,Ye,6309.6,6.756073468022223e-09,,1.1114196386708428e-07,1.1114196386708428e-07
global_fit_ye,GEn,Ye,6382.6,6.6054448667188966e-09,,1.0882385774728676e-07,1.0882385774728676e-07
global_fit_ye,GEn,Ye,6456.5,6.458052522969604e-09,,1.0655199511272137e-07,1.0655199511272137e-07
global_fit_ye,GEn,Ye,6531.3,6.313853541262731e-09,,1.0432587385887061e-07,1.0432587385887061e-07
global_fit_ye,GEn,Ye,6606.9,6.172989177236037e-09,,1.0214805611704521e-07,1.0214805611704521e-07
global_fit_ye,GEn,Ye,6683.4,6.035212104011599e-09,,1.0001468592777403e-07,1.0001468592777403e-07
global_fit_ye,GEn,Ye,6760.8,5.9004751226892e-09,,9.792521919500801e-08,9.792521919500801e-08
global_fit_ye,GEn,Ye,6839.1,5.768731169158964e-09,,9.587904677629755e-08,9.587904677629755e-08
global_fit_ye,GEn,Ye,6918.3,5.6399301822582105e-09,,9.387557558469583e-08,9.387557558469583e-08
global_fit_ye,GEn,Ye,6998.4,5.514023605438075e-09,,9.191418595207625e-08,9.191418595207625e-08
global_fit_ye,GEn,Ye,7079.5,5.390806968556763e-09,,8.999170289515378e-08,8.999170289515378e-08
global_fit_ye,GEn,Ye,7161.4,5.270541463293136e-09,,8.811264809792279e-08,8.811264809792279e-08
global_fit_ye,GEn,Ye,7244.4,5.152733222858401e-09,,8.626897869320897e-08,8.626897869320897e-08
global_fit_ye,GEn,Ye,7328.2,5.0377732421167494e-09,,8.446740730282077e-08,8.446740730282077e-08
global_fit_ye,GEn,Ye,7413.1,4.925195175210255e-09,,8.270033679651445e-08,8.270033679651445e-08
global_fit_ye,GEn,Ye,7498.9,4.815232909691107e-09,,8.097183671518165e-08,8.097183671518165e-08
global_fit_ye,GEn,Ye,7585.8,4.707584982665158e-09,,7.927703122848454e-08,7.927703122848454e-08
global_fit_ye,GEn,Ye,7673.6,4.602463298178906e-09,,7.761967177665793e-08,7.761967177665793e-08
global_fit_ye,GEn,Ye,7762.5,4.499585092666872e-09,,7.599514102204109e-08,7.599514102204109e-08
global_fit_ye,GEn,Ye,7852.4,4.399032577848e-09,,7.440498595315672e-08,7.440498595315672e-08
global_fit_ye,GEn,Ye,7943.3,4.300763608005407e-09,,7.284868773466772e-08,7.284868773466772e-08
global_fit_ye,GEn,Ye,8035.3,4.204633570610821e-09,,7.132391191965891e-08,7.132391191965891e-08
global_fit_ye,GEn,Ye,8128.3,4.110711577996051e-09,,6.983202156896375e-08,6.983202156896375e-08
global_fit_ye,GEn,Ye,8222.4,4.01885698051117e-09,,6.837077027456866e-08,6.837077027456866e-08
global_fit_ye,GEn,Ye,8317.6,3.929038247449574e-09,,6.693976240835174e-08,6.693976240835174e-08
global_fit_ye,GEn,Ye,8414.0,3.841131193462382e-09,,6.553703117189687e-08,6.553703117189687e-08
global_fit_ye,GEn,Ye,8511.4,3.755288107355732e-09,,6.416530718522811e-08,6.416530718522811e-08
global_fit_ye,GEn,Ye,8609.9,3.6713800913925743e-09,,6.282255078145379e-08,6.282255078145379e-08
global_fit_ye,GEn,Ye,8709.6,3.589291384775315e-09,,6.150689057378537e-08,6.150689057378537e-08
global_fit_ye,GEn,Ye,8810.5,3.5089959982013795e-09,,6.021802385101393e-08,6.021802385101393e-08
global_fit_ye,GEn,Ye,8912.5,3.4305442097157687e-09,,5.8956942377919106e-08,5.8956942377919106e-08
global_fit_ye,GEn,Ye,9015.7,3.353825947238119e-09,,5.7721887894274906e-08,5.7721887894274906e-08
global_fit_ye,GEn,Ye,9120.1,3.278814289191574e-09,,5.651250941399103e-08,5.651250941399103e-08
global_fit_ye,GEn,Ye,9225.7,3.2054806265103873e-09,,5.532845164881087e-08,5.532845164881087e-08
global_fit_ye,GEn,Ye,9332.5,3.133797195189882e-09,,5.416933829154798e-08,5.416933829154798e-08
global_fit_ye,GEn,Ye,9440.6,3.063670419158155e-09,,5.303367376744241e-08,5.303367376744241e-08
global_fit_ye,GEn,Ye,9549.9,2.995140101841307e-09,,5.192226357267444e-08,5.192226357267444e-08
global_fit_ye,GEn,Ye,9660.5,2.9281163862265334e-09,,5.0833662144247655e-08,5.0833662144247655e-08
global_fit_ye,GEn,Ye,9772.4,2.862576570666996e-09,,4.976757878849749e-08,4.976757878849749e-08
global_fit_ye,GEn,Ye,9885.5,2.798553040761507e-09,,4.872469296939459e-08,4.872469296939459e-08
